original order in sheet,IMO number,IMO number [ref],Name,Name [ref],Notes,Other names,Other names [ref],Hull number,Hull number [ref],Status,Researcher,Last updated,Status [ref],Shipowner,Shipowner [ref],Shipowner country/area,Shipowner country/area [ref],Shipbuilder,Shipbuilder [ref],Shipbuilder yard country/area,Shipbuilder yard country/area [ref],Yard location latitude,Yard location longitude,Yard location plus code,Yard location accuracy,Yard location lat/lon [ref],Capacity,Capacity units,Capacity [ref],Cargo type,Cargo type [ref],Vessel type,Vessel type [ref],Propulsion type,Propulsion type [ref],Delivery year,Delivery year [ref],[Original source],Operator/charterer,Operator/charterer [ref],Contract date,Contract date [ref],Price,Price currency,Price [ref]
6,9904704,https://www.igu.org/igu-reports/2025-world-lng-report,Konstantin Posiet,"https://www.shipvault.com/ships/431882, https://shipvaultapi-gjb8c.ondigitalocean.app/api/units/431882","this was part of Arctic LNG 2, which has been sanctioned; IGU originally says 2025 delivery but BL is moving to 2026 for now",,,Hull 045 (Zvezda),https://www.igu.org/igu-reports/2025-world-lng-report,active,GEM,12/31/2024,"https://www.shipvault.com/ships/431882, https://shipvaultapi-gjb8c.ondigitalocean.app/api/units/431882",Smart LNG,https://www.igu.org/igu-reports/2025-world-lng-report,Russia,https://2021-2025.state.gov/imposing-measures-in-response-to-navalnys-death-and-two-years-of-russias-full-scale-war-against-ukraine/,Zvezda Shipbuilding,https://www.igu.org/igu-reports/2025-world-lng-report,Russia,https://www.sskzvezda.ru/,43.12037,132.3456,"48CW+88 Bolshoy Kamen, Primorsky Krai, Russia",exact,"https://www.google.com/maps/place/%D0%A1%D0%A1%D0%9A+%C2%AB%D0%97%D0%B2%D0%B5%D0%B7%D0%B4%D0%B0%C2%BB/@43.121004,132.34029,643m/data=!3m1!1e3!4m15!1m7!2m6!1sZvezda+Shipbuilding!3m4!2s39.890604,+-75.188622!4m2!1d-75.1886219!2d39.8906036!3m6!1s0x5fb3c2dbb55ec52d:0x1380efacbe890818!8m2!3d43.1207847!4d132.3458251!15sChNadmV6ZGEgU2hpcGJ1aWxkaW5nkgEIc2hpcHlhcmTgAQA!16s%2Fg%2F11f03_n1zt?entry=ttu&g_ep=EgoyMDI1MTIwMi4wIKXMDSoASAFQAw%3D%3D",172600,cbm,https://www.igu.org/igu-reports/2025-world-lng-report,membrane,"https://www.gtt.fr/news/gtt-receives-order-zvezda-tank-design-five-arc7-ice-breaking-lng-carriers, https://www.gtt.fr/news/gtt-entrusted-zvezda-tank-design-ten-arc7-ice-breaking-lng-carriers, https://www.rivieramm.com/news-content-hub/news-content-hub/gtt-tanks-chosen-for-first-15-russian-built-arctic-lng-carriers-61483",icebreaker,"https://www.novatek.ru/en/press/releases/index.php?id_4=4224, https://www.lngindustry.com/lng-shipping/11022020/smart-lng-signs-agreement-for-financing-of-icebreaking-lng-carriers/",DFDE,https://www.igu.org/igu-reports/2025-world-lng-report,2026,https://www.rivieramm.com/news-content-hub/news-content-hub/fleet-of-ice-breaking-carriers-propel-russiarsquos-arctic-lng-ambitions-61509,IGU,Arctic LNG 2 LLC,"https://www.novatek.ru/en/press/releases/index.php?id_4=4224, https://www.lngindustry.com/lng-shipping/11022020/smart-lng-signs-agreement-for-financing-of-icebreaking-lng-carriers/, https://www.offshore-energy.biz/smart-lng-pens-lease-financing-deal-for-4-lng-carriers/",,,,,
25,9903437,https://www.igu.org/igu-reports/2025-world-lng-report,Atlantic Success,"https://www.shipvault.com/ships/432642, https://shipvaultapi-gjb8c.ondigitalocean.app/api/units/432642",,,,Hull 2316 (SHI),https://www.igu.org/igu-reports/2025-world-lng-report,on order,GEM,12/31/2024,https://www.igu.org/igu-reports/2025-world-lng-report,Sinokor Maritime Co Ltd,https://www.igu.org/igu-reports/2025-world-lng-report,South Korea,"https://www.emis.com/php/company-profile/KR/Sinokor_Maritime_CoLtd_en_3936625.html, https://magicport.ai/owners-managers/south-korea/sinokor-maritime-co-ltd",Samsung Heavy Industries,https://www.igu.org/igu-reports/2025-world-lng-report,South Korea,https://www.samsungshi.com/En/Default.aspx,34.89804,128.6045,"VJW3+QV Geoje-si, Gyeongsangnam-do",exact,https://www.google.com/maps/place/Samsung+Heavy+industries/data=!3m1!1e3!4m10!1m2!2m1!1ssamsung+heavy+industries!3m6!1s0x356ecd83691a8fb5:0xd4204e9a1bb0ef10!8m2!3d34.8969682!4d128.6046376!15sChhzYW1zdW5nIGhlYXZ5IGluZHVzdHJpZXOSAQhzaGlweWFyZOABAA!16s%2Fg%2F1tgcpry6?entry=ttu&g_ep=EgoyMDI1MTIwMi4wIKXMDSoASAFQAw%3D%3D,174000,cbm,https://www.igu.org/igu-reports/2025-world-lng-report,membrane,inferred,conventional,inferred,X-DF,https://www.igu.org/igu-reports/2025-world-lng-report,2026,https://www.igu.org/igu-reports/2025-world-lng-report,IGU,,,,,,,
43,9970569,https://www.igu.org/igu-reports/2025-world-lng-report,Venture Pelican,"https://www.shipvault.com/ships/455308, https://shipvaultapi-gjb8c.ondigitalocean.app/api/units/455308",,,,Hull 2541 (Hanwha),https://www.igu.org/igu-reports/2025-world-lng-report,active,GEM,12/31/2024,"https://www.shipvault.com/ships/455308, https://shipvaultapi-gjb8c.ondigitalocean.app/api/units/455308",Venture Global,https://www.igu.org/igu-reports/2025-world-lng-report,,,Hanwha Ocean,https://www.igu.org/igu-reports/2025-world-lng-report,South Korea,https://www.hanwha.com/companies/hanwha-ocean.do,34.87385,128.6966,"VMCW+V7 Geoje-si, Gyeongsangnam-do",exact,https://www.google.com/maps/place/Hanwha+Ocean/data=!3m1!1e3!4m10!1m2!2m1!1sHanwha+Ocean!3m6!1s0x356ecd1d7a72f7db:0x3bfe90e7d8bf93f0!8m2!3d34.8721913!4d128.6956963!15sCgxIYW53aGEgT2NlYW5aDiIMaGFud2hhIG9jZWFukgEfc2hpcGJ1aWxkaW5nX2FuZF9yZXBhaXJfY29tcGFueZoBI0NoWkRTVWhOTUc5blMwVkpRMEZuVFVSUmRYVkVTMWhuRUFF4AEA-gEECAAQLA!16s%2Fg%2F11swmd6_76?entry=ttu&g_ep=EgoyMDI1MTIwMi4wIKXMDSoASAFQAw%3D%3D,200000,cbm,https://www.igu.org/igu-reports/2025-world-lng-report,,,,,ME-GI,https://www.igu.org/igu-reports/2025-world-lng-report,2025,"https://www.shipvault.com/ships/455308, https://shipvaultapi-gjb8c.ondigitalocean.app/api/units/455308",IGU,,,,,,,
44,9970571,https://www.igu.org/igu-reports/2025-world-lng-report,Venture Iberia,"https://www.shipvault.com/ships/455309, https://shipvaultapi-gjb8c.ondigitalocean.app/api/units/455309",,,,Hull 2542 (Hanwha),https://www.igu.org/igu-reports/2025-world-lng-report,active,GEM,12/31/2024,"https://www.shipvault.com/ships/455309, https://shipvaultapi-gjb8c.ondigitalocean.app/api/units/455309",Venture Global,https://www.igu.org/igu-reports/2025-world-lng-report,,,Hanwha Ocean,https://www.igu.org/igu-reports/2025-world-lng-report,South Korea,https://www.hanwha.com/companies/hanwha-ocean.do,34.87385,128.6966,"VMCW+V7 Geoje-si, Gyeongsangnam-do",exact,https://www.google.com/maps/place/Hanwha+Ocean/data=!3m1!1e3!4m10!1m2!2m1!1sHanwha+Ocean!3m6!1s0x356ecd1d7a72f7db:0x3bfe90e7d8bf93f0!8m2!3d34.8721913!4d128.6956963!15sCgxIYW53aGEgT2NlYW5aDiIMaGFud2hhIG9jZWFukgEfc2hpcGJ1aWxkaW5nX2FuZF9yZXBhaXJfY29tcGFueZoBI0NoWkRTVWhOTUc5blMwVkpRMEZuVFVSUmRYVkVTMWhuRUFF4AEA-gEECAAQLA!16s%2Fg%2F11swmd6_76?entry=ttu&g_ep=EgoyMDI1MTIwMi4wIKXMDSoASAFQAw%3D%3D,200000,cbm,https://www.igu.org/igu-reports/2025-world-lng-report,,,,,ME-GI,https://www.igu.org/igu-reports/2025-world-lng-report,2025,"https://www.shipvault.com/ships/455309, https://shipvaultapi-gjb8c.ondigitalocean.app/api/units/455309",IGU,,,,,,,
45,9970583,https://www.igu.org/igu-reports/2025-world-lng-report,Venture Cameron,"https://www.shipvault.com/ships/455310, https://shipvaultapi-gjb8c.ondigitalocean.app/api/units/455310",,,,Hull 2543 (Hanwha),https://www.igu.org/igu-reports/2025-world-lng-report,active,GEM,12/31/2024,"https://www.shipvault.com/ships/455310, https://shipvaultapi-gjb8c.ondigitalocean.app/api/units/455310",Venture Global,https://www.igu.org/igu-reports/2025-world-lng-report,,,Hanwha Ocean,https://www.igu.org/igu-reports/2025-world-lng-report,South Korea,https://www.hanwha.com/companies/hanwha-ocean.do,34.87385,128.6966,"VMCW+V7 Geoje-si, Gyeongsangnam-do",exact,https://www.google.com/maps/place/Hanwha+Ocean/data=!3m1!1e3!4m10!1m2!2m1!1sHanwha+Ocean!3m6!1s0x356ecd1d7a72f7db:0x3bfe90e7d8bf93f0!8m2!3d34.8721913!4d128.6956963!15sCgxIYW53aGEgT2NlYW5aDiIMaGFud2hhIG9jZWFukgEfc2hpcGJ1aWxkaW5nX2FuZF9yZXBhaXJfY29tcGFueZoBI0NoWkRTVWhOTUc5blMwVkpRMEZuVFVSUmRYVkVTMWhuRUFF4AEA-gEECAAQLA!16s%2Fg%2F11swmd6_76?entry=ttu&g_ep=EgoyMDI1MTIwMi4wIKXMDSoASAFQAw%3D%3D,200000,cbm,https://www.igu.org/igu-reports/2025-world-lng-report,,,,,ME-GI,https://www.igu.org/igu-reports/2025-world-lng-report,2026,https://www.igu.org/igu-reports/2025-world-lng-report,IGU,,,,,,,
47,9976939,https://www.igu.org/igu-reports/2025-world-lng-report,Al Kharrarah,"https://www.shipvault.com/ships/457495, https://shipvaultapi-gjb8c.ondigitalocean.app/api/units/457495",,,,Hull 2549 (Hanwha),https://www.igu.org/igu-reports/2025-world-lng-report,active,GEM,12/31/2024,"https://www.shipvault.com/ships/457495, https://shipvaultapi-gjb8c.ondigitalocean.app/api/units/457495",K3 Consortium,https://www.igu.org/igu-reports/2025-world-lng-report,,,Hanwha Ocean,https://www.igu.org/igu-reports/2025-world-lng-report,South Korea,https://www.hanwha.com/companies/hanwha-ocean.do,34.87385,128.6966,"VMCW+V7 Geoje-si, Gyeongsangnam-do",exact,https://www.google.com/maps/place/Hanwha+Ocean/data=!3m1!1e3!4m10!1m2!2m1!1sHanwha+Ocean!3m6!1s0x356ecd1d7a72f7db:0x3bfe90e7d8bf93f0!8m2!3d34.8721913!4d128.6956963!15sCgxIYW53aGEgT2NlYW5aDiIMaGFud2hhIG9jZWFukgEfc2hpcGJ1aWxkaW5nX2FuZF9yZXBhaXJfY29tcGFueZoBI0NoWkRTVWhOTUc5blMwVkpRMEZuVFVSUmRYVkVTMWhuRUFF4AEA-gEECAAQLA!16s%2Fg%2F11swmd6_76?entry=ttu&g_ep=EgoyMDI1MTIwMi4wIKXMDSoASAFQAw%3D%3D,174000,cbm,https://www.igu.org/igu-reports/2025-world-lng-report,,,,,ME-GA,https://www.igu.org/igu-reports/2025-world-lng-report,2025,"https://www.shipvault.com/ships/457495, https://shipvaultapi-gjb8c.ondigitalocean.app/api/units/457495",IGU,,,,,,,
48,9970674,https://www.igu.org/igu-reports/2025-world-lng-report,Archy Vanguard,"https://www.shipvault.com/ships/464056, https://shipvaultapi-gjb8c.ondigitalocean.app/api/units/464056",,,,Hull 2550 (Hanwha),https://www.igu.org/igu-reports/2025-world-lng-report,active,GEM,12/31/2024,"https://www.shipvault.com/ships/464056, https://shipvaultapi-gjb8c.ondigitalocean.app/api/units/464056",MOL,https://www.igu.org/igu-reports/2025-world-lng-report,,,Hanwha Ocean,https://www.igu.org/igu-reports/2025-world-lng-report,South Korea,https://www.hanwha.com/companies/hanwha-ocean.do,34.87385,128.6966,"VMCW+V7 Geoje-si, Gyeongsangnam-do",exact,https://www.google.com/maps/place/Hanwha+Ocean/data=!3m1!1e3!4m10!1m2!2m1!1sHanwha+Ocean!3m6!1s0x356ecd1d7a72f7db:0x3bfe90e7d8bf93f0!8m2!3d34.8721913!4d128.6956963!15sCgxIYW53aGEgT2NlYW5aDiIMaGFud2hhIG9jZWFukgEfc2hpcGJ1aWxkaW5nX2FuZF9yZXBhaXJfY29tcGFueZoBI0NoWkRTVWhOTUc5blMwVkpRMEZuVFVSUmRYVkVTMWhuRUFF4AEA-gEECAAQLA!16s%2Fg%2F11swmd6_76?entry=ttu&g_ep=EgoyMDI1MTIwMi4wIKXMDSoASAFQAw%3D%3D,174000,cbm,https://www.igu.org/igu-reports/2025-world-lng-report,,,,,ME-GA,https://www.igu.org/igu-reports/2025-world-lng-report,2025,"https://www.shipvault.com/ships/464056, https://shipvaultapi-gjb8c.ondigitalocean.app/api/units/464056",IGU,,,,,,,
49,9970686,https://www.igu.org/igu-reports/2025-world-lng-report,Harmonic Breeze,"https://www.shipvault.com/ships/459086, https://shipvaultapi-gjb8c.ondigitalocean.app/api/units/459086",IGU says 2025 delivery but public sources say 2026,,,Hull 2551 (Hanwha),https://www.igu.org/igu-reports/2025-world-lng-report,active,GEM,12/18/2025,"https://www.shipvault.com/ships/459086, https://shipvaultapi-gjb8c.ondigitalocean.app/api/units/459086",MOL,https://www.igu.org/igu-reports/2025-world-lng-report,,,Hanwha Ocean,https://www.igu.org/igu-reports/2025-world-lng-report,South Korea,https://www.hanwha.com/companies/hanwha-ocean.do,34.87385,128.6966,"VMCW+V7 Geoje-si, Gyeongsangnam-do",exact,https://www.google.com/maps/place/Hanwha+Ocean/data=!3m1!1e3!4m10!1m2!2m1!1sHanwha+Ocean!3m6!1s0x356ecd1d7a72f7db:0x3bfe90e7d8bf93f0!8m2!3d34.8721913!4d128.6956963!15sCgxIYW53aGEgT2NlYW5aDiIMaGFud2hhIG9jZWFukgEfc2hpcGJ1aWxkaW5nX2FuZF9yZXBhaXJfY29tcGFueZoBI0NoWkRTVWhOTUc5blMwVkpRMEZuVFVSUmRYVkVTMWhuRUFF4AEA-gEECAAQLA!16s%2Fg%2F11swmd6_76?entry=ttu&g_ep=EgoyMDI1MTIwMi4wIKXMDSoASAFQAw%3D%3D,174000,cbm,https://www.igu.org/igu-reports/2025-world-lng-report,,,,,ME-GA,https://www.igu.org/igu-reports/2025-world-lng-report,2026,https://system.new-vessels.com/Ship-15954543-.html,IGU,,,,,,,
50,9974606,https://www.igu.org/igu-reports/2025-world-lng-report,Lake Modro,"https://www.shipvault.com/ships/457498, https://shipvaultapi-gjb8c.ondigitalocean.app/api/units/457498",,,,Hull 2552 (Hanwha),https://www.igu.org/igu-reports/2025-world-lng-report,active,GEM,12/31/2024,"https://www.shipvault.com/ships/457498, https://shipvaultapi-gjb8c.ondigitalocean.app/api/units/457498",Maran Gas Maritime,https://www.igu.org/igu-reports/2025-world-lng-report,,,Hanwha Ocean,https://www.igu.org/igu-reports/2025-world-lng-report,South Korea,https://www.hanwha.com/companies/hanwha-ocean.do,34.87385,128.6966,"VMCW+V7 Geoje-si, Gyeongsangnam-do",exact,https://www.google.com/maps/place/Hanwha+Ocean/data=!3m1!1e3!4m10!1m2!2m1!1sHanwha+Ocean!3m6!1s0x356ecd1d7a72f7db:0x3bfe90e7d8bf93f0!8m2!3d34.8721913!4d128.6956963!15sCgxIYW53aGEgT2NlYW5aDiIMaGFud2hhIG9jZWFukgEfc2hpcGJ1aWxkaW5nX2FuZF9yZXBhaXJfY29tcGFueZoBI0NoWkRTVWhOTUc5blMwVkpRMEZuVFVSUmRYVkVTMWhuRUFF4AEA-gEECAAQLA!16s%2Fg%2F11swmd6_76?entry=ttu&g_ep=EgoyMDI1MTIwMi4wIKXMDSoASAFQAw%3D%3D,174000,cbm,https://www.igu.org/igu-reports/2025-world-lng-report,,,,,ME-GI,https://www.igu.org/igu-reports/2025-world-lng-report,2026,https://www.igu.org/igu-reports/2025-world-lng-report,IGU,,,,,,,
51,9974618,https://www.igu.org/igu-reports/2025-world-lng-report,Lake Morskie Oko,"https://www.shipvault.com/ships/457499, https://shipvaultapi-gjb8c.ondigitalocean.app/api/units/457499",,,,Hull 2553 (Hanwha),https://www.igu.org/igu-reports/2025-world-lng-report,active,GEM,12/31/2024,"https://www.shipvault.com/ships/457499, https://shipvaultapi-gjb8c.ondigitalocean.app/api/units/457499",Maran Gas Maritime,https://www.igu.org/igu-reports/2025-world-lng-report,,,Hanwha Ocean,https://www.igu.org/igu-reports/2025-world-lng-report,South Korea,https://www.hanwha.com/companies/hanwha-ocean.do,34.87385,128.6966,"VMCW+V7 Geoje-si, Gyeongsangnam-do",exact,https://www.google.com/maps/place/Hanwha+Ocean/data=!3m1!1e3!4m10!1m2!2m1!1sHanwha+Ocean!3m6!1s0x356ecd1d7a72f7db:0x3bfe90e7d8bf93f0!8m2!3d34.8721913!4d128.6956963!15sCgxIYW53aGEgT2NlYW5aDiIMaGFud2hhIG9jZWFukgEfc2hpcGJ1aWxkaW5nX2FuZF9yZXBhaXJfY29tcGFueZoBI0NoWkRTVWhOTUc5blMwVkpRMEZuVFVSUmRYVkVTMWhuRUFF4AEA-gEECAAQLA!16s%2Fg%2F11swmd6_76?entry=ttu&g_ep=EgoyMDI1MTIwMi4wIKXMDSoASAFQAw%3D%3D,174000,cbm,https://www.igu.org/igu-reports/2025-world-lng-report,,,,,ME-GI,https://www.igu.org/igu-reports/2025-world-lng-report,2026,https://www.igu.org/igu-reports/2025-world-lng-report,IGU,,,,,,,
53,9986051,https://www.igu.org/igu-reports/2025-world-lng-report,Al Sakhamah,"https://www.shipvault.com/ships/465038, https://shipvaultapi-gjb8c.ondigitalocean.app/api/units/465038",,,,Hull 2559 (Hanwha),https://www.igu.org/igu-reports/2025-world-lng-report,active,GEM,12/31/2024,"https://www.shipvault.com/ships/465038, https://shipvaultapi-gjb8c.ondigitalocean.app/api/units/465038",K3 Consortium,https://www.igu.org/igu-reports/2025-world-lng-report,,,Hanwha Ocean,https://www.igu.org/igu-reports/2025-world-lng-report,South Korea,https://www.hanwha.com/companies/hanwha-ocean.do,34.87385,128.6966,"VMCW+V7 Geoje-si, Gyeongsangnam-do",exact,https://www.google.com/maps/place/Hanwha+Ocean/data=!3m1!1e3!4m10!1m2!2m1!1sHanwha+Ocean!3m6!1s0x356ecd1d7a72f7db:0x3bfe90e7d8bf93f0!8m2!3d34.8721913!4d128.6956963!15sCgxIYW53aGEgT2NlYW5aDiIMaGFud2hhIG9jZWFukgEfc2hpcGJ1aWxkaW5nX2FuZF9yZXBhaXJfY29tcGFueZoBI0NoWkRTVWhOTUc5blMwVkpRMEZuVFVSUmRYVkVTMWhuRUFF4AEA-gEECAAQLA!16s%2Fg%2F11swmd6_76?entry=ttu&g_ep=EgoyMDI1MTIwMi4wIKXMDSoASAFQAw%3D%3D,174000,cbm,https://www.igu.org/igu-reports/2025-world-lng-report,,,,,ME-GA,https://www.igu.org/igu-reports/2025-world-lng-report,2025,"https://www.shipvault.com/ships/465038, https://shipvaultapi-gjb8c.ondigitalocean.app/api/units/465038",IGU,,,,,,,
54,9986104,https://www.igu.org/igu-reports/2025-world-lng-report,Al Galayel,"https://www.shipvault.com/ships/465040, https://shipvaultapi-gjb8c.ondigitalocean.app/api/units/465040",,,,Hull 2561 (Hanwha),https://www.igu.org/igu-reports/2025-world-lng-report,active,GEM,12/31/2024,"https://www.shipvault.com/ships/465040, https://shipvaultapi-gjb8c.ondigitalocean.app/api/units/465040",K3 Consortium,https://www.igu.org/igu-reports/2025-world-lng-report,,,Hanwha Ocean,https://www.igu.org/igu-reports/2025-world-lng-report,South Korea,https://www.hanwha.com/companies/hanwha-ocean.do,34.87385,128.6966,"VMCW+V7 Geoje-si, Gyeongsangnam-do",exact,https://www.google.com/maps/place/Hanwha+Ocean/data=!3m1!1e3!4m10!1m2!2m1!1sHanwha+Ocean!3m6!1s0x356ecd1d7a72f7db:0x3bfe90e7d8bf93f0!8m2!3d34.8721913!4d128.6956963!15sCgxIYW53aGEgT2NlYW5aDiIMaGFud2hhIG9jZWFukgEfc2hpcGJ1aWxkaW5nX2FuZF9yZXBhaXJfY29tcGFueZoBI0NoWkRTVWhOTUc5blMwVkpRMEZuVFVSUmRYVkVTMWhuRUFF4AEA-gEECAAQLA!16s%2Fg%2F11swmd6_76?entry=ttu&g_ep=EgoyMDI1MTIwMi4wIKXMDSoASAFQAw%3D%3D,174000,cbm,https://www.igu.org/igu-reports/2025-world-lng-report,,,,,ME-GA,https://www.igu.org/igu-reports/2025-world-lng-report,2025,"https://www.shipvault.com/ships/465040, https://shipvaultapi-gjb8c.ondigitalocean.app/api/units/465040",IGU,,,,,,,
55,9986063,https://www.igu.org/igu-reports/2025-world-lng-report,Bu Nakhlah,"https://www.shipvault.com/ships/465041, https://shipvaultapi-gjb8c.ondigitalocean.app/api/units/465041",,,,Hull 2562 (Hanwha),https://www.igu.org/igu-reports/2025-world-lng-report,active,GEM,12/31/2024,"https://www.shipvault.com/ships/465041, https://shipvaultapi-gjb8c.ondigitalocean.app/api/units/465041",K3 Consortium,https://www.igu.org/igu-reports/2025-world-lng-report,,,Hanwha Ocean,https://www.igu.org/igu-reports/2025-world-lng-report,South Korea,https://www.hanwha.com/companies/hanwha-ocean.do,34.87385,128.6966,"VMCW+V7 Geoje-si, Gyeongsangnam-do",exact,https://www.google.com/maps/place/Hanwha+Ocean/data=!3m1!1e3!4m10!1m2!2m1!1sHanwha+Ocean!3m6!1s0x356ecd1d7a72f7db:0x3bfe90e7d8bf93f0!8m2!3d34.8721913!4d128.6956963!15sCgxIYW53aGEgT2NlYW5aDiIMaGFud2hhIG9jZWFukgEfc2hpcGJ1aWxkaW5nX2FuZF9yZXBhaXJfY29tcGFueZoBI0NoWkRTVWhOTUc5blMwVkpRMEZuVFVSUmRYVkVTMWhuRUFF4AEA-gEECAAQLA!16s%2Fg%2F11swmd6_76?entry=ttu&g_ep=EgoyMDI1MTIwMi4wIKXMDSoASAFQAw%3D%3D,174000,cbm,https://www.igu.org/igu-reports/2025-world-lng-report,,,,,ME-GA,https://www.igu.org/igu-reports/2025-world-lng-report,2025,"https://www.shipvault.com/ships/465041, https://shipvaultapi-gjb8c.ondigitalocean.app/api/units/465041",IGU,,,,,,,
56,9986099,https://www.igu.org/igu-reports/2025-world-lng-report,Al Sene,"https://www.shipvault.com/ships/465042, https://shipvaultapi-gjb8c.ondigitalocean.app/api/units/465042",,,,Hull 2563 (Hanwha),https://www.igu.org/igu-reports/2025-world-lng-report,active,GEM,12/31/2024,"https://www.shipvault.com/ships/465042, https://shipvaultapi-gjb8c.ondigitalocean.app/api/units/465042",K3 Consortium,https://www.igu.org/igu-reports/2025-world-lng-report,,,Hanwha Ocean,https://www.igu.org/igu-reports/2025-world-lng-report,South Korea,https://www.hanwha.com/companies/hanwha-ocean.do,34.87385,128.6966,"VMCW+V7 Geoje-si, Gyeongsangnam-do",exact,https://www.google.com/maps/place/Hanwha+Ocean/data=!3m1!1e3!4m10!1m2!2m1!1sHanwha+Ocean!3m6!1s0x356ecd1d7a72f7db:0x3bfe90e7d8bf93f0!8m2!3d34.8721913!4d128.6956963!15sCgxIYW53aGEgT2NlYW5aDiIMaGFud2hhIG9jZWFukgEfc2hpcGJ1aWxkaW5nX2FuZF9yZXBhaXJfY29tcGFueZoBI0NoWkRTVWhOTUc5blMwVkpRMEZuVFVSUmRYVkVTMWhuRUFF4AEA-gEECAAQLA!16s%2Fg%2F11swmd6_76?entry=ttu&g_ep=EgoyMDI1MTIwMi4wIKXMDSoASAFQAw%3D%3D,174000,cbm,https://www.igu.org/igu-reports/2025-world-lng-report,,,,,ME-GA,https://www.igu.org/igu-reports/2025-world-lng-report,2025,"https://www.shipvault.com/ships/465042, https://shipvaultapi-gjb8c.ondigitalocean.app/api/units/465042",IGU,,,,,,,
57,9986116,https://www.igu.org/igu-reports/2025-world-lng-report,Shafallah,"https://www.shipvault.com/ships/465043, https://shipvaultapi-gjb8c.ondigitalocean.app/api/units/465043",,,,Hull 2564 (Hanwha),https://www.igu.org/igu-reports/2025-world-lng-report,active,GEM,12/31/2024,"https://www.shipvault.com/ships/465043, https://shipvaultapi-gjb8c.ondigitalocean.app/api/units/465043",K3 Consortium,https://www.igu.org/igu-reports/2025-world-lng-report,,,Hanwha Ocean,https://www.igu.org/igu-reports/2025-world-lng-report,South Korea,https://www.hanwha.com/companies/hanwha-ocean.do,34.87385,128.6966,"VMCW+V7 Geoje-si, Gyeongsangnam-do",exact,https://www.google.com/maps/place/Hanwha+Ocean/data=!3m1!1e3!4m10!1m2!2m1!1sHanwha+Ocean!3m6!1s0x356ecd1d7a72f7db:0x3bfe90e7d8bf93f0!8m2!3d34.8721913!4d128.6956963!15sCgxIYW53aGEgT2NlYW5aDiIMaGFud2hhIG9jZWFukgEfc2hpcGJ1aWxkaW5nX2FuZF9yZXBhaXJfY29tcGFueZoBI0NoWkRTVWhOTUc5blMwVkpRMEZuVFVSUmRYVkVTMWhuRUFF4AEA-gEECAAQLA!16s%2Fg%2F11swmd6_76?entry=ttu&g_ep=EgoyMDI1MTIwMi4wIKXMDSoASAFQAw%3D%3D,174000,cbm,https://www.igu.org/igu-reports/2025-world-lng-report,,,,,ME-GA,https://www.igu.org/igu-reports/2025-world-lng-report,2025,"https://www.shipvault.com/ships/465043, https://shipvaultapi-gjb8c.ondigitalocean.app/api/units/465043",IGU,,,,,,,
58,9986075,https://www.igu.org/igu-reports/2025-world-lng-report,Hasbah,"https://www.shipvault.com/ships/465044, https://shipvaultapi-gjb8c.ondigitalocean.app/api/units/465044",,,,Hull 2565 (Hanwha),https://www.igu.org/igu-reports/2025-world-lng-report,active,GEM,12/31/2024,"https://www.shipvault.com/ships/465044, https://shipvaultapi-gjb8c.ondigitalocean.app/api/units/465044",K3 Consortium,https://www.igu.org/igu-reports/2025-world-lng-report,,,Hanwha Ocean,https://www.igu.org/igu-reports/2025-world-lng-report,South Korea,https://www.hanwha.com/companies/hanwha-ocean.do,34.87385,128.6966,"VMCW+V7 Geoje-si, Gyeongsangnam-do",exact,https://www.google.com/maps/place/Hanwha+Ocean/data=!3m1!1e3!4m10!1m2!2m1!1sHanwha+Ocean!3m6!1s0x356ecd1d7a72f7db:0x3bfe90e7d8bf93f0!8m2!3d34.8721913!4d128.6956963!15sCgxIYW53aGEgT2NlYW5aDiIMaGFud2hhIG9jZWFukgEfc2hpcGJ1aWxkaW5nX2FuZF9yZXBhaXJfY29tcGFueZoBI0NoWkRTVWhOTUc5blMwVkpRMEZuVFVSUmRYVkVTMWhuRUFF4AEA-gEECAAQLA!16s%2Fg%2F11swmd6_76?entry=ttu&g_ep=EgoyMDI1MTIwMi4wIKXMDSoASAFQAw%3D%3D,174000,cbm,https://www.igu.org/igu-reports/2025-world-lng-report,,,,,ME-GA,https://www.igu.org/igu-reports/2025-world-lng-report,2026,https://www.igu.org/igu-reports/2025-world-lng-report,IGU,,,,,,,
60,9991862,https://www.igu.org/igu-reports/2025-world-lng-report,Esteem Cormorant,"https://www.shipvault.com/ships/465046, https://shipvaultapi-gjb8c.ondigitalocean.app/api/units/465046",,,,Hull 2567 (Hanwha),https://www.igu.org/igu-reports/2025-world-lng-report,active,GEM,12/31/2024,"https://www.shipvault.com/ships/465046, https://shipvaultapi-gjb8c.ondigitalocean.app/api/units/465046",Meiji Shipping,https://www.igu.org/igu-reports/2025-world-lng-report,,,Hanwha Ocean,https://www.igu.org/igu-reports/2025-world-lng-report,South Korea,https://www.hanwha.com/companies/hanwha-ocean.do,34.87385,128.6966,"VMCW+V7 Geoje-si, Gyeongsangnam-do",exact,https://www.google.com/maps/place/Hanwha+Ocean/data=!3m1!1e3!4m10!1m2!2m1!1sHanwha+Ocean!3m6!1s0x356ecd1d7a72f7db:0x3bfe90e7d8bf93f0!8m2!3d34.8721913!4d128.6956963!15sCgxIYW53aGEgT2NlYW5aDiIMaGFud2hhIG9jZWFukgEfc2hpcGJ1aWxkaW5nX2FuZF9yZXBhaXJfY29tcGFueZoBI0NoWkRTVWhOTUc5blMwVkpRMEZuVFVSUmRYVkVTMWhuRUFF4AEA-gEECAAQLA!16s%2Fg%2F11swmd6_76?entry=ttu&g_ep=EgoyMDI1MTIwMi4wIKXMDSoASAFQAw%3D%3D,174000,cbm,https://www.igu.org/igu-reports/2025-world-lng-report,,,,,X-DF,https://www.igu.org/igu-reports/2025-world-lng-report,2026,https://www.igu.org/igu-reports/2025-world-lng-report,IGU,,,,,,,
61,9991874,https://www.igu.org/igu-reports/2025-world-lng-report,Esteem Denali,"https://www.shipvault.com/ships/465047, https://shipvaultapi-gjb8c.ondigitalocean.app/api/units/465047",,,,Hull 2568 (Hanwha),https://www.igu.org/igu-reports/2025-world-lng-report,on order,GEM,12/31/2024,https://www.igu.org/igu-reports/2025-world-lng-report,Meiji Shipping,https://www.igu.org/igu-reports/2025-world-lng-report,,,Hanwha Ocean,https://www.igu.org/igu-reports/2025-world-lng-report,South Korea,https://www.hanwha.com/companies/hanwha-ocean.do,34.87385,128.6966,"VMCW+V7 Geoje-si, Gyeongsangnam-do",exact,https://www.google.com/maps/place/Hanwha+Ocean/data=!3m1!1e3!4m10!1m2!2m1!1sHanwha+Ocean!3m6!1s0x356ecd1d7a72f7db:0x3bfe90e7d8bf93f0!8m2!3d34.8721913!4d128.6956963!15sCgxIYW53aGEgT2NlYW5aDiIMaGFud2hhIG9jZWFukgEfc2hpcGJ1aWxkaW5nX2FuZF9yZXBhaXJfY29tcGFueZoBI0NoWkRTVWhOTUc5blMwVkpRMEZuVFVSUmRYVkVTMWhuRUFF4AEA-gEECAAQLA!16s%2Fg%2F11swmd6_76?entry=ttu&g_ep=EgoyMDI1MTIwMi4wIKXMDSoASAFQAw%3D%3D,174000,cbm,https://www.igu.org/igu-reports/2025-world-lng-report,,,,,X-DF,https://www.igu.org/igu-reports/2025-world-lng-report,2026,https://www.igu.org/igu-reports/2025-world-lng-report,IGU,,,,,,,
62,9991903,https://www.igu.org/igu-reports/2025-world-lng-report,Esteem Penguin,"https://www.shipvault.com/ships/465048, https://shipvaultapi-gjb8c.ondigitalocean.app/api/units/465048",,,,Hull 2569 (Hanwha),https://www.igu.org/igu-reports/2025-world-lng-report,on order,GEM,12/31/2024,https://www.igu.org/igu-reports/2025-world-lng-report,Meiji Shipping,https://www.igu.org/igu-reports/2025-world-lng-report,,,Hanwha Ocean,https://www.igu.org/igu-reports/2025-world-lng-report,South Korea,https://www.hanwha.com/companies/hanwha-ocean.do,34.87385,128.6966,"VMCW+V7 Geoje-si, Gyeongsangnam-do",exact,https://www.google.com/maps/place/Hanwha+Ocean/data=!3m1!1e3!4m10!1m2!2m1!1sHanwha+Ocean!3m6!1s0x356ecd1d7a72f7db:0x3bfe90e7d8bf93f0!8m2!3d34.8721913!4d128.6956963!15sCgxIYW53aGEgT2NlYW5aDiIMaGFud2hhIG9jZWFukgEfc2hpcGJ1aWxkaW5nX2FuZF9yZXBhaXJfY29tcGFueZoBI0NoWkRTVWhOTUc5blMwVkpRMEZuVFVSUmRYVkVTMWhuRUFF4AEA-gEECAAQLA!16s%2Fg%2F11swmd6_76?entry=ttu&g_ep=EgoyMDI1MTIwMi4wIKXMDSoASAFQAw%3D%3D,174000,cbm,https://www.igu.org/igu-reports/2025-world-lng-report,,,,,X-DF,https://www.igu.org/igu-reports/2025-world-lng-report,2026,https://www.igu.org/igu-reports/2025-world-lng-report,IGU,,,,,,,
63,9991915,https://www.igu.org/igu-reports/2025-world-lng-report,Seri Dian,"https://www.shipvault.com/ships/465049, https://shipvaultapi-gjb8c.ondigitalocean.app/api/units/465049",,,,Hull 2570 (Hanwha),https://www.igu.org/igu-reports/2025-world-lng-report,active,GEM,12/31/2024,"https://www.shipvault.com/ships/465049, https://shipvaultapi-gjb8c.ondigitalocean.app/api/units/465049",MISC,https://www.igu.org/igu-reports/2025-world-lng-report,,,Hanwha Ocean,https://www.igu.org/igu-reports/2025-world-lng-report,South Korea,https://www.hanwha.com/companies/hanwha-ocean.do,34.87385,128.6966,"VMCW+V7 Geoje-si, Gyeongsangnam-do",exact,https://www.google.com/maps/place/Hanwha+Ocean/data=!3m1!1e3!4m10!1m2!2m1!1sHanwha+Ocean!3m6!1s0x356ecd1d7a72f7db:0x3bfe90e7d8bf93f0!8m2!3d34.8721913!4d128.6956963!15sCgxIYW53aGEgT2NlYW5aDiIMaGFud2hhIG9jZWFukgEfc2hpcGJ1aWxkaW5nX2FuZF9yZXBhaXJfY29tcGFueZoBI0NoWkRTVWhOTUc5blMwVkpRMEZuVFVSUmRYVkVTMWhuRUFF4AEA-gEECAAQLA!16s%2Fg%2F11swmd6_76?entry=ttu&g_ep=EgoyMDI1MTIwMi4wIKXMDSoASAFQAw%3D%3D,174000,cbm,https://www.igu.org/igu-reports/2025-world-lng-report,,,,,X-DF,https://www.igu.org/igu-reports/2025-world-lng-report,2026,https://www.igu.org/igu-reports/2025-world-lng-report,IGU,,,,,,,
64,9991927,https://www.igu.org/igu-reports/2025-world-lng-report,Seri Dayang,"https://www.shipvault.com/ships/465050, https://shipvaultapi-gjb8c.ondigitalocean.app/api/units/465050",,,,Hull 2571 (Hanwha),https://www.igu.org/igu-reports/2025-world-lng-report,active,GEM,12/31/2024,"https://www.shipvault.com/ships/465050, https://shipvaultapi-gjb8c.ondigitalocean.app/api/units/465050",MISC,https://www.igu.org/igu-reports/2025-world-lng-report,,,Hanwha Ocean,https://www.igu.org/igu-reports/2025-world-lng-report,South Korea,https://www.hanwha.com/companies/hanwha-ocean.do,34.87385,128.6966,"VMCW+V7 Geoje-si, Gyeongsangnam-do",exact,https://www.google.com/maps/place/Hanwha+Ocean/data=!3m1!1e3!4m10!1m2!2m1!1sHanwha+Ocean!3m6!1s0x356ecd1d7a72f7db:0x3bfe90e7d8bf93f0!8m2!3d34.8721913!4d128.6956963!15sCgxIYW53aGEgT2NlYW5aDiIMaGFud2hhIG9jZWFukgEfc2hpcGJ1aWxkaW5nX2FuZF9yZXBhaXJfY29tcGFueZoBI0NoWkRTVWhOTUc5blMwVkpRMEZuVFVSUmRYVkVTMWhuRUFF4AEA-gEECAAQLA!16s%2Fg%2F11swmd6_76?entry=ttu&g_ep=EgoyMDI1MTIwMi4wIKXMDSoASAFQAw%3D%3D,174000,cbm,https://www.igu.org/igu-reports/2025-world-lng-report,,,,,X-DF,https://www.igu.org/igu-reports/2025-world-lng-report,2026,https://www.igu.org/igu-reports/2025-world-lng-report,IGU,,,,,,,
65,9991939,https://www.igu.org/igu-reports/2025-world-lng-report,Al Thurayya,"https://www.shipvault.com/ships/465051, https://shipvaultapi-gjb8c.ondigitalocean.app/api/units/465051",,,,Hull 2572 (Hanwha),https://www.igu.org/igu-reports/2025-world-lng-report,active,GEM,12/31/2024,"https://www.shipvault.com/ships/465051, https://shipvaultapi-gjb8c.ondigitalocean.app/api/units/465051",TMS Cardiff Gas,https://www.igu.org/igu-reports/2025-world-lng-report,,,Hanwha Ocean,https://www.igu.org/igu-reports/2025-world-lng-report,South Korea,https://www.hanwha.com/companies/hanwha-ocean.do,34.87385,128.6966,"VMCW+V7 Geoje-si, Gyeongsangnam-do",exact,https://www.google.com/maps/place/Hanwha+Ocean/data=!3m1!1e3!4m10!1m2!2m1!1sHanwha+Ocean!3m6!1s0x356ecd1d7a72f7db:0x3bfe90e7d8bf93f0!8m2!3d34.8721913!4d128.6956963!15sCgxIYW53aGEgT2NlYW5aDiIMaGFud2hhIG9jZWFukgEfc2hpcGJ1aWxkaW5nX2FuZF9yZXBhaXJfY29tcGFueZoBI0NoWkRTVWhOTUc5blMwVkpRMEZuVFVSUmRYVkVTMWhuRUFF4AEA-gEECAAQLA!16s%2Fg%2F11swmd6_76?entry=ttu&g_ep=EgoyMDI1MTIwMi4wIKXMDSoASAFQAw%3D%3D,174000,cbm,https://www.igu.org/igu-reports/2025-world-lng-report,,,,,X-DF,https://www.igu.org/igu-reports/2025-world-lng-report,2026,https://www.igu.org/igu-reports/2025-world-lng-report,IGU,,,,,,,
66,9991941,https://www.igu.org/igu-reports/2025-world-lng-report,Al Majhoulah,"https://www.shipvault.com/ships/465052, https://shipvaultapi-gjb8c.ondigitalocean.app/api/units/465052",,,,Hull 2573 (Hanwha),https://www.igu.org/igu-reports/2025-world-lng-report,active,GEM,12/31/2024,"https://www.shipvault.com/ships/465052, https://shipvaultapi-gjb8c.ondigitalocean.app/api/units/465052",TMS Cardiff Gas,https://www.igu.org/igu-reports/2025-world-lng-report,,,Hanwha Ocean,https://www.igu.org/igu-reports/2025-world-lng-report,South Korea,https://www.hanwha.com/companies/hanwha-ocean.do,34.87385,128.6966,"VMCW+V7 Geoje-si, Gyeongsangnam-do",exact,https://www.google.com/maps/place/Hanwha+Ocean/data=!3m1!1e3!4m10!1m2!2m1!1sHanwha+Ocean!3m6!1s0x356ecd1d7a72f7db:0x3bfe90e7d8bf93f0!8m2!3d34.8721913!4d128.6956963!15sCgxIYW53aGEgT2NlYW5aDiIMaGFud2hhIG9jZWFukgEfc2hpcGJ1aWxkaW5nX2FuZF9yZXBhaXJfY29tcGFueZoBI0NoWkRTVWhOTUc5blMwVkpRMEZuVFVSUmRYVkVTMWhuRUFF4AEA-gEECAAQLA!16s%2Fg%2F11swmd6_76?entry=ttu&g_ep=EgoyMDI1MTIwMi4wIKXMDSoASAFQAw%3D%3D,174000,cbm,https://www.igu.org/igu-reports/2025-world-lng-report,,,,,X-DF,https://www.igu.org/igu-reports/2025-world-lng-report,2026,https://www.igu.org/igu-reports/2025-world-lng-report,IGU,,,,,,,
67,9997634,https://www.igu.org/igu-reports/2025-world-lng-report,Venture Manatee,"https://www.shipvault.com/ships/465053, https://shipvaultapi-gjb8c.ondigitalocean.app/api/units/465053",,,,Hull 2574 (Hanwha),https://www.igu.org/igu-reports/2025-world-lng-report,on order,GEM,12/31/2024,https://www.igu.org/igu-reports/2025-world-lng-report,Venture Global,https://www.igu.org/igu-reports/2025-world-lng-report,,,Hanwha Ocean,https://www.igu.org/igu-reports/2025-world-lng-report,South Korea,https://www.hanwha.com/companies/hanwha-ocean.do,34.87385,128.6966,"VMCW+V7 Geoje-si, Gyeongsangnam-do",exact,https://www.google.com/maps/place/Hanwha+Ocean/data=!3m1!1e3!4m10!1m2!2m1!1sHanwha+Ocean!3m6!1s0x356ecd1d7a72f7db:0x3bfe90e7d8bf93f0!8m2!3d34.8721913!4d128.6956963!15sCgxIYW53aGEgT2NlYW5aDiIMaGFud2hhIG9jZWFukgEfc2hpcGJ1aWxkaW5nX2FuZF9yZXBhaXJfY29tcGFueZoBI0NoWkRTVWhOTUc5blMwVkpRMEZuVFVSUmRYVkVTMWhuRUFF4AEA-gEECAAQLA!16s%2Fg%2F11swmd6_76?entry=ttu&g_ep=EgoyMDI1MTIwMi4wIKXMDSoASAFQAw%3D%3D,200000,cbm,https://www.igu.org/igu-reports/2025-world-lng-report,,,,,ME-GI,https://www.igu.org/igu-reports/2025-world-lng-report,2026,https://www.igu.org/igu-reports/2025-world-lng-report,IGU,,,,,,,
109,9972684,https://www.igu.org/igu-reports/2025-world-lng-report,Spirit LNG,"https://www.shipvault.com/ships/456923, https://shipvaultapi-gjb8c.ondigitalocean.app/api/units/456923",,,,Hull 2636 (SHI),https://www.igu.org/igu-reports/2025-world-lng-report,active,GEM,12/31/2024,"https://www.shipvault.com/ships/456923, https://shipvaultapi-gjb8c.ondigitalocean.app/api/units/456923",TMS Cardiff Gas,https://www.igu.org/igu-reports/2025-world-lng-report,,,Samsung Heavy Industries,https://www.igu.org/igu-reports/2025-world-lng-report,South Korea,https://www.samsungshi.com/En/Default.aspx,34.89804,128.6045,"VJW3+QV Geoje-si, Gyeongsangnam-do",exact,https://www.google.com/maps/place/Samsung+Heavy+industries/data=!3m1!1e3!4m10!1m2!2m1!1ssamsung+heavy+industries!3m6!1s0x356ecd83691a8fb5:0xd4204e9a1bb0ef10!8m2!3d34.8969682!4d128.6046376!15sChhzYW1zdW5nIGhlYXZ5IGluZHVzdHJpZXOSAQhzaGlweWFyZOABAA!16s%2Fg%2F1tgcpry6?entry=ttu&g_ep=EgoyMDI1MTIwMi4wIKXMDSoASAFQAw%3D%3D,174000,cbm,https://www.igu.org/igu-reports/2025-world-lng-report,,,,,ME-GA,https://www.igu.org/igu-reports/2025-world-lng-report,2026,https://www.igu.org/igu-reports/2025-world-lng-report,IGU,,,,,,,
113,9981049,https://www.igu.org/igu-reports/2025-world-lng-report,Qtaifan,"https://www.shipvault.com/ships/457608, https://shipvaultapi-gjb8c.ondigitalocean.app/api/units/457608",,,,Hull 2640 (SHI),https://www.igu.org/igu-reports/2025-world-lng-report,active,GEM,12/31/2024,"https://www.shipvault.com/ships/457608, https://shipvaultapi-gjb8c.ondigitalocean.app/api/units/457608",JP Morgan,https://www.igu.org/igu-reports/2025-world-lng-report,,,Samsung Heavy Industries,https://www.igu.org/igu-reports/2025-world-lng-report,South Korea,https://www.samsungshi.com/En/Default.aspx,34.89804,128.6045,"VJW3+QV Geoje-si, Gyeongsangnam-do",exact,https://www.google.com/maps/place/Samsung+Heavy+industries/data=!3m1!1e3!4m10!1m2!2m1!1ssamsung+heavy+industries!3m6!1s0x356ecd83691a8fb5:0xd4204e9a1bb0ef10!8m2!3d34.8969682!4d128.6046376!15sChhzYW1zdW5nIGhlYXZ5IGluZHVzdHJpZXOSAQhzaGlweWFyZOABAA!16s%2Fg%2F1tgcpry6?entry=ttu&g_ep=EgoyMDI1MTIwMi4wIKXMDSoASAFQAw%3D%3D,174000,cbm,https://www.igu.org/igu-reports/2025-world-lng-report,,,,,ME-GA,https://www.igu.org/igu-reports/2025-world-lng-report,2025,"https://www.shipvault.com/ships/457608, https://shipvaultapi-gjb8c.ondigitalocean.app/api/units/457608",IGU,,,,,,,
119,9977323,https://www.igu.org/igu-reports/2025-world-lng-report,Umm Heesh,"https://www.shipvault.com/ships/457614, https://shipvaultapi-gjb8c.ondigitalocean.app/api/units/457614",,,,Hull 2646 (SHI),https://www.igu.org/igu-reports/2025-world-lng-report,active,GEM,12/31/2024,"https://www.shipvault.com/ships/457614, https://shipvaultapi-gjb8c.ondigitalocean.app/api/units/457614",JP Morgan,https://www.igu.org/igu-reports/2025-world-lng-report,,,Samsung Heavy Industries,https://www.igu.org/igu-reports/2025-world-lng-report,South Korea,https://www.samsungshi.com/En/Default.aspx,34.89804,128.6045,"VJW3+QV Geoje-si, Gyeongsangnam-do",exact,https://www.google.com/maps/place/Samsung+Heavy+industries/data=!3m1!1e3!4m10!1m2!2m1!1ssamsung+heavy+industries!3m6!1s0x356ecd83691a8fb5:0xd4204e9a1bb0ef10!8m2!3d34.8969682!4d128.6046376!15sChhzYW1zdW5nIGhlYXZ5IGluZHVzdHJpZXOSAQhzaGlweWFyZOABAA!16s%2Fg%2F1tgcpry6?entry=ttu&g_ep=EgoyMDI1MTIwMi4wIKXMDSoASAFQAw%3D%3D,174000,cbm,https://www.igu.org/igu-reports/2025-world-lng-report,,,,,ME-GA,https://www.igu.org/igu-reports/2025-world-lng-report,2026,https://www.igu.org/igu-reports/2025-world-lng-report,IGU,,,,,,,
120,9977335,https://www.igu.org/igu-reports/2025-world-lng-report,Umm Al Shubrum,"https://www.shipvault.com/ships/457615, https://shipvaultapi-gjb8c.ondigitalocean.app/api/units/457615","delivery year initially 2025 but still on order as of Dec 18, so changing to 2026",,,Hull 2647 (SHI),https://www.igu.org/igu-reports/2025-world-lng-report,active,GEM,12/17/2025,"https://www.shipvault.com/ships/457615, https://shipvaultapi-gjb8c.ondigitalocean.app/api/units/457615",JP Morgan,https://www.igu.org/igu-reports/2025-world-lng-report,,,Samsung Heavy Industries,https://www.igu.org/igu-reports/2025-world-lng-report,South Korea,https://www.samsungshi.com/En/Default.aspx,34.89804,128.6045,"VJW3+QV Geoje-si, Gyeongsangnam-do",exact,https://www.google.com/maps/place/Samsung+Heavy+industries/data=!3m1!1e3!4m10!1m2!2m1!1ssamsung+heavy+industries!3m6!1s0x356ecd83691a8fb5:0xd4204e9a1bb0ef10!8m2!3d34.8969682!4d128.6046376!15sChhzYW1zdW5nIGhlYXZ5IGluZHVzdHJpZXOSAQhzaGlweWFyZOABAA!16s%2Fg%2F1tgcpry6?entry=ttu&g_ep=EgoyMDI1MTIwMi4wIKXMDSoASAFQAw%3D%3D,174000,cbm,https://www.igu.org/igu-reports/2025-world-lng-report,,,,,ME-GA,https://www.igu.org/igu-reports/2025-world-lng-report,2026,https://system.new-vessels.com/Ship-14695411-Id'Asah.html,IGU,,,,,,,
122,9988023,https://www.igu.org/igu-reports/2025-world-lng-report,Minerva Eleonora,"https://www.shipvault.com/ships/461095, https://shipvaultapi-gjb8c.ondigitalocean.app/api/units/461095",,,,Hull 2652 (SHI),https://www.igu.org/igu-reports/2025-world-lng-report,active,GEM,12/31/2024,"https://www.shipvault.com/ships/461095, https://shipvaultapi-gjb8c.ondigitalocean.app/api/units/461095",Minerva Marine,https://www.igu.org/igu-reports/2025-world-lng-report,,,Samsung Heavy Industries,https://www.igu.org/igu-reports/2025-world-lng-report,South Korea,https://www.samsungshi.com/En/Default.aspx,34.89804,128.6045,"VJW3+QV Geoje-si, Gyeongsangnam-do",exact,https://www.google.com/maps/place/Samsung+Heavy+industries/data=!3m1!1e3!4m10!1m2!2m1!1ssamsung+heavy+industries!3m6!1s0x356ecd83691a8fb5:0xd4204e9a1bb0ef10!8m2!3d34.8969682!4d128.6046376!15sChhzYW1zdW5nIGhlYXZ5IGluZHVzdHJpZXOSAQhzaGlweWFyZOABAA!16s%2Fg%2F1tgcpry6?entry=ttu&g_ep=EgoyMDI1MTIwMi4wIKXMDSoASAFQAw%3D%3D,174000,cbm,https://www.igu.org/igu-reports/2025-world-lng-report,,,,,ME-GA,https://www.igu.org/igu-reports/2025-world-lng-report,2026,https://www.igu.org/igu-reports/2025-world-lng-report,IGU,,,,,,,
123,9988035,https://www.igu.org/igu-reports/2025-world-lng-report,Minerva Roxanne,"https://www.shipvault.com/ships/461096, https://shipvaultapi-gjb8c.ondigitalocean.app/api/units/461096",,,,Hull 2653 (SHI),https://www.igu.org/igu-reports/2025-world-lng-report,active,GEM,12/31/2024,"https://www.shipvault.com/ships/461096, https://shipvaultapi-gjb8c.ondigitalocean.app/api/units/461096",Minerva Marine,https://www.igu.org/igu-reports/2025-world-lng-report,,,Samsung Heavy Industries,https://www.igu.org/igu-reports/2025-world-lng-report,South Korea,https://www.samsungshi.com/En/Default.aspx,34.89804,128.6045,"VJW3+QV Geoje-si, Gyeongsangnam-do",exact,https://www.google.com/maps/place/Samsung+Heavy+industries/data=!3m1!1e3!4m10!1m2!2m1!1ssamsung+heavy+industries!3m6!1s0x356ecd83691a8fb5:0xd4204e9a1bb0ef10!8m2!3d34.8969682!4d128.6046376!15sChhzYW1zdW5nIGhlYXZ5IGluZHVzdHJpZXOSAQhzaGlweWFyZOABAA!16s%2Fg%2F1tgcpry6?entry=ttu&g_ep=EgoyMDI1MTIwMi4wIKXMDSoASAFQAw%3D%3D,174000,cbm,https://www.igu.org/igu-reports/2025-world-lng-report,,,,,ME-GA,https://www.igu.org/igu-reports/2025-world-lng-report,2026,https://www.igu.org/igu-reports/2025-world-lng-report,IGU,,,,,,,
129,1019668,https://www.igu.org/igu-reports/2025-world-lng-report,Gamy Vanguard,"https://www.shipvault.com/ships/463994, https://shipvaultapi-gjb8c.ondigitalocean.app/api/units/463994",,,,Hull 2662 (SHI),https://www.igu.org/igu-reports/2025-world-lng-report,on order,GEM,12/31/2024,https://www.igu.org/igu-reports/2025-world-lng-report,MOL,https://www.igu.org/igu-reports/2025-world-lng-report,,,Samsung Heavy Industries,https://www.igu.org/igu-reports/2025-world-lng-report,South Korea,https://www.samsungshi.com/En/Default.aspx,34.89804,128.6045,"VJW3+QV Geoje-si, Gyeongsangnam-do",exact,https://www.google.com/maps/place/Samsung+Heavy+industries/data=!3m1!1e3!4m10!1m2!2m1!1ssamsung+heavy+industries!3m6!1s0x356ecd83691a8fb5:0xd4204e9a1bb0ef10!8m2!3d34.8969682!4d128.6046376!15sChhzYW1zdW5nIGhlYXZ5IGluZHVzdHJpZXOSAQhzaGlweWFyZOABAA!16s%2Fg%2F1tgcpry6?entry=ttu&g_ep=EgoyMDI1MTIwMi4wIKXMDSoASAFQAw%3D%3D,174000,cbm,https://www.igu.org/igu-reports/2025-world-lng-report,,,,,ME-GA,https://www.igu.org/igu-reports/2025-world-lng-report,2026,https://www.igu.org/igu-reports/2025-world-lng-report,IGU,,,,,,,
131,1023401,https://www.igu.org/igu-reports/2025-world-lng-report,Diamond Gas Jade,"https://www.shipvault.com/ships/465878, https://shipvaultapi-gjb8c.ondigitalocean.app/api/units/465878",,,,Hull 2664 (SHI),https://www.igu.org/igu-reports/2025-world-lng-report,on order,GEM,12/31/2024,https://www.igu.org/igu-reports/2025-world-lng-report,K Line,https://www.igu.org/igu-reports/2025-world-lng-report,,,Samsung Heavy Industries,https://www.igu.org/igu-reports/2025-world-lng-report,South Korea,https://www.samsungshi.com/En/Default.aspx,34.89804,128.6045,"VJW3+QV Geoje-si, Gyeongsangnam-do",exact,https://www.google.com/maps/place/Samsung+Heavy+industries/data=!3m1!1e3!4m10!1m2!2m1!1ssamsung+heavy+industries!3m6!1s0x356ecd83691a8fb5:0xd4204e9a1bb0ef10!8m2!3d34.8969682!4d128.6046376!15sChhzYW1zdW5nIGhlYXZ5IGluZHVzdHJpZXOSAQhzaGlweWFyZOABAA!16s%2Fg%2F1tgcpry6?entry=ttu&g_ep=EgoyMDI1MTIwMi4wIKXMDSoASAFQAw%3D%3D,174000,cbm,https://www.igu.org/igu-reports/2025-world-lng-report,,,,,ME-GA,https://www.igu.org/igu-reports/2025-world-lng-report,2026,https://www.igu.org/igu-reports/2025-world-lng-report,IGU,,,,,,,
132,1023413,https://www.igu.org/igu-reports/2025-world-lng-report,Toho Emerald,"https://www.shipvault.com/ships/465879, https://shipvaultapi-gjb8c.ondigitalocean.app/api/units/465879",,,,Hull 2665 (SHI),https://www.igu.org/igu-reports/2025-world-lng-report,on order,GEM,12/31/2024,https://www.igu.org/igu-reports/2025-world-lng-report,K Line,https://www.igu.org/igu-reports/2025-world-lng-report,,,Samsung Heavy Industries,https://www.igu.org/igu-reports/2025-world-lng-report,South Korea,https://www.samsungshi.com/En/Default.aspx,34.89804,128.6045,"VJW3+QV Geoje-si, Gyeongsangnam-do",exact,https://www.google.com/maps/place/Samsung+Heavy+industries/data=!3m1!1e3!4m10!1m2!2m1!1ssamsung+heavy+industries!3m6!1s0x356ecd83691a8fb5:0xd4204e9a1bb0ef10!8m2!3d34.8969682!4d128.6046376!15sChhzYW1zdW5nIGhlYXZ5IGluZHVzdHJpZXOSAQhzaGlweWFyZOABAA!16s%2Fg%2F1tgcpry6?entry=ttu&g_ep=EgoyMDI1MTIwMi4wIKXMDSoASAFQAw%3D%3D,174000,cbm,https://www.igu.org/igu-reports/2025-world-lng-report,,,,,ME-GA,https://www.igu.org/igu-reports/2025-world-lng-report,2026,https://www.igu.org/igu-reports/2025-world-lng-report,IGU,,,,,,,
135,1041439,https://www.igu.org/igu-reports/2025-world-lng-report,Barthy Vanguard,"https://www.shipvault.com/ships/471277, https://shipvaultapi-gjb8c.ondigitalocean.app/api/units/471277",,,,Hull 2687 (SHI),https://www.igu.org/igu-reports/2025-world-lng-report,on order,GEM,12/31/2024,https://www.igu.org/igu-reports/2025-world-lng-report,MOL,https://www.igu.org/igu-reports/2025-world-lng-report,,,Samsung Heavy Industries,https://www.igu.org/igu-reports/2025-world-lng-report,South Korea,https://www.samsungshi.com/En/Default.aspx,34.89804,128.6045,"VJW3+QV Geoje-si, Gyeongsangnam-do",exact,https://www.google.com/maps/place/Samsung+Heavy+industries/data=!3m1!1e3!4m10!1m2!2m1!1ssamsung+heavy+industries!3m6!1s0x356ecd83691a8fb5:0xd4204e9a1bb0ef10!8m2!3d34.8969682!4d128.6046376!15sChhzYW1zdW5nIGhlYXZ5IGluZHVzdHJpZXOSAQhzaGlweWFyZOABAA!16s%2Fg%2F1tgcpry6?entry=ttu&g_ep=EgoyMDI1MTIwMi4wIKXMDSoASAFQAw%3D%3D,174000,cbm,https://www.igu.org/igu-reports/2025-world-lng-report,,,,,ME-GA,https://www.igu.org/igu-reports/2025-world-lng-report,2027,https://www.igu.org/igu-reports/2025-world-lng-report,IGU,,,,,,,
181,9975533,https://www.igu.org/igu-reports/2025-world-lng-report,Puteri Sarawak,"https://www.shipvault.com/ships/467719, https://shipvaultapi-gjb8c.ondigitalocean.app/api/units/467719",,,,Hull 3371 (HDHHI),https://www.igu.org/igu-reports/2025-world-lng-report,active,GEM,12/31/2024,"https://www.shipvault.com/ships/467719, https://shipvaultapi-gjb8c.ondigitalocean.app/api/units/467719",SK Shipping,https://www.igu.org/igu-reports/2025-world-lng-report,,,HD Hyundai Heavy Industries,https://www.igu.org/igu-reports/2025-world-lng-report,South Korea,https://www.hd.com/en/main,35.51613,129.4383,GC8Q+M6 Ulsan,exact,https://www.google.com/maps/place/HD+Hyundai+Heavy+Industries+Ulsan+Shipyard/data=!3m1!1e3!4m10!1m2!2m1!1sHD+Hyundai!3m6!1s0x3567ce56ebbfb645:0xd94a696f9fca5d90!8m2!3d35.5167468!4d129.4380269!15sCgpIRCBIeXVuZGFpkgEIc2hpcHlhcmTgAQA!16s%2Fg%2F1tfhd8y1?entry=ttu&g_ep=EgoyMDI1MTIwMi4wIKXMDSoASAFQAw%3D%3D,174000,cbm,https://www.igu.org/igu-reports/2025-world-lng-report,,,,,ME-GA,https://www.igu.org/igu-reports/2025-world-lng-report,2025,"https://www.shipvault.com/ships/467719, https://shipvaultapi-gjb8c.ondigitalocean.app/api/units/467719",IGU,,,,,,,
184,9981403,https://www.igu.org/igu-reports/2025-world-lng-report,Barzan,https://www.shipvault.com/ships/458163,,,,Hull 3385 (HDHHI),https://www.igu.org/igu-reports/2025-world-lng-report,active,GEM,12/31/2024,https://www.shipvault.com/ships/458163,Knutsen OAS,https://www.igu.org/igu-reports/2025-world-lng-report,,,HD Hyundai Heavy Industries,https://www.igu.org/igu-reports/2025-world-lng-report,South Korea,https://www.hd.com/en/main,35.51613,129.4383,GC8Q+M6 Ulsan,exact,https://www.google.com/maps/place/HD+Hyundai+Heavy+Industries+Ulsan+Shipyard/data=!3m1!1e3!4m10!1m2!2m1!1sHD+Hyundai!3m6!1s0x3567ce56ebbfb645:0xd94a696f9fca5d90!8m2!3d35.5167468!4d129.4380269!15sCgpIRCBIeXVuZGFpkgEIc2hpcHlhcmTgAQA!16s%2Fg%2F1tfhd8y1?entry=ttu&g_ep=EgoyMDI1MTIwMi4wIKXMDSoASAFQAw%3D%3D,174000,cbm,https://www.igu.org/igu-reports/2025-world-lng-report,,,,,X-DF,https://www.igu.org/igu-reports/2025-world-lng-report,2026,https://www.igu.org/igu-reports/2025-world-lng-report,IGU,,,,,,,
185,9981415,https://www.igu.org/igu-reports/2025-world-lng-report,Umm Wishah,"https://www.shipvault.com/ships/458164, https://shipvaultapi-gjb8c.ondigitalocean.app/api/units/458164",,,,Hull 3386 (HDHHI),https://www.igu.org/igu-reports/2025-world-lng-report,active,GEM,12/31/2024,"https://www.shipvault.com/ships/458164, https://shipvaultapi-gjb8c.ondigitalocean.app/api/units/458164",Knutsen OAS,https://www.igu.org/igu-reports/2025-world-lng-report,,,HD Hyundai Heavy Industries,https://www.igu.org/igu-reports/2025-world-lng-report,South Korea,https://www.hd.com/en/main,35.51613,129.4383,GC8Q+M6 Ulsan,exact,https://www.google.com/maps/place/HD+Hyundai+Heavy+Industries+Ulsan+Shipyard/data=!3m1!1e3!4m10!1m2!2m1!1sHD+Hyundai!3m6!1s0x3567ce56ebbfb645:0xd94a696f9fca5d90!8m2!3d35.5167468!4d129.4380269!15sCgpIRCBIeXVuZGFpkgEIc2hpcHlhcmTgAQA!16s%2Fg%2F1tfhd8y1?entry=ttu&g_ep=EgoyMDI1MTIwMi4wIKXMDSoASAFQAw%3D%3D,174000,cbm,https://www.igu.org/igu-reports/2025-world-lng-report,,,,,X-DF,https://www.igu.org/igu-reports/2025-world-lng-report,2026,https://www.igu.org/igu-reports/2025-world-lng-report,IGU,,,,,,,
189,9981491,https://www.igu.org/igu-reports/2025-world-lng-report,Al Zuwair,"https://www.shipvault.com/ships/459079, https://shipvaultapi-gjb8c.ondigitalocean.app/api/units/459079",,,,Hull 3395 (HDHHI),https://www.igu.org/igu-reports/2025-world-lng-report,active,GEM,12/31/2024,"https://www.shipvault.com/ships/459079, https://shipvaultapi-gjb8c.ondigitalocean.app/api/units/459079","MISC, NYK Line, K Line, China LNG",https://www.igu.org/igu-reports/2025-world-lng-report,,,HD Hyundai Heavy Industries,https://www.igu.org/igu-reports/2025-world-lng-report,South Korea,https://www.hd.com/en/main,35.51613,129.4383,GC8Q+M6 Ulsan,exact,https://www.google.com/maps/place/HD+Hyundai+Heavy+Industries+Ulsan+Shipyard/data=!3m1!1e3!4m10!1m2!2m1!1sHD+Hyundai!3m6!1s0x3567ce56ebbfb645:0xd94a696f9fca5d90!8m2!3d35.5167468!4d129.4380269!15sCgpIRCBIeXVuZGFpkgEIc2hpcHlhcmTgAQA!16s%2Fg%2F1tfhd8y1?entry=ttu&g_ep=EgoyMDI1MTIwMi4wIKXMDSoASAFQAw%3D%3D,174000,cbm,https://www.igu.org/igu-reports/2025-world-lng-report,,,,,X-DF,https://www.igu.org/igu-reports/2025-world-lng-report,2025,"https://www.shipvault.com/ships/459079, https://shipvaultapi-gjb8c.ondigitalocean.app/api/units/459079",IGU,,,,,,,
190,9981506,https://www.igu.org/igu-reports/2025-world-lng-report,Sharq,"https://www.shipvault.com/ships/459080, https://shipvaultapi-gjb8c.ondigitalocean.app/api/units/459080",,,,Hull 3396 (HDHHI),https://www.igu.org/igu-reports/2025-world-lng-report,active,GEM,12/31/2024,"https://www.shipvault.com/ships/459080, https://shipvaultapi-gjb8c.ondigitalocean.app/api/units/459080","MISC, NYK Line, K Line, China LNG",https://www.igu.org/igu-reports/2025-world-lng-report,,,HD Hyundai Heavy Industries,https://www.igu.org/igu-reports/2025-world-lng-report,South Korea,https://www.hd.com/en/main,35.51613,129.4383,GC8Q+M6 Ulsan,exact,https://www.google.com/maps/place/HD+Hyundai+Heavy+Industries+Ulsan+Shipyard/data=!3m1!1e3!4m10!1m2!2m1!1sHD+Hyundai!3m6!1s0x3567ce56ebbfb645:0xd94a696f9fca5d90!8m2!3d35.5167468!4d129.4380269!15sCgpIRCBIeXVuZGFpkgEIc2hpcHlhcmTgAQA!16s%2Fg%2F1tfhd8y1?entry=ttu&g_ep=EgoyMDI1MTIwMi4wIKXMDSoASAFQAw%3D%3D,174000,cbm,https://www.igu.org/igu-reports/2025-world-lng-report,,,,,X-DF,https://www.igu.org/igu-reports/2025-world-lng-report,2025,"https://www.shipvault.com/ships/459080, https://shipvaultapi-gjb8c.ondigitalocean.app/api/units/459080",IGU,,,,,,,
191,9981518,https://www.igu.org/igu-reports/2025-world-lng-report,Hull 3397 (HDHHI),https://www.igu.org/igu-reports/2025-world-lng-report,,,,Hull 3397 (HDHHI),https://www.igu.org/igu-reports/2025-world-lng-report,active,GEM,12/31/2024,"https://www.shipvault.com/ships/459081, https://shipvaultapi-gjb8c.ondigitalocean.app/api/units/459081","MISC, NYK Line, K Line, China LNG",https://www.igu.org/igu-reports/2025-world-lng-report,,,HD Hyundai Heavy Industries,https://www.igu.org/igu-reports/2025-world-lng-report,South Korea,https://www.hd.com/en/main,35.51613,129.4383,GC8Q+M6 Ulsan,exact,https://www.google.com/maps/place/HD+Hyundai+Heavy+Industries+Ulsan+Shipyard/data=!3m1!1e3!4m10!1m2!2m1!1sHD+Hyundai!3m6!1s0x3567ce56ebbfb645:0xd94a696f9fca5d90!8m2!3d35.5167468!4d129.4380269!15sCgpIRCBIeXVuZGFpkgEIc2hpcHlhcmTgAQA!16s%2Fg%2F1tfhd8y1?entry=ttu&g_ep=EgoyMDI1MTIwMi4wIKXMDSoASAFQAw%3D%3D,174000,cbm,https://www.igu.org/igu-reports/2025-world-lng-report,,,,,X-DF,https://www.igu.org/igu-reports/2025-world-lng-report,2026,https://www.igu.org/igu-reports/2025-world-lng-report,IGU,,,,,,,
192,9981520,https://www.igu.org/igu-reports/2025-world-lng-report,Halwan,"https://www.shipvault.com/ships/459082, https://shipvaultapi-gjb8c.ondigitalocean.app/api/units/459082",,,,Hull 3398 (HDHHI),https://www.igu.org/igu-reports/2025-world-lng-report,active,GEM,12/31/2024,"https://www.shipvault.com/ships/459082, https://shipvaultapi-gjb8c.ondigitalocean.app/api/units/459082","MISC, NYK Line, K Line, China LNG",https://www.igu.org/igu-reports/2025-world-lng-report,,,HD Hyundai Heavy Industries,https://www.igu.org/igu-reports/2025-world-lng-report,South Korea,https://www.hd.com/en/main,35.51613,129.4383,GC8Q+M6 Ulsan,exact,https://www.google.com/maps/place/HD+Hyundai+Heavy+Industries+Ulsan+Shipyard/data=!3m1!1e3!4m10!1m2!2m1!1sHD+Hyundai!3m6!1s0x3567ce56ebbfb645:0xd94a696f9fca5d90!8m2!3d35.5167468!4d129.4380269!15sCgpIRCBIeXVuZGFpkgEIc2hpcHlhcmTgAQA!16s%2Fg%2F1tfhd8y1?entry=ttu&g_ep=EgoyMDI1MTIwMi4wIKXMDSoASAFQAw%3D%3D,174000,cbm,https://www.igu.org/igu-reports/2025-world-lng-report,,,,,X-DF,https://www.igu.org/igu-reports/2025-world-lng-report,2026,https://www.igu.org/igu-reports/2025-world-lng-report,IGU,,,,,,,
193,9981532,https://www.igu.org/igu-reports/2025-world-lng-report,Al Thumaid,"https://www.shipvault.com/ships/459083, https://shipvaultapi-gjb8c.ondigitalocean.app/api/units/459083",,,,Hull 3399 (HDHHI),https://www.igu.org/igu-reports/2025-world-lng-report,on order,GEM,12/31/2024,https://www.igu.org/igu-reports/2025-world-lng-report,"MISC, NYK Line, K Line, China LNG",https://www.igu.org/igu-reports/2025-world-lng-report,,,HD Hyundai Heavy Industries,https://www.igu.org/igu-reports/2025-world-lng-report,South Korea,https://www.hd.com/en/main,35.51613,129.4383,GC8Q+M6 Ulsan,exact,https://www.google.com/maps/place/HD+Hyundai+Heavy+Industries+Ulsan+Shipyard/data=!3m1!1e3!4m10!1m2!2m1!1sHD+Hyundai!3m6!1s0x3567ce56ebbfb645:0xd94a696f9fca5d90!8m2!3d35.5167468!4d129.4380269!15sCgpIRCBIeXVuZGFpkgEIc2hpcHlhcmTgAQA!16s%2Fg%2F1tfhd8y1?entry=ttu&g_ep=EgoyMDI1MTIwMi4wIKXMDSoASAFQAw%3D%3D,174000,cbm,https://www.igu.org/igu-reports/2025-world-lng-report,,,,,X-DF,https://www.igu.org/igu-reports/2025-world-lng-report,2026,https://www.igu.org/igu-reports/2025-world-lng-report,IGU,,,,,,,
194,9981544,https://www.igu.org/igu-reports/2025-world-lng-report,Al Mazrooah,"https://www.shipvault.com/ships/459084, https://shipvaultapi-gjb8c.ondigitalocean.app/api/units/459084",,,,Hull 3400 (HDHHI),https://www.igu.org/igu-reports/2025-world-lng-report,on order,GEM,12/31/2024,https://www.igu.org/igu-reports/2025-world-lng-report,"MISC, NYK Line, K Line, China LNG",https://www.igu.org/igu-reports/2025-world-lng-report,,,HD Hyundai Heavy Industries,https://www.igu.org/igu-reports/2025-world-lng-report,South Korea,https://www.hd.com/en/main,35.51613,129.4383,GC8Q+M6 Ulsan,exact,https://www.google.com/maps/place/HD+Hyundai+Heavy+Industries+Ulsan+Shipyard/data=!3m1!1e3!4m10!1m2!2m1!1sHD+Hyundai!3m6!1s0x3567ce56ebbfb645:0xd94a696f9fca5d90!8m2!3d35.5167468!4d129.4380269!15sCgpIRCBIeXVuZGFpkgEIc2hpcHlhcmTgAQA!16s%2Fg%2F1tfhd8y1?entry=ttu&g_ep=EgoyMDI1MTIwMi4wIKXMDSoASAFQAw%3D%3D,174000,cbm,https://www.igu.org/igu-reports/2025-world-lng-report,,,,,X-DF,https://www.igu.org/igu-reports/2025-world-lng-report,2026,https://www.igu.org/igu-reports/2025-world-lng-report,IGU,,,,,,,
195,9981556,https://www.igu.org/igu-reports/2025-world-lng-report,Qaffal,"https://www.shipvault.com/ships/459085, https://shipvaultapi-gjb8c.ondigitalocean.app/api/units/459085",,,,Hull 3401 (HDHHI),https://www.igu.org/igu-reports/2025-world-lng-report,on order,GEM,12/31/2024,https://www.igu.org/igu-reports/2025-world-lng-report,"MISC, NYK Line, K Line, China LNG",https://www.igu.org/igu-reports/2025-world-lng-report,,,HD Hyundai Heavy Industries,https://www.igu.org/igu-reports/2025-world-lng-report,South Korea,https://www.hd.com/en/main,35.51613,129.4383,GC8Q+M6 Ulsan,exact,https://www.google.com/maps/place/HD+Hyundai+Heavy+Industries+Ulsan+Shipyard/data=!3m1!1e3!4m10!1m2!2m1!1sHD+Hyundai!3m6!1s0x3567ce56ebbfb645:0xd94a696f9fca5d90!8m2!3d35.5167468!4d129.4380269!15sCgpIRCBIeXVuZGFpkgEIc2hpcHlhcmTgAQA!16s%2Fg%2F1tfhd8y1?entry=ttu&g_ep=EgoyMDI1MTIwMi4wIKXMDSoASAFQAw%3D%3D,174000,cbm,https://www.igu.org/igu-reports/2025-world-lng-report,,,,,X-DF,https://www.igu.org/igu-reports/2025-world-lng-report,2026,https://www.igu.org/igu-reports/2025-world-lng-report,IGU,,,,,,,
196,9984209,https://www.igu.org/igu-reports/2025-world-lng-report,Excelerate Acadia,"https://www.shipvault.com/ships/460369, https://shipvaultapi-gjb8c.ondigitalocean.app/api/units/460369",,,,Hull 3407 (HDHHI),https://www.igu.org/igu-reports/2025-world-lng-report,active,GEM,12/31/2024,"https://www.shipvault.com/ships/460369, https://shipvaultapi-gjb8c.ondigitalocean.app/api/units/460369",Excelerate Energy,https://www.igu.org/igu-reports/2025-world-lng-report,,,HD Hyundai Heavy Industries,https://www.igu.org/igu-reports/2025-world-lng-report,South Korea,https://www.hd.com/en/main,35.51613,129.4383,GC8Q+M6 Ulsan,exact,https://www.google.com/maps/place/HD+Hyundai+Heavy+Industries+Ulsan+Shipyard/data=!3m1!1e3!4m10!1m2!2m1!1sHD+Hyundai!3m6!1s0x3567ce56ebbfb645:0xd94a696f9fca5d90!8m2!3d35.5167468!4d129.4380269!15sCgpIRCBIeXVuZGFpkgEIc2hpcHlhcmTgAQA!16s%2Fg%2F1tfhd8y1?entry=ttu&g_ep=EgoyMDI1MTIwMi4wIKXMDSoASAFQAw%3D%3D,174000,cbm,https://www.igu.org/igu-reports/2025-world-lng-report,,,,,DFDE,https://www.igu.org/igu-reports/2025-world-lng-report,2026,https://www.igu.org/igu-reports/2025-world-lng-report,IGU,,,,,,,
231,9992220,https://www.igu.org/igu-reports/2025-world-lng-report,Parthenon LNG,"https://www.shipvault.com/ships/428603, https://shipvaultapi-gjb8c.ondigitalocean.app/api/units/428603",,,,Hull 8182 (HSHI),https://www.igu.org/igu-reports/2025-world-lng-report,active,GEM,12/31/2024,"https://www.shipvault.com/ships/428603, https://shipvaultapi-gjb8c.ondigitalocean.app/api/units/428603",TMS Cardiff Gas,https://www.igu.org/igu-reports/2025-world-lng-report,,,HD Hyundai Samho,https://www.igu.org/igu-reports/2025-world-lng-report,South Korea,https://www.hshi.co.kr/eng/,34.75031,126.3875,"Q92P+7M Yeongam-gun, Jeollanam-do",exact,https://www.google.com/maps/place/Hyundai+Samho+Heavy+Industries+Entrance/data=!3m1!1e3!4m10!1m2!2m1!1sHyundai+Samho+Heavy+Industries!3m6!1s0x3573a4568dfe21d7:0x865a025eb9b373b5!8m2!3d34.75066!4d126.386691!15sCh5IeXVuZGFpIFNhbWhvIEhlYXZ5IEluZHVzdHJpZXOSAQhidXNfc3RvcOABAA!16s%2Fg%2F11b77sqk26?entry=ttu&g_ep=EgoyMDI1MTIwMi4wIKXMDSoASAFQAw%3D%3D,174000,cbm,https://www.igu.org/igu-reports/2025-world-lng-report,,,,,X-DF,https://www.igu.org/igu-reports/2025-world-lng-report,2026,https://www.igu.org/igu-reports/2025-world-lng-report,IGU,,,,,,,
232,9976109,https://www.igu.org/igu-reports/2025-world-lng-report,Puteri Selangor,"https://www.shipvault.com/ships/456920, https://shipvaultapi-gjb8c.ondigitalocean.app/api/units/456920",,,,Hull 8188 (HSHI),https://www.igu.org/igu-reports/2025-world-lng-report,active,GEM,12/31/2024,"https://www.shipvault.com/ships/456920, https://shipvaultapi-gjb8c.ondigitalocean.app/api/units/456920",SK Shipping,https://www.igu.org/igu-reports/2025-world-lng-report,,,HD Hyundai Samho,https://www.igu.org/igu-reports/2025-world-lng-report,South Korea,https://www.hshi.co.kr/eng/,34.75031,126.3875,"Q92P+7M Yeongam-gun, Jeollanam-do",exact,https://www.google.com/maps/place/Hyundai+Samho+Heavy+Industries+Entrance/data=!3m1!1e3!4m10!1m2!2m1!1sHyundai+Samho+Heavy+Industries!3m6!1s0x3573a4568dfe21d7:0x865a025eb9b373b5!8m2!3d34.75066!4d126.386691!15sCh5IeXVuZGFpIFNhbWhvIEhlYXZ5IEluZHVzdHJpZXOSAQhidXNfc3RvcOABAA!16s%2Fg%2F11b77sqk26?entry=ttu&g_ep=EgoyMDI1MTIwMi4wIKXMDSoASAFQAw%3D%3D,174000,cbm,https://www.igu.org/igu-reports/2025-world-lng-report,,,,,ME-GA,https://www.igu.org/igu-reports/2025-world-lng-report,2025,"https://www.shipvault.com/ships/456920, https://shipvaultapi-gjb8c.ondigitalocean.app/api/units/456920",IGU,,,,,,,
233,9976111,https://www.igu.org/igu-reports/2025-world-lng-report,Puteri Terengganu,"https://www.shipvault.com/ships/456921, https://shipvaultapi-gjb8c.ondigitalocean.app/api/units/456921",,,,Hull 8189 (HSHI),https://www.igu.org/igu-reports/2025-world-lng-report,active,GEM,12/31/2024,"https://www.shipvault.com/ships/456921, https://shipvaultapi-gjb8c.ondigitalocean.app/api/units/456921",SK Shipping,https://www.igu.org/igu-reports/2025-world-lng-report,,,HD Hyundai Samho,https://www.igu.org/igu-reports/2025-world-lng-report,South Korea,https://www.hshi.co.kr/eng/,34.75031,126.3875,"Q92P+7M Yeongam-gun, Jeollanam-do",exact,https://www.google.com/maps/place/Hyundai+Samho+Heavy+Industries+Entrance/data=!3m1!1e3!4m10!1m2!2m1!1sHyundai+Samho+Heavy+Industries!3m6!1s0x3573a4568dfe21d7:0x865a025eb9b373b5!8m2!3d34.75066!4d126.386691!15sCh5IeXVuZGFpIFNhbWhvIEhlYXZ5IEluZHVzdHJpZXOSAQhidXNfc3RvcOABAA!16s%2Fg%2F11b77sqk26?entry=ttu&g_ep=EgoyMDI1MTIwMi4wIKXMDSoASAFQAw%3D%3D,174000,cbm,https://www.igu.org/igu-reports/2025-world-lng-report,,,,,ME-GA,https://www.igu.org/igu-reports/2025-world-lng-report,2025,"https://www.shipvault.com/ships/456921, https://shipvaultapi-gjb8c.ondigitalocean.app/api/units/456921",IGU,,,,,,,
235,9992232,https://www.igu.org/igu-reports/2025-world-lng-report,Olympus LNG,"https://www.shipvault.com/ships/458170, https://shipvaultapi-gjb8c.ondigitalocean.app/api/units/458170",,,,Hull 8200 (HSHI),https://www.igu.org/igu-reports/2025-world-lng-report,active,GEM,12/31/2024,"https://www.shipvault.com/ships/458170, https://shipvaultapi-gjb8c.ondigitalocean.app/api/units/458170",TMS Cardiff Gas,https://www.igu.org/igu-reports/2025-world-lng-report,,,HD Hyundai Samho,https://www.igu.org/igu-reports/2025-world-lng-report,South Korea,https://www.hshi.co.kr/eng/,34.75031,126.3875,"Q92P+7M Yeongam-gun, Jeollanam-do",exact,https://www.google.com/maps/place/Hyundai+Samho+Heavy+Industries+Entrance/data=!3m1!1e3!4m10!1m2!2m1!1sHyundai+Samho+Heavy+Industries!3m6!1s0x3573a4568dfe21d7:0x865a025eb9b373b5!8m2!3d34.75066!4d126.386691!15sCh5IeXVuZGFpIFNhbWhvIEhlYXZ5IEluZHVzdHJpZXOSAQhidXNfc3RvcOABAA!16s%2Fg%2F11b77sqk26?entry=ttu&g_ep=EgoyMDI1MTIwMi4wIKXMDSoASAFQAw%3D%3D,174000,cbm,https://www.igu.org/igu-reports/2025-world-lng-report,,,,,X-DF,https://www.igu.org/igu-reports/2025-world-lng-report,2026,https://www.igu.org/igu-reports/2025-world-lng-report,IGU,,,,,,,
236,9992244,https://www.igu.org/igu-reports/2025-world-lng-report,Frontier LNG,"https://www.shipvault.com/ships/458171, https://shipvaultapi-gjb8c.ondigitalocean.app/api/units/458171",,,,Hull 8201 (HSHI),https://www.igu.org/igu-reports/2025-world-lng-report,active,GEM,12/31/2024,"https://www.shipvault.com/ships/458171, https://shipvaultapi-gjb8c.ondigitalocean.app/api/units/458171",TMS Cardiff Gas,https://www.igu.org/igu-reports/2025-world-lng-report,,,HD Hyundai Samho,https://www.igu.org/igu-reports/2025-world-lng-report,South Korea,https://www.hshi.co.kr/eng/,34.75031,126.3875,"Q92P+7M Yeongam-gun, Jeollanam-do",exact,https://www.google.com/maps/place/Hyundai+Samho+Heavy+Industries+Entrance/data=!3m1!1e3!4m10!1m2!2m1!1sHyundai+Samho+Heavy+Industries!3m6!1s0x3573a4568dfe21d7:0x865a025eb9b373b5!8m2!3d34.75066!4d126.386691!15sCh5IeXVuZGFpIFNhbWhvIEhlYXZ5IEluZHVzdHJpZXOSAQhidXNfc3RvcOABAA!16s%2Fg%2F11b77sqk26?entry=ttu&g_ep=EgoyMDI1MTIwMi4wIKXMDSoASAFQAw%3D%3D,174000,cbm,https://www.igu.org/igu-reports/2025-world-lng-report,,,,,X-DF,https://www.igu.org/igu-reports/2025-world-lng-report,2026,https://www.igu.org/igu-reports/2025-world-lng-report,IGU,,,,,,,
237,9992880,https://www.igu.org/igu-reports/2025-world-lng-report,Muscat LNG,"https://www.shipvault.com/ships/461955, https://shipvaultapi-gjb8c.ondigitalocean.app/api/units/461955",,,,Hull 8204 (HSHI),https://www.igu.org/igu-reports/2025-world-lng-report,active,GEM,12/31/2024,"https://www.shipvault.com/ships/461955, https://shipvaultapi-gjb8c.ondigitalocean.app/api/units/461955",Asyad Shipping,https://www.igu.org/igu-reports/2025-world-lng-report,,,HD Hyundai Samho,https://www.igu.org/igu-reports/2025-world-lng-report,South Korea,https://www.hshi.co.kr/eng/,34.75031,126.3875,"Q92P+7M Yeongam-gun, Jeollanam-do",exact,https://www.google.com/maps/place/Hyundai+Samho+Heavy+Industries+Entrance/data=!3m1!1e3!4m10!1m2!2m1!1sHyundai+Samho+Heavy+Industries!3m6!1s0x3573a4568dfe21d7:0x865a025eb9b373b5!8m2!3d34.75066!4d126.386691!15sCh5IeXVuZGFpIFNhbWhvIEhlYXZ5IEluZHVzdHJpZXOSAQhidXNfc3RvcOABAA!16s%2Fg%2F11b77sqk26?entry=ttu&g_ep=EgoyMDI1MTIwMi4wIKXMDSoASAFQAw%3D%3D,174000,cbm,https://www.igu.org/igu-reports/2025-world-lng-report,,,,,ME-GA,https://www.igu.org/igu-reports/2025-world-lng-report,2026,https://www.igu.org/igu-reports/2025-world-lng-report,IGU,,,,,,,
238,9992878,https://www.igu.org/igu-reports/2025-world-lng-report,Musandam LNG,"https://www.shipvault.com/ships/461956, https://shipvaultapi-gjb8c.ondigitalocean.app/api/units/461956",,,,Hull 8205 (HSHI),https://www.igu.org/igu-reports/2025-world-lng-report,active,GEM,12/31/2024,"https://www.shipvault.com/ships/461956, https://shipvaultapi-gjb8c.ondigitalocean.app/api/units/461956",Asyad Shipping,https://www.igu.org/igu-reports/2025-world-lng-report,,,HD Hyundai Samho,https://www.igu.org/igu-reports/2025-world-lng-report,South Korea,https://www.hshi.co.kr/eng/,34.75031,126.3875,"Q92P+7M Yeongam-gun, Jeollanam-do",exact,https://www.google.com/maps/place/Hyundai+Samho+Heavy+Industries+Entrance/data=!3m1!1e3!4m10!1m2!2m1!1sHyundai+Samho+Heavy+Industries!3m6!1s0x3573a4568dfe21d7:0x865a025eb9b373b5!8m2!3d34.75066!4d126.386691!15sCh5IeXVuZGFpIFNhbWhvIEhlYXZ5IEluZHVzdHJpZXOSAQhidXNfc3RvcOABAA!16s%2Fg%2F11b77sqk26?entry=ttu&g_ep=EgoyMDI1MTIwMi4wIKXMDSoASAFQAw%3D%3D,174000,cbm,https://www.igu.org/igu-reports/2025-world-lng-report,,,,,ME-GA,https://www.igu.org/igu-reports/2025-world-lng-report,2026,https://www.igu.org/igu-reports/2025-world-lng-report,IGU,,,,,,,
252,1018688,https://www.igu.org/igu-reports/2025-world-lng-report,Hull CMHI-282-02,https://www.igu.org/igu-reports/2025-world-lng-report,,,,Hull CMHI-282-02,https://www.igu.org/igu-reports/2025-world-lng-report,active,GEM,12/31/2024,"https://www.shipvault.com/ships/467052, https://shipvaultapi-gjb8c.ondigitalocean.app/api/units/467052",Celsius Shipping,https://www.igu.org/igu-reports/2025-world-lng-report,,,China Merchants Heavy Industries,https://www.igu.org/igu-reports/2025-world-lng-report,China,https://www.cmhijs.com/en/index.php/about.html,22.33849,114.092895,"83QV+H7 Sai Tso Wan, Hong Kong",exact,"https://www.google.com/maps/place/China+Merchants+Industry+Co+Ltd/@22.338976,114.0905771,814m/data=!3m2!1e3!4b1!4m6!3m5!1s0x3403fed4344ce4b1:0x32fadf093b2cb212!8m2!3d22.338976!4d114.093152!16s%2Fg%2F12hmyy568?entry=ttu&g_ep=EgoyMDI1MTIwMi4wIKXMDSoASAFQAw%3D%3D",180000,cbm,https://www.igu.org/igu-reports/2025-world-lng-report,,,,,ME-GA,https://www.igu.org/igu-reports/2025-world-lng-report,2026,https://www.igu.org/igu-reports/2025-world-lng-report,IGU,,,,,,,
263,9986623,https://www.igu.org/igu-reports/2025-world-lng-report,Hull H1799A,https://www.igu.org/igu-reports/2025-world-lng-report,,,,Hull H1799A,https://www.igu.org/igu-reports/2025-world-lng-report,active,GEM,12/31/2024,"https://www.shipvault.com/ships/462938, https://shipvaultapi-gjb8c.ondigitalocean.app/api/units/462938","MISC, NYK Line, K Line, China LNG",https://www.igu.org/igu-reports/2025-world-lng-report,,,Hudong-Zhonghua Shipbuilding,https://www.igu.org/igu-reports/2025-world-lng-report,China,https://www.shipyards.gr/shipyards/new-buildings-shipyards/newbuilding-farest-pacific-ocean/newbuilding-far-east-china-sea/china-south/hudong-zhonghua-shipbuilding-group-coltd,31.271988,121.575478,"7HCG+R4 Pudong, Shanghai, China",exact,"https://www.google.com/maps/place/Hudong-Zhonghua+Shipbuilding/@31.2720706,121.5727207,753m/data=!3m2!1e3!4b1!4m6!3m5!1s0x35b2742eceeb203d:0x37fddc7176d2cc24!8m2!3d31.2720706!4d121.5752956!16s%2Fg%2F1td0qx6d?entry=ttu&g_ep=EgoyMDI1MTIwMi4wIKXMDSoASAFQAw%3D%3D",174000,cbm,https://www.igu.org/igu-reports/2025-world-lng-report,,,,,X-DF,https://www.igu.org/igu-reports/2025-world-lng-report,2025,"https://www.shipvault.com/ships/462938, https://shipvaultapi-gjb8c.ondigitalocean.app/api/units/462938",IGU,,,,,,,
264,9986635,https://www.igu.org/igu-reports/2025-world-lng-report,Mihzem,"https://www.shipvault.com/ships/462939, https://shipvaultapi-gjb8c.ondigitalocean.app/api/units/462939",,,,Hull H1800A,https://www.igu.org/igu-reports/2025-world-lng-report,active,GEM,12/31/2024,"https://www.shipvault.com/ships/462939, https://shipvaultapi-gjb8c.ondigitalocean.app/api/units/462939","MISC, NYK Line, K Line, China LNG",https://www.igu.org/igu-reports/2025-world-lng-report,,,Hudong-Zhonghua Shipbuilding,https://www.igu.org/igu-reports/2025-world-lng-report,China,https://www.shipyards.gr/shipyards/new-buildings-shipyards/newbuilding-farest-pacific-ocean/newbuilding-far-east-china-sea/china-south/hudong-zhonghua-shipbuilding-group-coltd,31.271988,121.575478,"7HCG+R4 Pudong, Shanghai, China",exact,"https://www.google.com/maps/place/Hudong-Zhonghua+Shipbuilding/@31.2720706,121.5727207,753m/data=!3m2!1e3!4b1!4m6!3m5!1s0x35b2742eceeb203d:0x37fddc7176d2cc24!8m2!3d31.2720706!4d121.5752956!16s%2Fg%2F1td0qx6d?entry=ttu&g_ep=EgoyMDI1MTIwMi4wIKXMDSoASAFQAw%3D%3D",174000,cbm,https://www.igu.org/igu-reports/2025-world-lng-report,,,,,X-DF,https://www.igu.org/igu-reports/2025-world-lng-report,2025,"https://www.shipvault.com/ships/462939, https://shipvaultapi-gjb8c.ondigitalocean.app/api/units/462939",IGU,,,,,,,
265,9986647,https://www.igu.org/igu-reports/2025-world-lng-report,Idd Al Shargi,"https://www.shipvault.com/ships/462940, https://shipvaultapi-gjb8c.ondigitalocean.app/api/units/462940",,,,Hull H1801A,https://www.igu.org/igu-reports/2025-world-lng-report,active,GEM,12/31/2024,"https://www.shipvault.com/ships/462940, https://shipvaultapi-gjb8c.ondigitalocean.app/api/units/462940","MISC, NYK Line, K Line, China LNG",https://www.igu.org/igu-reports/2025-world-lng-report,,,Hudong-Zhonghua Shipbuilding,https://www.igu.org/igu-reports/2025-world-lng-report,China,https://www.shipyards.gr/shipyards/new-buildings-shipyards/newbuilding-farest-pacific-ocean/newbuilding-far-east-china-sea/china-south/hudong-zhonghua-shipbuilding-group-coltd,31.271988,121.575478,"7HCG+R4 Pudong, Shanghai, China",exact,"https://www.google.com/maps/place/Hudong-Zhonghua+Shipbuilding/@31.2720706,121.5727207,753m/data=!3m2!1e3!4b1!4m6!3m5!1s0x35b2742eceeb203d:0x37fddc7176d2cc24!8m2!3d31.2720706!4d121.5752956!16s%2Fg%2F1td0qx6d?entry=ttu&g_ep=EgoyMDI1MTIwMi4wIKXMDSoASAFQAw%3D%3D",174000,cbm,https://www.igu.org/igu-reports/2025-world-lng-report,,,,,X-DF,https://www.igu.org/igu-reports/2025-world-lng-report,2025,"https://www.shipvault.com/ships/462940, https://shipvaultapi-gjb8c.ondigitalocean.app/api/units/462940",IGU,,,,,,,
268,9961518,https://www.igu.org/igu-reports/2025-world-lng-report,Greenergy Wind,"https://www.shipvault.com/ships/456803, https://shipvaultapi-gjb8c.ondigitalocean.app/api/units/456803",,,,Hull H1884A,https://www.igu.org/igu-reports/2025-world-lng-report,active,GEM,12/31/2024,"https://www.shipvault.com/ships/456803, https://shipvaultapi-gjb8c.ondigitalocean.app/api/units/456803",MOL,https://www.igu.org/igu-reports/2025-world-lng-report,,,Hudong-Zhonghua Shipbuilding,https://www.igu.org/igu-reports/2025-world-lng-report,China,https://www.shipyards.gr/shipyards/new-buildings-shipyards/newbuilding-farest-pacific-ocean/newbuilding-far-east-china-sea/china-south/hudong-zhonghua-shipbuilding-group-coltd,31.271988,121.575478,"7HCG+R4 Pudong, Shanghai, China",exact,"https://www.google.com/maps/place/Hudong-Zhonghua+Shipbuilding/@31.2720706,121.5727207,753m/data=!3m2!1e3!4b1!4m6!3m5!1s0x35b2742eceeb203d:0x37fddc7176d2cc24!8m2!3d31.2720706!4d121.5752956!16s%2Fg%2F1td0qx6d?entry=ttu&g_ep=EgoyMDI1MTIwMi4wIKXMDSoASAFQAw%3D%3D",174000,cbm,https://www.igu.org/igu-reports/2025-world-lng-report,,,,,X-DF,https://www.igu.org/igu-reports/2025-world-lng-report,2026,https://www.igu.org/igu-reports/2025-world-lng-report,IGU,,,,,,,
269,9961520,https://www.igu.org/igu-reports/2025-world-lng-report,Greenenergy Cloud,https://system.new-vessels.com/Ship-13446004-GreenergyCloud.html,,,,Hull H1885A,https://www.igu.org/igu-reports/2025-world-lng-report,active,GEM,12/31/2024,"https://www.shipvault.com/ships/456804, https://shipvaultapi-gjb8c.ondigitalocean.app/api/units/456804",MOL,https://www.igu.org/igu-reports/2025-world-lng-report,,,Hudong-Zhonghua Shipbuilding,https://www.igu.org/igu-reports/2025-world-lng-report,China,https://www.shipyards.gr/shipyards/new-buildings-shipyards/newbuilding-farest-pacific-ocean/newbuilding-far-east-china-sea/china-south/hudong-zhonghua-shipbuilding-group-coltd,31.271988,121.575478,"7HCG+R4 Pudong, Shanghai, China",exact,"https://www.google.com/maps/place/Hudong-Zhonghua+Shipbuilding/@31.2720706,121.5727207,753m/data=!3m2!1e3!4b1!4m6!3m5!1s0x35b2742eceeb203d:0x37fddc7176d2cc24!8m2!3d31.2720706!4d121.5752956!16s%2Fg%2F1td0qx6d?entry=ttu&g_ep=EgoyMDI1MTIwMi4wIKXMDSoASAFQAw%3D%3D",174000,cbm,https://www.igu.org/igu-reports/2025-world-lng-report,,,,,X-DF,https://www.igu.org/igu-reports/2025-world-lng-report,2026,https://www.igu.org/igu-reports/2025-world-lng-report,IGU,,,,,,,
270,1023633,https://www.igu.org/igu-reports/2025-world-lng-report,Greenergy River,"https://www.shipvault.com/ships/467890, https://shipvaultapi-gjb8c.ondigitalocean.app/api/units/467890",,,,Hull H1886A,https://www.igu.org/igu-reports/2025-world-lng-report,on order,GEM,12/31/2024,https://www.igu.org/igu-reports/2025-world-lng-report,MOL,https://www.igu.org/igu-reports/2025-world-lng-report,,,Hudong-Zhonghua Shipbuilding,https://www.igu.org/igu-reports/2025-world-lng-report,China,https://www.shipyards.gr/shipyards/new-buildings-shipyards/newbuilding-farest-pacific-ocean/newbuilding-far-east-china-sea/china-south/hudong-zhonghua-shipbuilding-group-coltd,31.271988,121.575478,"7HCG+R4 Pudong, Shanghai, China",exact,"https://www.google.com/maps/place/Hudong-Zhonghua+Shipbuilding/@31.2720706,121.5727207,753m/data=!3m2!1e3!4b1!4m6!3m5!1s0x35b2742eceeb203d:0x37fddc7176d2cc24!8m2!3d31.2720706!4d121.5752956!16s%2Fg%2F1td0qx6d?entry=ttu&g_ep=EgoyMDI1MTIwMi4wIKXMDSoASAFQAw%3D%3D",174000,cbm,https://www.igu.org/igu-reports/2025-world-lng-report,,,,,X-DF,https://www.igu.org/igu-reports/2025-world-lng-report,2026,https://www.igu.org/igu-reports/2025-world-lng-report,IGU,,,,,,,
278,9997701,https://www.igu.org/igu-reports/2025-world-lng-report,Puteri Johor,https://system.new-vessels.com/Ship-13500859-PuteriJohor.html,"delivery year initially 2025 but still on order as of Dec 18, so changing to 2026",,,Hull H1894A,https://www.igu.org/igu-reports/2025-world-lng-report,active,GEM,12/17/2025,"https://www.shipvault.com/ships/465806, https://shipvaultapi-gjb8c.ondigitalocean.app/api/units/465806","K Line, China Merchants Energy Shipping, CMC",https://www.igu.org/igu-reports/2025-world-lng-report,,,Hudong-Zhonghua Shipbuilding,https://www.igu.org/igu-reports/2025-world-lng-report,China,https://www.shipyards.gr/shipyards/new-buildings-shipyards/newbuilding-farest-pacific-ocean/newbuilding-far-east-china-sea/china-south/hudong-zhonghua-shipbuilding-group-coltd,31.271988,121.575478,"7HCG+R4 Pudong, Shanghai, China",exact,"https://www.google.com/maps/place/Hudong-Zhonghua+Shipbuilding/@31.2720706,121.5727207,753m/data=!3m2!1e3!4b1!4m6!3m5!1s0x35b2742eceeb203d:0x37fddc7176d2cc24!8m2!3d31.2720706!4d121.5752956!16s%2Fg%2F1td0qx6d?entry=ttu&g_ep=EgoyMDI1MTIwMi4wIKXMDSoASAFQAw%3D%3D",174000,cbm,https://www.igu.org/igu-reports/2025-world-lng-report,,,,,X-DF,https://www.igu.org/igu-reports/2025-world-lng-report,2026,http://www.chinashipbuilding.cn/ship.aspx?pklujyukkpp4SFXbJanmkhTk8Pl4EN,IGU,,,,,,,
279,9997672,https://www.igu.org/igu-reports/2025-world-lng-report,Puteri Kedah,https://system.new-vessels.com/Ship-18017004-PuteriKedah.html,"delivery year initially 2025 but still on order as of Dec 18, so changing to 2026",,,Hull H1895A,https://www.igu.org/igu-reports/2025-world-lng-report,active,GEM,12/17/2025,"https://www.shipvault.com/ships/465807, https://shipvaultapi-gjb8c.ondigitalocean.app/api/units/465807","K Line, China Merchants Energy Shipping, CMC",https://www.igu.org/igu-reports/2025-world-lng-report,,,Hudong-Zhonghua Shipbuilding,https://www.igu.org/igu-reports/2025-world-lng-report,China,https://www.shipyards.gr/shipyards/new-buildings-shipyards/newbuilding-farest-pacific-ocean/newbuilding-far-east-china-sea/china-south/hudong-zhonghua-shipbuilding-group-coltd,31.271988,121.575478,"7HCG+R4 Pudong, Shanghai, China",exact,"https://www.google.com/maps/place/Hudong-Zhonghua+Shipbuilding/@31.2720706,121.5727207,753m/data=!3m2!1e3!4b1!4m6!3m5!1s0x35b2742eceeb203d:0x37fddc7176d2cc24!8m2!3d31.2720706!4d121.5752956!16s%2Fg%2F1td0qx6d?entry=ttu&g_ep=EgoyMDI1MTIwMi4wIKXMDSoASAFQAw%3D%3D",174000,cbm,https://www.igu.org/igu-reports/2025-world-lng-report,,,,,X-DF,https://www.igu.org/igu-reports/2025-world-lng-report,2026,https://www.marinetraffic.org/ship-owner-manager-ism-data/HUDONG-ZHONGHUA-H1895A/9997672/1,IGU,,,,,,,
289,1024754,https://www.igu.org/igu-reports/2025-world-lng-report,Tianshan,"https://www.shipvault.com/ships/467899, https://shipvaultapi-gjb8c.ondigitalocean.app/api/units/467899",,,,Hull H1909A,https://www.igu.org/igu-reports/2025-world-lng-report,active,GEM,12/31/2024,"https://www.shipvault.com/ships/467899, https://shipvaultapi-gjb8c.ondigitalocean.app/api/units/467899",United Liquefied Gas,https://www.igu.org/igu-reports/2025-world-lng-report,,,Hudong-Zhonghua Shipbuilding,https://www.igu.org/igu-reports/2025-world-lng-report,China,https://www.shipyards.gr/shipyards/new-buildings-shipyards/newbuilding-farest-pacific-ocean/newbuilding-far-east-china-sea/china-south/hudong-zhonghua-shipbuilding-group-coltd,31.271988,121.575478,"7HCG+R4 Pudong, Shanghai, China",exact,"https://www.google.com/maps/place/Hudong-Zhonghua+Shipbuilding/@31.2720706,121.5727207,753m/data=!3m2!1e3!4b1!4m6!3m5!1s0x35b2742eceeb203d:0x37fddc7176d2cc24!8m2!3d31.2720706!4d121.5752956!16s%2Fg%2F1td0qx6d?entry=ttu&g_ep=EgoyMDI1MTIwMi4wIKXMDSoASAFQAw%3D%3D",174000,cbm,https://www.igu.org/igu-reports/2025-world-lng-report,,,,,X-DF,https://www.igu.org/igu-reports/2025-world-lng-report,2026,https://www.igu.org/igu-reports/2025-world-lng-report,IGU,,,,,,,
318,1040693,https://www.igu.org/igu-reports/2025-world-lng-report,Yangze LNG 01,"https://www.shipvault.com/ships/475022, https://shipvaultapi-gjb8c.ondigitalocean.app/api/units/475022",,,,Hull YZJ2022-1475,https://www.igu.org/igu-reports/2025-world-lng-report,on order,GEM,12/31/2024,https://www.igu.org/igu-reports/2025-world-lng-report,Yangzijiang Shipbuilding,https://www.tradewindsnews.com/gas/yangzijiang-opts-to-build-its-first-lng-carrier-duo-speculatively-as-buyer-evaporates/2-1-1692004,,,Yangzijiang Shipbuilding,https://www.igu.org/igu-reports/2025-world-lng-report,China,https://www.trusteddocks.com/company-group/102275-yangzijiang-shipbuilding-group-ltd,31.95775,120.166811,"X558+4PJ, Jingjiang, Taizhou, Jiangsu, China, 214533",exact,https://www.trusteddocks.com/company-group/102275-yangzijiang-shipbuilding-group-ltd,175000,cbm,https://www.igu.org/igu-reports/2025-world-lng-report,,,,,ME-GA,https://www.igu.org/igu-reports/2025-world-lng-report,2026,https://www.igu.org/igu-reports/2025-world-lng-report,IGU,,,,,,,
324,9975337,https://www.igu.org/igu-reports/2025-world-lng-report,Agamemnon,https://www.igu.org/igu-reports/2025-world-lng-report,,,,,,active,GEM,12/31/2024,"https://www.shipvault.com/ships/457557, https://shipvaultapi-gjb8c.ondigitalocean.app/api/units/457557",Capital Gas,https://www.igu.org/igu-reports/2025-world-lng-report,,,HD Hyundai Samho,https://www.igu.org/igu-reports/2025-world-lng-report,South Korea,https://www.hshi.co.kr/eng/,34.75031,126.3875,"Q92P+7M Yeongam-gun, Jeollanam-do",exact,https://www.google.com/maps/place/Hyundai+Samho+Heavy+Industries+Entrance/data=!3m1!1e3!4m10!1m2!2m1!1sHyundai+Samho+Heavy+Industries!3m6!1s0x3573a4568dfe21d7:0x865a025eb9b373b5!8m2!3d34.75066!4d126.386691!15sCh5IeXVuZGFpIFNhbWhvIEhlYXZ5IEluZHVzdHJpZXOSAQhidXNfc3RvcOABAA!16s%2Fg%2F11b77sqk26?entry=ttu&g_ep=EgoyMDI1MTIwMi4wIKXMDSoASAFQAw%3D%3D,174000,cbm,https://www.igu.org/igu-reports/2025-world-lng-report,,,,,ME-GA,https://www.igu.org/igu-reports/2025-world-lng-report,2026,https://www.igu.org/igu-reports/2025-world-lng-report,IGU,,,,,,,
372,9986087,https://www.igu.org/igu-reports/2025-world-lng-report,Al-Slaimi,https://www.igu.org/igu-reports/2025-world-lng-report,,,,,,active,GEM,12/31/2024,"https://www.shipvault.com/ships/465039, https://shipvaultapi-gjb8c.ondigitalocean.app/api/units/465039",K3 Consortium,https://www.igu.org/igu-reports/2025-world-lng-report,,,Hanwha Ocean,https://www.igu.org/igu-reports/2025-world-lng-report,South Korea,https://www.hanwha.com/companies/hanwha-ocean.do,34.87385,128.6966,"VMCW+V7 Geoje-si, Gyeongsangnam-do",exact,https://www.google.com/maps/place/Hanwha+Ocean/data=!3m1!1e3!4m10!1m2!2m1!1sHanwha+Ocean!3m6!1s0x356ecd1d7a72f7db:0x3bfe90e7d8bf93f0!8m2!3d34.8721913!4d128.6956963!15sCgxIYW53aGEgT2NlYW5aDiIMaGFud2hhIG9jZWFukgEfc2hpcGJ1aWxkaW5nX2FuZF9yZXBhaXJfY29tcGFueZoBI0NoWkRTVWhOTUc5blMwVkpRMEZuVFVSUmRYVkVTMWhuRUFF4AEA-gEECAAQLA!16s%2Fg%2F11swmd6_76?entry=ttu&g_ep=EgoyMDI1MTIwMi4wIKXMDSoASAFQAw%3D%3D,174000,cbm,https://www.igu.org/igu-reports/2025-world-lng-report,,,,,ME-GA,https://www.igu.org/igu-reports/2025-world-lng-report,2025,"https://www.shipvault.com/ships/465039, https://shipvaultapi-gjb8c.ondigitalocean.app/api/units/465039",IGU,,,,,,,
375,9904546,https://www.igu.org/igu-reports/2025-world-lng-report,Aleksey Kosygin,"https://www.shipvault.com/ships/431878, https://shipvaultapi-gjb8c.ondigitalocean.app/api/units/431878","this was part of Arctic LNG 2, which has been sanctioned; IGU originally says 2025 delivery but BL is moving to 2026 for now",,,,,on order,GEM,12/11/2025,https://www.vesselfinder.com/vessels/details/9904546,Smart LNG,https://www.igu.org/igu-reports/2025-world-lng-report,,,Zvezda Shipbuilding,https://www.igu.org/igu-reports/2025-world-lng-report,Russia,https://www.sskzvezda.ru/,43.12037,132.3456,"48CW+88 Bolshoy Kamen, Primorsky Krai, Russia",exact,"https://www.google.com/maps/place/%D0%A1%D0%A1%D0%9A+%C2%AB%D0%97%D0%B2%D0%B5%D0%B7%D0%B4%D0%B0%C2%BB/@43.121004,132.34029,643m/data=!3m1!1e3!4m15!1m7!2m6!1sZvezda+Shipbuilding!3m4!2s39.890604,+-75.188622!4m2!1d-75.1886219!2d39.8906036!3m6!1s0x5fb3c2dbb55ec52d:0x1380efacbe890818!8m2!3d43.1207847!4d132.3458251!15sChNadmV6ZGEgU2hpcGJ1aWxkaW5nkgEIc2hpcHlhcmTgAQA!16s%2Fg%2F11f03_n1zt?entry=ttu&g_ep=EgoyMDI1MTIwMi4wIKXMDSoASAFQAw%3D%3D",172600,cbm,https://www.igu.org/igu-reports/2025-world-lng-report,,,,,DFDE,https://www.igu.org/igu-reports/2025-world-lng-report,2026,https://www.igu.org/igu-reports/2025-world-lng-report,IGU,,,,,,,
386,9975325,https://www.igu.org/igu-reports/2025-world-lng-report,Archimidis,https://www.igu.org/igu-reports/2025-world-lng-report,,,,,,active,GEM,12/31/2024,"https://www.shipvault.com/ships/457556, https://shipvaultapi-gjb8c.ondigitalocean.app/api/units/457556",Capital Gas,https://www.igu.org/igu-reports/2025-world-lng-report,,,HD Hyundai Samho,https://www.igu.org/igu-reports/2025-world-lng-report,South Korea,https://www.hshi.co.kr/eng/,34.75031,126.3875,"Q92P+7M Yeongam-gun, Jeollanam-do",exact,https://www.google.com/maps/place/Hyundai+Samho+Heavy+Industries+Entrance/data=!3m1!1e3!4m10!1m2!2m1!1sHyundai+Samho+Heavy+Industries!3m6!1s0x3573a4568dfe21d7:0x865a025eb9b373b5!8m2!3d34.75066!4d126.386691!15sCh5IeXVuZGFpIFNhbWhvIEhlYXZ5IEluZHVzdHJpZXOSAQhidXNfc3RvcOABAA!16s%2Fg%2F11b77sqk26?entry=ttu&g_ep=EgoyMDI1MTIwMi4wIKXMDSoASAFQAw%3D%3D,174000,cbm,https://www.igu.org/igu-reports/2025-world-lng-report,,,,,ME-GA,https://www.igu.org/igu-reports/2025-world-lng-report,2026,https://www.igu.org/igu-reports/2025-world-lng-report,IGU,,,,,,,
517,1013511,https://www.igu.org/igu-reports/2025-world-lng-report,Sea Charity,"https://www.shipvault.com/ships/461880, https://shipvaultapi-gjb8c.ondigitalocean.app/api/units/461880",,,,,,on order,GEM,12/31/2024,https://www.igu.org/igu-reports/2025-world-lng-report,China Merchants Energy Shipping,https://www.igu.org/igu-reports/2025-world-lng-report,,,DSIC (Dalian Shipbuilding Industry Co),https://www.igu.org/igu-reports/2025-world-lng-report,China,http://www.dsic.cn/English/CorporateProfile/AboutUs/index.htm,38.937861,121.638613,"WJMP+FX6, Binhai St, Xigang District, Dalian, Dalian, Liaoning, China, 116006",exact,"https://www.google.com/maps/place/Dalian+Shipbuilding+Heavy+Industry+Co.,Ltd./@38.9301597,121.6171177,2740m/data=!3m1!1e3!4m15!1m7!2m6!1sDalian+Shipbuilding+Industry+Co!3m4!2s60.153931,+24.928542!4m2!1d24.9285418!2d60.1539309!3m6!1s0x3585f55b64d083c7:0x46a88d8ffb6405f2!8m2!3d38.9336592!4d121.6374032!15sCh9EYWxpYW4gU2hpcGJ1aWxkaW5nIEluZHVzdHJ5IENvkgEHY29tcGFueeABAA!16s%2Fg%2F1tf_qtz_?entry=ttu&g_ep=EgoyMDI1MTIwMi4wIKXMDSoASAFQAw%3D%3D",175000,cbm,https://www.igu.org/igu-reports/2025-world-lng-report,,,,,X-DF,https://www.igu.org/igu-reports/2025-world-lng-report,2026,https://www.igu.org/igu-reports/2025-world-lng-report,IGU,,,,,,,
674,9972385,https://www.igu.org/igu-reports/2025-world-lng-report,HL Puffin,https://www.igu.org/igu-reports/2025-world-lng-report,,,,,,active,GEM,12/31/2024,"https://www.shipvault.com/ships/454342, https://shipvaultapi-gjb8c.ondigitalocean.app/api/units/454342",H-Line Shipping,https://www.igu.org/igu-reports/2025-world-lng-report,,,Samsung Heavy Industries,https://www.igu.org/igu-reports/2025-world-lng-report,South Korea,https://www.samsungshi.com/En/Default.aspx,34.89804,128.6045,"VJW3+QV Geoje-si, Gyeongsangnam-do",exact,https://www.google.com/maps/place/Samsung+Heavy+industries/data=!3m1!1e3!4m10!1m2!2m1!1ssamsung+heavy+industries!3m6!1s0x356ecd83691a8fb5:0xd4204e9a1bb0ef10!8m2!3d34.8969682!4d128.6046376!15sChhzYW1zdW5nIGhlYXZ5IGluZHVzdHJpZXOSAQhzaGlweWFyZOABAA!16s%2Fg%2F1tgcpry6?entry=ttu&g_ep=EgoyMDI1MTIwMi4wIKXMDSoASAFQAw%3D%3D,174000,cbm,https://www.igu.org/igu-reports/2025-world-lng-report,,,,,ME-GA,https://www.igu.org/igu-reports/2025-world-lng-report,2025,"https://www.shipvault.com/ships/454342, https://shipvaultapi-gjb8c.ondigitalocean.app/api/units/454342",IGU,,,,,,,
708,9972957,https://www.igu.org/igu-reports/2025-world-lng-report,Al Sadaf,https://www.marinetraffic.com/en/ais/details/ships/shipid:9646195/mmsi:636023752/imo:9972957/vessel:AL%20SADAF,,,,Hull H2703,https://www.igu.org/igu-reports/2025-world-lng-report,active,GEM,5/14/2026,"https://www.shipvault.com/ships/455147, https://shipvaultapi-gjb8c.ondigitalocean.app/api/units/455147",ADNOC L&S,https://www.igu.org/igu-reports/2025-world-lng-report,,,Jiangnan Shipyard,https://www.igu.org/igu-reports/2025-world-lng-report,China,https://www.jnshipyard.com.cn/,31.355766,121.502217,"9G32+XJ Baoshan, Shanghai, China",exact,"https://www.google.com/maps/place/Jiangnan+Shipyard+%EF%BC%88Group%EF%BC%89+Co.,+Ltd./@31.354923,121.4990201,752m/data=!3m2!1e3!4b1!4m6!3m5!1s0x35b27324c39e47ab:0x7a74ae921f6eb2ab!8m2!3d31.354923!4d121.501595!16s%2Fg%2F11cnpghcr_?entry=ttu&g_ep=EgoyMDI1MTIwMi4wIKXMDSoASAFQAw%3D%3D",174000,cbm,https://www.igu.org/igu-reports/2025-world-lng-report,,,,,X-DF,https://www.igu.org/igu-reports/2025-world-lng-report,2025,"https://www.shipvault.com/ships/455147, https://shipvaultapi-gjb8c.ondigitalocean.app/api/units/455147",IGU,,,,,,,
709,9972969,https://www.igu.org/igu-reports/2025-world-lng-report,Arada,https://www.vesselfinder.com/vessels/details/9972969,,,,Hull H2704,https://www.igu.org/igu-reports/2025-world-lng-report,active,GEM,5/14/2026,"https://www.shipvault.com/ships/462911, https://shipvaultapi-gjb8c.ondigitalocean.app/api/units/462911",ADNOC L&S,https://www.igu.org/igu-reports/2025-world-lng-report,,,Jiangnan Shipyard,https://www.igu.org/igu-reports/2025-world-lng-report,China,https://www.jnshipyard.com.cn/,31.355766,121.502217,"9G32+XJ Baoshan, Shanghai, China",exact,"https://www.google.com/maps/place/Jiangnan+Shipyard+%EF%BC%88Group%EF%BC%89+Co.,+Ltd./@31.354923,121.4990201,752m/data=!3m2!1e3!4b1!4m6!3m5!1s0x35b27324c39e47ab:0x7a74ae921f6eb2ab!8m2!3d31.354923!4d121.501595!16s%2Fg%2F11cnpghcr_?entry=ttu&g_ep=EgoyMDI1MTIwMi4wIKXMDSoASAFQAw%3D%3D",174000,cbm,https://www.igu.org/igu-reports/2025-world-lng-report,,,,,X-DF,https://www.igu.org/igu-reports/2025-world-lng-report,2026,https://www.igu.org/igu-reports/2025-world-lng-report,IGU,,,,,,,
710,9972971,https://www.igu.org/igu-reports/2025-world-lng-report,Al Taweelah,https://maritimeoptima.com/public/vessels/pages/imo:9972971/mmsi:636023754/AL_TAWEELAH.html,,,,Hull H2705,https://www.igu.org/igu-reports/2025-world-lng-report,active,GEM,5/14/2026,"https://www.shipvault.com/ships/462912, https://shipvaultapi-gjb8c.ondigitalocean.app/api/units/462912",ADNOC L&S,https://www.igu.org/igu-reports/2025-world-lng-report,,,Jiangnan Shipyard,https://www.igu.org/igu-reports/2025-world-lng-report,China,https://www.jnshipyard.com.cn/,31.355766,121.502217,"9G32+XJ Baoshan, Shanghai, China",exact,"https://www.google.com/maps/place/Jiangnan+Shipyard+%EF%BC%88Group%EF%BC%89+Co.,+Ltd./@31.354923,121.4990201,752m/data=!3m2!1e3!4b1!4m6!3m5!1s0x35b27324c39e47ab:0x7a74ae921f6eb2ab!8m2!3d31.354923!4d121.501595!16s%2Fg%2F11cnpghcr_?entry=ttu&g_ep=EgoyMDI1MTIwMi4wIKXMDSoASAFQAw%3D%3D",174000,cbm,https://www.igu.org/igu-reports/2025-world-lng-report,,,,,X-DF,https://www.igu.org/igu-reports/2025-world-lng-report,2026,https://www.igu.org/igu-reports/2025-world-lng-report,IGU,,,,,,,
714,9969376,https://www.igu.org/igu-reports/2025-world-lng-report,Josef Pilsudski,https://www.igu.org/igu-reports/2025-world-lng-report,,,,,,active,GEM,12/31/2024,"https://www.shipvault.com/ships/455819, https://shipvaultapi-gjb8c.ondigitalocean.app/api/units/455819",Knutsen OAS,https://www.igu.org/igu-reports/2025-world-lng-report,,,HD Hyundai Heavy Industries,https://www.igu.org/igu-reports/2025-world-lng-report,South Korea,https://www.hd.com/en/main,35.51613,129.4383,GC8Q+M6 Ulsan,exact,https://www.google.com/maps/place/HD+Hyundai+Heavy+Industries+Ulsan+Shipyard/data=!3m1!1e3!4m10!1m2!2m1!1sHD+Hyundai!3m6!1s0x3567ce56ebbfb645:0xd94a696f9fca5d90!8m2!3d35.5167468!4d129.4380269!15sCgpIRCBIeXVuZGFpkgEIc2hpcHlhcmTgAQA!16s%2Fg%2F1tfhd8y1?entry=ttu&g_ep=EgoyMDI1MTIwMi4wIKXMDSoASAFQAw%3D%3D,174000,cbm,https://www.igu.org/igu-reports/2025-world-lng-report,,,,,X-DF,https://www.igu.org/igu-reports/2025-world-lng-report,2025,"https://www.shipvault.com/ships/455819, https://shipvaultapi-gjb8c.ondigitalocean.app/api/units/455819",IGU,,,,,,,
976,9974151,https://www.igu.org/igu-reports/2025-world-lng-report,Puteri Perak,https://www.igu.org/igu-reports/2025-world-lng-report,,,,,,active,GEM,12/31/2024,"https://www.shipvault.com/ships/456918, https://shipvaultapi-gjb8c.ondigitalocean.app/api/units/456918",H-Line Shipping,https://www.igu.org/igu-reports/2025-world-lng-report,,,HD Hyundai Samho,https://www.igu.org/igu-reports/2025-world-lng-report,South Korea,https://www.hshi.co.kr/eng/,34.75031,126.3875,"Q92P+7M Yeongam-gun, Jeollanam-do",exact,https://www.google.com/maps/place/Hyundai+Samho+Heavy+Industries+Entrance/data=!3m1!1e3!4m10!1m2!2m1!1sHyundai+Samho+Heavy+Industries!3m6!1s0x3573a4568dfe21d7:0x865a025eb9b373b5!8m2!3d34.75066!4d126.386691!15sCh5IeXVuZGFpIFNhbWhvIEhlYXZ5IEluZHVzdHJpZXOSAQhidXNfc3RvcOABAA!16s%2Fg%2F11b77sqk26?entry=ttu&g_ep=EgoyMDI1MTIwMi4wIKXMDSoASAFQAw%3D%3D,174000,cbm,https://www.igu.org/igu-reports/2025-world-lng-report,,,,,X-DF,https://www.igu.org/igu-reports/2025-world-lng-report,2025,"https://www.shipvault.com/ships/456918, https://shipvaultapi-gjb8c.ondigitalocean.app/api/units/456918",IGU,,,,,,,
978,9974163,https://www.igu.org/igu-reports/2025-world-lng-report,Puteri Perlis,"https://www.shipvault.com/ships/456919, https://shipvaultapi-gjb8c.ondigitalocean.app/api/units/456919",,,,,,active,GEM,12/31/2024,"https://www.shipvault.com/ships/456919, https://shipvaultapi-gjb8c.ondigitalocean.app/api/units/456919",H-Line Shipping,https://www.igu.org/igu-reports/2025-world-lng-report,,,Samsung Heavy Industries,https://www.igu.org/igu-reports/2025-world-lng-report,South Korea,https://www.samsungshi.com/En/Default.aspx,34.89804,128.6045,"VJW3+QV Geoje-si, Gyeongsangnam-do",exact,https://www.google.com/maps/place/Samsung+Heavy+industries/data=!3m1!1e3!4m10!1m2!2m1!1ssamsung+heavy+industries!3m6!1s0x356ecd83691a8fb5:0xd4204e9a1bb0ef10!8m2!3d34.8969682!4d128.6046376!15sChhzYW1zdW5nIGhlYXZ5IGluZHVzdHJpZXOSAQhzaGlweWFyZOABAA!16s%2Fg%2F1tgcpry6?entry=ttu&g_ep=EgoyMDI1MTIwMi4wIKXMDSoASAFQAw%3D%3D,174000,cbm,https://www.igu.org/igu-reports/2025-world-lng-report,,,,,X-DF,https://www.igu.org/igu-reports/2025-world-lng-report,2026,https://www.igu.org/igu-reports/2025-world-lng-report,IGU,,,,,,,
