original order in sheet,IMO number,IMO number [ref],Name,Name [ref],Notes,Other names,Other names [ref],Hull number,Hull number [ref],Status,Researcher,Last updated,Status [ref],Shipowner,Shipowner [ref],Shipowner country/area,Shipowner country/area [ref],Shipbuilder,Shipbuilder [ref],Shipbuilder yard country/area,Shipbuilder yard country/area [ref],Yard location latitude,Yard location longitude,Yard location plus code,Yard location accuracy,Yard location lat/lon [ref],Capacity,Capacity units,Capacity [ref],Cargo type,Cargo type [ref],Vessel type,Vessel type [ref],Propulsion type,Propulsion type [ref],Delivery year,Delivery year [ref],Delivery delayed,Previous delivery year(s),Previous delivery year(s) [ref],[Original source],Operator/charterer,Operator/charterer [ref],Contract date,Contract date [ref],Price,Price currency,Price [ref]
63,9991915,https://www.igu.org/igu-reports/2025-world-lng-report,Seri Dian,"https://www.shipvault.com/ships/465049, https://shipvaultapi-gjb8c.ondigitalocean.app/api/units/465049",,Hull 2570 (Hanwha),"https://www.shipvault.com/ships/465049, https://shipvaultapi-gjb8c.ondigitalocean.app/api/units/465049",Hull 2570 (Hanwha),https://www.igu.org/igu-reports/2025-world-lng-report,active,GEM,12/31/2024,"https://www.shipvault.com/ships/465049, https://shipvaultapi-gjb8c.ondigitalocean.app/api/units/465049",MISC,https://www.igu.org/igu-reports/2025-world-lng-report,Malaysia,"https://www.misc.com.my/contact-us/, https://www.miscgroup.com/awcontent/Web/Documents/IntegratedAnnualReport/Integrated-Annual-Report-2025.pdf, https://en.wikipedia.org/wiki/MISC_Berhad",Hanwha Ocean,https://www.igu.org/igu-reports/2025-world-lng-report,South Korea,https://www.hanwha.com/companies/hanwha-ocean.do,34.87385,128.6966,"VMCW+V7 Geoje-si, Gyeongsangnam-do",exact,https://www.google.com/maps/place/Hanwha+Ocean/data=!3m1!1e3!4m10!1m2!2m1!1sHanwha+Ocean!3m6!1s0x356ecd1d7a72f7db:0x3bfe90e7d8bf93f0!8m2!3d34.8721913!4d128.6956963!15sCgxIYW53aGEgT2NlYW5aDiIMaGFud2hhIG9jZWFukgEfc2hpcGJ1aWxkaW5nX2FuZF9yZXBhaXJfY29tcGFueZoBI0NoWkRTVWhOTUc5blMwVkpRMEZuVFVSUmRYVkVTMWhuRUFF4AEA-gEECAAQLA!16s%2Fg%2F11swmd6_76?entry=ttu&g_ep=EgoyMDI1MTIwMi4wIKXMDSoASAFQAw%3D%3D,174000,cbm,https://www.igu.org/igu-reports/2025-world-lng-report,,,conventional,https://www.datocms-assets.com/146580/1783403747-igu-world-lng-report-2026.pdf,X-DF,https://www.igu.org/igu-reports/2025-world-lng-report,2026,https://www.igu.org/igu-reports/2025-world-lng-report,,,,IGU,,,,,,,
64,9991927,https://www.igu.org/igu-reports/2025-world-lng-report,Seri Dayang,"https://www.shipvault.com/ships/465050, https://shipvaultapi-gjb8c.ondigitalocean.app/api/units/465050",,Hull 2571 (Hanwha),"https://www.shipvault.com/ships/465050, https://shipvaultapi-gjb8c.ondigitalocean.app/api/units/465050",Hull 2571 (Hanwha),https://www.igu.org/igu-reports/2025-world-lng-report,active,GEM,12/31/2024,"https://www.shipvault.com/ships/465050, https://shipvaultapi-gjb8c.ondigitalocean.app/api/units/465050",MISC,https://www.igu.org/igu-reports/2025-world-lng-report,Malaysia,"https://www.misc.com.my/contact-us/, https://www.miscgroup.com/awcontent/Web/Documents/IntegratedAnnualReport/Integrated-Annual-Report-2025.pdf, https://en.wikipedia.org/wiki/MISC_Berhad",Hanwha Ocean,https://www.igu.org/igu-reports/2025-world-lng-report,South Korea,https://www.hanwha.com/companies/hanwha-ocean.do,34.87385,128.6966,"VMCW+V7 Geoje-si, Gyeongsangnam-do",exact,https://www.google.com/maps/place/Hanwha+Ocean/data=!3m1!1e3!4m10!1m2!2m1!1sHanwha+Ocean!3m6!1s0x356ecd1d7a72f7db:0x3bfe90e7d8bf93f0!8m2!3d34.8721913!4d128.6956963!15sCgxIYW53aGEgT2NlYW5aDiIMaGFud2hhIG9jZWFukgEfc2hpcGJ1aWxkaW5nX2FuZF9yZXBhaXJfY29tcGFueZoBI0NoWkRTVWhOTUc5blMwVkpRMEZuVFVSUmRYVkVTMWhuRUFF4AEA-gEECAAQLA!16s%2Fg%2F11swmd6_76?entry=ttu&g_ep=EgoyMDI1MTIwMi4wIKXMDSoASAFQAw%3D%3D,174000,cbm,https://www.igu.org/igu-reports/2025-world-lng-report,,,conventional,https://www.datocms-assets.com/146580/1783403747-igu-world-lng-report-2026.pdf,X-DF,https://www.igu.org/igu-reports/2025-world-lng-report,2026,https://www.igu.org/igu-reports/2025-world-lng-report,,,,IGU,,,,,,,
72,9995480,"https://www.shipvault.com/ships/465056, https://shipvaultapi-gjb8c.ondigitalocean.app/api/units/465056",Hull 2580,"https://www.shipvault.com/ships/465056, https://shipvaultapi-gjb8c.ondigitalocean.app/api/units/465056",,,,Hull 2580,"https://www.shipvault.com/ships/465056, https://shipvaultapi-gjb8c.ondigitalocean.app/api/units/465056",on order,SFOC,12/8/2025,"https://www.shipvault.com/ships/465056, https://shipvaultapi-gjb8c.ondigitalocean.app/api/units/465056",Mitsui OSK Lines,"https://www.shipvault.com/ships/465056, https://shipvaultapi-gjb8c.ondigitalocean.app/api/units/465056",Japan,"https://en.wikipedia.org/wiki/Mitsui_O.S.K._Lines, https://magicport.ai/owners-managers/japan/mitsui-osk-lines-ltd, https://stockanalysis.com/quote/tyo/9104/company/",Hanwha Ocean,"https://www.shipvault.com/ships/465056, https://shipvaultapi-gjb8c.ondigitalocean.app/api/units/465056",South Korea,https://www.hanwha.com/companies/hanwha-ocean.do,34.87385,128.6966,"VMCW+V7 Geoje-si, Gyeongsangnam-do",exact,https://www.google.com/maps/place/Hanwha+Ocean/data=!3m1!1e3!4m10!1m2!2m1!1sHanwha+Ocean!3m6!1s0x356ecd1d7a72f7db:0x3bfe90e7d8bf93f0!8m2!3d34.8721913!4d128.6956963!15sCgxIYW53aGEgT2NlYW5aDiIMaGFud2hhIG9jZWFukgEfc2hpcGJ1aWxkaW5nX2FuZF9yZXBhaXJfY29tcGFueZoBI0NoWkRTVWhOTUc5blMwVkpRMEZuVFVSUmRYVkVTMWhuRUFF4AEA-gEECAAQLA!16s%2Fg%2F11swmd6_76?entry=ttu&g_ep=EgoyMDI1MTIwMi4wIKXMDSoASAFQAw%3D%3D,,,,,,,,,,2027,"https://www.shipvault.com/ships/465056, https://shipvaultapi-gjb8c.ondigitalocean.app/api/units/465056",,,,Clarkson,,,1-Sep-2022,"https://www.shipvault.com/ships/465056, https://shipvaultapi-gjb8c.ondigitalocean.app/api/units/465056",224000000.00,USD,https://www.shipvault.com/ships/465056
74,1022043,"https://www.shipvault.com/ships/470097, https://shipvaultapi-gjb8c.ondigitalocean.app/api/units/470097",Maran Gas Poliegos,"https://www.shipvault.com/ships/470097, https://shipvaultapi-gjb8c.ondigitalocean.app/api/units/470097",,Hull 2582 (Hanwha),"https://www.shipvault.com/ships/470097, https://shipvaultapi-gjb8c.ondigitalocean.app/api/units/470097",Hull 2582 (Hanwha),"https://www.shipvault.com/ships/470097, https://shipvaultapi-gjb8c.ondigitalocean.app/api/units/470097",on order,SFOC,12/8/2025,"https://www.shipvault.com/ships/470097, https://shipvaultapi-gjb8c.ondigitalocean.app/api/units/470097",Maran Gas Maritime,"https://www.shipvault.com/ships/470097, https://shipvaultapi-gjb8c.ondigitalocean.app/api/units/470097",Greece,"https://magicport.ai/owners-managers/greece/maran-gas-maritime-inc, https://lngprime.com/europe/greeces-maran-gas-welcomes-lng-carrier-john-a-angelicoussis-to-its-fleet/47566/",Hanwha Ocean,"https://www.shipvault.com/ships/470097, https://shipvaultapi-gjb8c.ondigitalocean.app/api/units/470097",South Korea,https://www.hanwha.com/companies/hanwha-ocean.do,34.87385,128.6966,"VMCW+V7 Geoje-si, Gyeongsangnam-do",exact,https://www.google.com/maps/place/Hanwha+Ocean/data=!3m1!1e3!4m10!1m2!2m1!1sHanwha+Ocean!3m6!1s0x356ecd1d7a72f7db:0x3bfe90e7d8bf93f0!8m2!3d34.8721913!4d128.6956963!15sCgxIYW53aGEgT2NlYW5aDiIMaGFud2hhIG9jZWFukgEfc2hpcGJ1aWxkaW5nX2FuZF9yZXBhaXJfY29tcGFueZoBI0NoWkRTVWhOTUc5blMwVkpRMEZuVFVSUmRYVkVTMWhuRUFF4AEA-gEECAAQLA!16s%2Fg%2F11swmd6_76?entry=ttu&g_ep=EgoyMDI1MTIwMi4wIKXMDSoASAFQAw%3D%3D,,,,,,,,,,2027,"https://www.shipvault.com/ships/470097, https://shipvaultapi-gjb8c.ondigitalocean.app/api/units/470097",,,,Clarkson,,,1-Mar-2023,"https://www.shipvault.com/ships/470097, https://shipvaultapi-gjb8c.ondigitalocean.app/api/units/470097",256000000.00,USD,"https://www.shipvault.com/ships/470097, https://shipvaultapi-gjb8c.ondigitalocean.app/api/units/470097"
78,1030363,"https://www.shipvault.com/ships/469431, https://shipvaultapi-gjb8c.ondigitalocean.app/api/units/469431",Hull 2584 (Hanwha),"https://www.shipvault.com/ships/469431, https://shipvaultapi-gjb8c.ondigitalocean.app/api/units/469431",,,,Hull 2584 (Hanwha),"https://www.shipvault.com/ships/469431, https://shipvaultapi-gjb8c.ondigitalocean.app/api/units/469431",on order,SFOC,12/8/2025,"https://www.shipvault.com/ships/469431, https://shipvaultapi-gjb8c.ondigitalocean.app/api/units/469431",Mitsui OSK Lines,"https://www.shipvault.com/ships/469431, https://shipvaultapi-gjb8c.ondigitalocean.app/api/units/469431",Japan,"https://en.wikipedia.org/wiki/Mitsui_O.S.K._Lines, https://magicport.ai/owners-managers/japan/mitsui-osk-lines-ltd, https://stockanalysis.com/quote/tyo/9104/company/",Hanwha Ocean,"https://www.shipvault.com/ships/469431, https://shipvaultapi-gjb8c.ondigitalocean.app/api/units/469431",South Korea,https://www.hanwha.com/companies/hanwha-ocean.do,34.87385,128.6966,"VMCW+V7 Geoje-si, Gyeongsangnam-do",exact,https://www.google.com/maps/place/Hanwha+Ocean/data=!3m1!1e3!4m10!1m2!2m1!1sHanwha+Ocean!3m6!1s0x356ecd1d7a72f7db:0x3bfe90e7d8bf93f0!8m2!3d34.8721913!4d128.6956963!15sCgxIYW53aGEgT2NlYW5aDiIMaGFud2hhIG9jZWFukgEfc2hpcGJ1aWxkaW5nX2FuZF9yZXBhaXJfY29tcGFueZoBI0NoWkRTVWhOTUc5blMwVkpRMEZuVFVSUmRYVkVTMWhuRUFF4AEA-gEECAAQLA!16s%2Fg%2F11swmd6_76?entry=ttu&g_ep=EgoyMDI1MTIwMi4wIKXMDSoASAFQAw%3D%3D,,,,,,,,,,2027,"https://www.shipvault.com/ships/469431, https://shipvaultapi-gjb8c.ondigitalocean.app/api/units/469431",,,,Clarkson,,,1-Aug-2023,"https://www.shipvault.com/ships/469431, https://shipvaultapi-gjb8c.ondigitalocean.app/api/units/469431",251000000.00,USD,"https://www.shipvault.com/ships/469431, https://shipvaultapi-gjb8c.ondigitalocean.app/api/units/469431"
92,1094412,"https://www.shipvault.com/ships/478881, https://shipvaultapi-gjb8c.ondigitalocean.app/api/units/478881",Hull 2598 (Hanwha),"https://www.shipvault.com/ships/478881, https://shipvaultapi-gjb8c.ondigitalocean.app/api/units/478881",,,,Hull 2598 (Hanwha),"https://www.shipvault.com/ships/478881, https://shipvaultapi-gjb8c.ondigitalocean.app/api/units/478881",on order,SFOC,12/8/2025,"https://www.shipvault.com/ships/478881, https://shipvaultapi-gjb8c.ondigitalocean.app/api/units/478881",ADNOC L&S,Ship: HULL 2598 - LNG CARRIER (IMO: 1094412),United Arab Emirates,"https://magicport.ai/owners-managers/united-arab-emirates/adnoc-logistics-services, https://stockanalysis.com/quote/adx/ADNOCLS/company/, https://shipandbunker.com/news/world/249785-adnoc-ls-takes-delivery-of-lng-carrier-from-china",Hanwha Ocean,"https://www.shipvault.com/ships/478881, https://shipvaultapi-gjb8c.ondigitalocean.app/api/units/478881",South Korea,https://www.hanwha.com/companies/hanwha-ocean.do,34.87385,128.6966,"VMCW+V7 Geoje-si, Gyeongsangnam-do",exact,https://www.google.com/maps/place/Hanwha+Ocean/data=!3m1!1e3!4m10!1m2!2m1!1sHanwha+Ocean!3m6!1s0x356ecd1d7a72f7db:0x3bfe90e7d8bf93f0!8m2!3d34.8721913!4d128.6956963!15sCgxIYW53aGEgT2NlYW5aDiIMaGFud2hhIG9jZWFukgEfc2hpcGJ1aWxkaW5nX2FuZF9yZXBhaXJfY29tcGFueZoBI0NoWkRTVWhOTUc5blMwVkpRMEZuVFVSUmRYVkVTMWhuRUFF4AEA-gEECAAQLA!16s%2Fg%2F11swmd6_76?entry=ttu&g_ep=EgoyMDI1MTIwMi4wIKXMDSoASAFQAw%3D%3D,174000,cbm,https://www.igu.org/igu-reports/2025-world-lng-report,,,,,X-DF,https://www.igu.org/igu-reports/2025-world-lng-report,2028,"https://www.shipvault.com/ships/478881, https://shipvaultapi-gjb8c.ondigitalocean.app/api/units/478881",,,,Clarkson,,,1-Jul-2024,"https://www.shipvault.com/ships/478881, https://shipvaultapi-gjb8c.ondigitalocean.app/api/units/478881",260000000.00,USD,"https://www.shipvault.com/ships/478881, https://shipvaultapi-gjb8c.ondigitalocean.app/api/units/478881"
94,1094321,"https://www.shipvault.com/ships/478882, https://shipvaultapi-gjb8c.ondigitalocean.app/api/units/478882",Hull 2599 (Hanwha),"https://www.shipvault.com/ships/478882, https://shipvaultapi-gjb8c.ondigitalocean.app/api/units/478882",,,,Hull 2599 (Hanwha),"https://www.shipvault.com/ships/478882, https://shipvaultapi-gjb8c.ondigitalocean.app/api/units/478882",on order,SFOC,12/8/2025,"https://www.shipvault.com/ships/478882, https://shipvaultapi-gjb8c.ondigitalocean.app/api/units/478882",ADNOC L&S,Ship: HULL 2599 - LNG CARRIER (IMO: 1094321),United Arab Emirates,"https://magicport.ai/owners-managers/united-arab-emirates/adnoc-logistics-services, https://stockanalysis.com/quote/adx/ADNOCLS/company/, https://shipandbunker.com/news/world/249785-adnoc-ls-takes-delivery-of-lng-carrier-from-china",Hanwha Ocean,"https://www.shipvault.com/ships/478882, https://shipvaultapi-gjb8c.ondigitalocean.app/api/units/478882",South Korea,https://www.hanwha.com/companies/hanwha-ocean.do,34.87385,128.6966,"VMCW+V7 Geoje-si, Gyeongsangnam-do",exact,https://www.google.com/maps/place/Hanwha+Ocean/data=!3m1!1e3!4m10!1m2!2m1!1sHanwha+Ocean!3m6!1s0x356ecd1d7a72f7db:0x3bfe90e7d8bf93f0!8m2!3d34.8721913!4d128.6956963!15sCgxIYW53aGEgT2NlYW5aDiIMaGFud2hhIG9jZWFukgEfc2hpcGJ1aWxkaW5nX2FuZF9yZXBhaXJfY29tcGFueZoBI0NoWkRTVWhOTUc5blMwVkpRMEZuVFVSUmRYVkVTMWhuRUFF4AEA-gEECAAQLA!16s%2Fg%2F11swmd6_76?entry=ttu&g_ep=EgoyMDI1MTIwMi4wIKXMDSoASAFQAw%3D%3D,174000,cbm,https://www.igu.org/igu-reports/2025-world-lng-report,,,,,X-DF,https://www.igu.org/igu-reports/2025-world-lng-report,2028,"https://www.shipvault.com/ships/478882, https://shipvaultapi-gjb8c.ondigitalocean.app/api/units/478882",,,,Clarkson,,,1-Jul-2024,"https://www.shipvault.com/ships/478882, https://shipvaultapi-gjb8c.ondigitalocean.app/api/units/478882",260000000.00,USD,"https://www.shipvault.com/ships/478882, https://shipvaultapi-gjb8c.ondigitalocean.app/api/units/478882"
96,1094333,"https://www.shipvault.com/ships/478883, https://shipvaultapi-gjb8c.ondigitalocean.app/api/units/478883",Hull 2600 (Hanwha),"https://www.shipvault.com/ships/478883, https://shipvaultapi-gjb8c.ondigitalocean.app/api/units/478883",,,,Hull 2600 (Hanwha),"https://www.shipvault.com/ships/478883, https://shipvaultapi-gjb8c.ondigitalocean.app/api/units/478883",on order,SFOC,12/8/2025,"https://www.shipvault.com/ships/478883, https://shipvaultapi-gjb8c.ondigitalocean.app/api/units/478883",ADNOC L&S,Ship: HULL 2600 - LNG CARRIER (IMO: 1094333),United Arab Emirates,"https://magicport.ai/owners-managers/united-arab-emirates/adnoc-logistics-services, https://stockanalysis.com/quote/adx/ADNOCLS/company/, https://shipandbunker.com/news/world/249785-adnoc-ls-takes-delivery-of-lng-carrier-from-china",Hanwha Ocean,"https://www.shipvault.com/ships/478883, https://shipvaultapi-gjb8c.ondigitalocean.app/api/units/478883",South Korea,https://www.hanwha.com/companies/hanwha-ocean.do,34.87385,128.6966,"VMCW+V7 Geoje-si, Gyeongsangnam-do",exact,https://www.google.com/maps/place/Hanwha+Ocean/data=!3m1!1e3!4m10!1m2!2m1!1sHanwha+Ocean!3m6!1s0x356ecd1d7a72f7db:0x3bfe90e7d8bf93f0!8m2!3d34.8721913!4d128.6956963!15sCgxIYW53aGEgT2NlYW5aDiIMaGFud2hhIG9jZWFukgEfc2hpcGJ1aWxkaW5nX2FuZF9yZXBhaXJfY29tcGFueZoBI0NoWkRTVWhOTUc5blMwVkpRMEZuVFVSUmRYVkVTMWhuRUFF4AEA-gEECAAQLA!16s%2Fg%2F11swmd6_76?entry=ttu&g_ep=EgoyMDI1MTIwMi4wIKXMDSoASAFQAw%3D%3D,174000,cbm,https://www.igu.org/igu-reports/2025-world-lng-report,,,,,X-DF,https://www.igu.org/igu-reports/2025-world-lng-report,2028,"https://www.shipvault.com/ships/478883, https://shipvaultapi-gjb8c.ondigitalocean.app/api/units/478883",,,,Clarkson,,,1-Jun-2024,https://www.shipvault.com/ships/478883,260000000.00,USD,"https://www.shipvault.com/ships/478883, https://shipvaultapi-gjb8c.ondigitalocean.app/api/units/478883"
137,1063384,https://www.igu.org/igu-reports/2025-world-lng-report,Hull 2693 (SHI),https://www.igu.org/igu-reports/2025-world-lng-report,,,,Hull 2693 (SHI),https://www.igu.org/igu-reports/2025-world-lng-report,on order,GEM,12/31/2024,https://www.igu.org/igu-reports/2025-world-lng-report,MISC,https://www.igu.org/igu-reports/2025-world-lng-report,Malaysia,"https://www.misc.com.my/contact-us/, https://www.miscgroup.com/awcontent/Web/Documents/IntegratedAnnualReport/Integrated-Annual-Report-2025.pdf, https://en.wikipedia.org/wiki/MISC_Berhad",Samsung Heavy Industries,https://www.igu.org/igu-reports/2025-world-lng-report,South Korea,https://www.samsungshi.com/En/Default.aspx,34.89804,128.6045,"VJW3+QV Geoje-si, Gyeongsangnam-do",exact,https://www.google.com/maps/place/Samsung+Heavy+industries/data=!3m1!1e3!4m10!1m2!2m1!1ssamsung+heavy+industries!3m6!1s0x356ecd83691a8fb5:0xd4204e9a1bb0ef10!8m2!3d34.8969682!4d128.6046376!15sChhzYW1zdW5nIGhlYXZ5IGluZHVzdHJpZXOSAQhzaGlweWFyZOABAA!16s%2Fg%2F1tgcpry6?entry=ttu&g_ep=EgoyMDI1MTIwMi4wIKXMDSoASAFQAw%3D%3D,174000,cbm,https://www.igu.org/igu-reports/2025-world-lng-report,,,conventional,https://www.datocms-assets.com/146580/1783403747-igu-world-lng-report-2026.pdf,X-DF,https://www.igu.org/igu-reports/2025-world-lng-report,2026,https://www.igu.org/igu-reports/2025-world-lng-report,,,,IGU,,,,,,,
144,1063401,https://www.igu.org/igu-reports/2025-world-lng-report,E'saila,"https://www.shipvault.com/ships/479142, https://shipvaultapi-gjb8c.ondigitalocean.app/api/units/479142",,Hull 2697 (SHI),"https://www.shipvault.com/ships/479142, https://shipvaultapi-gjb8c.ondigitalocean.app/api/units/479142",Hull 2697 (SHI),https://www.igu.org/igu-reports/2025-world-lng-report,on order,GEM,12/31/2024,https://www.igu.org/igu-reports/2025-world-lng-report,MISC,https://www.igu.org/igu-reports/2025-world-lng-report,Malaysia,"https://www.misc.com.my/contact-us/, https://www.miscgroup.com/awcontent/Web/Documents/IntegratedAnnualReport/Integrated-Annual-Report-2025.pdf, https://en.wikipedia.org/wiki/MISC_Berhad",Samsung Heavy Industries,https://www.igu.org/igu-reports/2025-world-lng-report,South Korea,https://www.samsungshi.com/En/Default.aspx,34.89804,128.6045,"VJW3+QV Geoje-si, Gyeongsangnam-do",exact,https://www.google.com/maps/place/Samsung+Heavy+industries/data=!3m1!1e3!4m10!1m2!2m1!1ssamsung+heavy+industries!3m6!1s0x356ecd83691a8fb5:0xd4204e9a1bb0ef10!8m2!3d34.8969682!4d128.6046376!15sChhzYW1zdW5nIGhlYXZ5IGluZHVzdHJpZXOSAQhzaGlweWFyZOABAA!16s%2Fg%2F1tgcpry6?entry=ttu&g_ep=EgoyMDI1MTIwMi4wIKXMDSoASAFQAw%3D%3D,174000,cbm,https://www.igu.org/igu-reports/2025-world-lng-report,,,conventional,https://www.datocms-assets.com/146580/1783403747-igu-world-lng-report-2026.pdf,X-DF,https://www.igu.org/igu-reports/2025-world-lng-report,2027,"https://www.shipvault.com/ships/479142, https://shipvaultapi-gjb8c.ondigitalocean.app/api/units/479142, https://www.datocms-assets.com/146580/1783403747-igu-world-lng-report-2026.pdf",yes,2026,https://www.datocms-assets.com/146580/1763396210-1747916410-igu-world-lng-report-2025.pdf,IGU,,,,,,,
147,1063425,https://www.igu.org/igu-reports/2025-world-lng-report,Al Seej,"https://www.shipvault.com/ships/479145, https://shipvaultapi-gjb8c.ondigitalocean.app/api/units/479145",,Hull 2700 (SHI),"https://www.shipvault.com/ships/479145, https://shipvaultapi-gjb8c.ondigitalocean.app/api/units/479145",Hull 2700 (SHI),https://www.igu.org/igu-reports/2025-world-lng-report,on order,GEM,12/31/2024,https://www.igu.org/igu-reports/2025-world-lng-report,MISC,https://www.igu.org/igu-reports/2025-world-lng-report,Malaysia,"https://www.misc.com.my/contact-us/, https://www.miscgroup.com/awcontent/Web/Documents/IntegratedAnnualReport/Integrated-Annual-Report-2025.pdf, https://en.wikipedia.org/wiki/MISC_Berhad",Samsung Heavy Industries,https://www.igu.org/igu-reports/2025-world-lng-report,South Korea,https://www.samsungshi.com/En/Default.aspx,34.89804,128.6045,"VJW3+QV Geoje-si, Gyeongsangnam-do",exact,https://www.google.com/maps/place/Samsung+Heavy+industries/data=!3m1!1e3!4m10!1m2!2m1!1ssamsung+heavy+industries!3m6!1s0x356ecd83691a8fb5:0xd4204e9a1bb0ef10!8m2!3d34.8969682!4d128.6046376!15sChhzYW1zdW5nIGhlYXZ5IGluZHVzdHJpZXOSAQhzaGlweWFyZOABAA!16s%2Fg%2F1tgcpry6?entry=ttu&g_ep=EgoyMDI1MTIwMi4wIKXMDSoASAFQAw%3D%3D,174000,cbm,https://www.igu.org/igu-reports/2025-world-lng-report,,,conventional,https://www.datocms-assets.com/146580/1783403747-igu-world-lng-report-2026.pdf,X-DF,https://www.igu.org/igu-reports/2025-world-lng-report,2027,https://www.igu.org/igu-reports/2025-world-lng-report,,,,IGU,,,,,,,
156,1105053,https://www.igu.org/igu-reports/2025-world-lng-report,Hull 2709 (SHI),https://www.igu.org/igu-reports/2025-world-lng-report,,,,Hull 2709 (SHI),https://www.igu.org/igu-reports/2025-world-lng-report,on order,GEM,12/31/2024,https://www.igu.org/igu-reports/2025-world-lng-report,MISC,https://www.igu.org/igu-reports/2025-world-lng-report,Malaysia,"https://www.misc.com.my/contact-us/, https://www.miscgroup.com/awcontent/Web/Documents/IntegratedAnnualReport/Integrated-Annual-Report-2025.pdf, https://en.wikipedia.org/wiki/MISC_Berhad",Samsung Heavy Industries,https://www.igu.org/igu-reports/2025-world-lng-report,South Korea,https://www.samsungshi.com/En/Default.aspx,34.89804,128.6045,"VJW3+QV Geoje-si, Gyeongsangnam-do",exact,https://www.google.com/maps/place/Samsung+Heavy+industries/data=!3m1!1e3!4m10!1m2!2m1!1ssamsung+heavy+industries!3m6!1s0x356ecd83691a8fb5:0xd4204e9a1bb0ef10!8m2!3d34.8969682!4d128.6046376!15sChhzYW1zdW5nIGhlYXZ5IGluZHVzdHJpZXOSAQhzaGlweWFyZOABAA!16s%2Fg%2F1tgcpry6?entry=ttu&g_ep=EgoyMDI1MTIwMi4wIKXMDSoASAFQAw%3D%3D,174000,cbm,https://www.igu.org/igu-reports/2025-world-lng-report,,,conventional,https://www.datocms-assets.com/146580/1783403747-igu-world-lng-report-2026.pdf,X-DF,https://www.igu.org/igu-reports/2025-world-lng-report,2027,https://www.igu.org/igu-reports/2025-world-lng-report,,,,IGU,,,,,,,
157,1105065,https://www.igu.org/igu-reports/2025-world-lng-report,Hull 2710 (SHI),https://www.igu.org/igu-reports/2025-world-lng-report,,,,Hull 2710 (SHI),https://www.igu.org/igu-reports/2025-world-lng-report,on order,GEM,12/31/2024,https://www.igu.org/igu-reports/2025-world-lng-report,MISC,https://www.igu.org/igu-reports/2025-world-lng-report,Malaysia,"https://www.misc.com.my/contact-us/, https://www.miscgroup.com/awcontent/Web/Documents/IntegratedAnnualReport/Integrated-Annual-Report-2025.pdf, https://en.wikipedia.org/wiki/MISC_Berhad",Samsung Heavy Industries,https://www.igu.org/igu-reports/2025-world-lng-report,South Korea,https://www.samsungshi.com/En/Default.aspx,34.89804,128.6045,"VJW3+QV Geoje-si, Gyeongsangnam-do",exact,https://www.google.com/maps/place/Samsung+Heavy+industries/data=!3m1!1e3!4m10!1m2!2m1!1ssamsung+heavy+industries!3m6!1s0x356ecd83691a8fb5:0xd4204e9a1bb0ef10!8m2!3d34.8969682!4d128.6046376!15sChhzYW1zdW5nIGhlYXZ5IGluZHVzdHJpZXOSAQhzaGlweWFyZOABAA!16s%2Fg%2F1tgcpry6?entry=ttu&g_ep=EgoyMDI1MTIwMi4wIKXMDSoASAFQAw%3D%3D,174000,cbm,https://www.igu.org/igu-reports/2025-world-lng-report,,,conventional,https://www.datocms-assets.com/146580/1783403747-igu-world-lng-report-2026.pdf,X-DF,https://www.igu.org/igu-reports/2025-world-lng-report,2027,https://www.igu.org/igu-reports/2025-world-lng-report,,,,IGU,,,,,,,
163,1109047,"https://www.shipvault.com/ships/483838, https://shipvaultapi-gjb8c.ondigitalocean.app/api/units/483838",Hull 2729 (Hanwha),"https://www.shipvault.com/ships/483838, https://shipvaultapi-gjb8c.ondigitalocean.app/api/units/483838",,,,Hull 2729 (Hanwha),"https://www.shipvault.com/ships/483838, https://shipvaultapi-gjb8c.ondigitalocean.app/api/units/483838",on order,SFOC,12/8/2025,"https://www.shipvault.com/ships/483838, https://shipvaultapi-gjb8c.ondigitalocean.app/api/units/483838",Celsius Tankers,https://www.shipvault.com/ships/483838,Denmark,"https://magicport.ai/owners-managers/denmark/celsius-shipping-aps, https://lngprime.com/vessels/denmarks-celsius-orders-four-lng-carriers-in-china/69940/, https://lngprime.com/asia/celsius-takes-delivery-of-new-lng-tanker/127252/",Samsung Heavy Industries,https://www.shipvault.com/ships/483838,South Korea,https://www.samsungshi.com/En/Default.aspx,34.89804,128.6045,"VJW3+QV Geoje-si, Gyeongsangnam-do",exact,https://www.google.com/maps/place/Samsung+Heavy+industries/data=!3m1!1e3!4m10!1m2!2m1!1ssamsung+heavy+industries!3m6!1s0x356ecd83691a8fb5:0xd4204e9a1bb0ef10!8m2!3d34.8969682!4d128.6046376!15sChhzYW1zdW5nIGhlYXZ5IGluZHVzdHJpZXOSAQhzaGlweWFyZOABAA!16s%2Fg%2F1tgcpry6?entry=ttu&g_ep=EgoyMDI1MTIwMi4wIKXMDSoASAFQAw%3D%3D,,,,,,,,,,2027,"https://www.shipvault.com/ships/483838, https://shipvaultapi-gjb8c.ondigitalocean.app/api/units/483838",,,,Clarkson,,,17-Jan-2025,https://www.shipvault.com/ships/483838,261500000.00,USD,"https://www.shipvault.com/ships/483838, https://shipvaultapi-gjb8c.ondigitalocean.app/api/units/483838"
178,1066568,"https://www.shipvault.com/ships/477422, https://shipvaultapi-gjb8c.ondigitalocean.app/api/units/477422",Hull 3301 (HDHHI),https://www.shipvault.com/ships/477422,,,,Hull 3301 (HDHHI),https://www.shipvault.com/ships/477422,on order,SFOC,12/8/2025,"https://www.shipvault.com/ships/477422, https://shipvaultapi-gjb8c.ondigitalocean.app/api/units/477422",Evalend Shipping,"https://www.shipvault.com/ships/477422, https://shipvaultapi-gjb8c.ondigitalocean.app/api/units/477422",Greece,"https://magicport.ai/owners-managers/greece/evalend-shipping-co-sa, https://splash247.com/evalend-shipping-doubles-up-on-lng-carrier-orders/, https://splash247.com/evalend-poised-to-enter-lng-trades/",HD Hyundai Heavy Industries,"https://www.shipvault.com/ships/477422, https://shipvaultapi-gjb8c.ondigitalocean.app/api/units/477422",South Korea,https://www.hd.com/en/main,35.51613,129.4383,GC8Q+M6 Ulsan,exact,https://www.google.com/maps/place/HD+Hyundai+Heavy+Industries+Ulsan+Shipyard/data=!3m1!1e3!4m10!1m2!2m1!1sHD+Hyundai!3m6!1s0x3567ce56ebbfb645:0xd94a696f9fca5d90!8m2!3d35.5167468!4d129.4380269!15sCgpIRCBIeXVuZGFpkgEIc2hpcHlhcmTgAQA!16s%2Fg%2F1tfhd8y1?entry=ttu&g_ep=EgoyMDI1MTIwMi4wIKXMDSoASAFQAw%3D%3D,174000,cbm,https://www.igu.org/igu-reports/2025-world-lng-report,,,,,X-DF,https://www.igu.org/igu-reports/2025-world-lng-report,2028,"https://www.shipvault.com/ships/477422, https://shipvaultapi-gjb8c.ondigitalocean.app/api/units/477422",,,,Clarkson,,,01-May-2024,"https://www.shipvault.com/ships/477422, https://shipvaultapi-gjb8c.ondigitalocean.app/api/units/477422",266100000.00,USD,"https://www.shipvault.com/ships/477422, https://shipvaultapi-gjb8c.ondigitalocean.app/api/units/477422"
224,1066570,"https://www.shipvault.com/ships/477423, https://shipvaultapi-gjb8c.ondigitalocean.app/api/units/477423",Hull 3502 (HDHHI),"https://www.shipvault.com/ships/477423, https://shipvaultapi-gjb8c.ondigitalocean.app/api/units/477423",,,,Hull 3502 (HDHHI),"https://www.shipvault.com/ships/477423, https://shipvaultapi-gjb8c.ondigitalocean.app/api/units/477423",on order,SFOC,12/8/2025,"https://www.shipvault.com/ships/477423, https://shipvaultapi-gjb8c.ondigitalocean.app/api/units/477423",Evalend Shipping,"https://www.shipvault.com/ships/477423, https://shipvaultapi-gjb8c.ondigitalocean.app/api/units/477423",Greece,"https://magicport.ai/owners-managers/greece/evalend-shipping-co-sa, https://splash247.com/evalend-shipping-doubles-up-on-lng-carrier-orders/, https://splash247.com/evalend-poised-to-enter-lng-trades/",HD Hyundai Heavy Industries,"https://www.shipvault.com/ships/477423, https://shipvaultapi-gjb8c.ondigitalocean.app/api/units/477423",South Korea,https://www.hd.com/en/main,35.51613,129.4383,GC8Q+M6 Ulsan,exact,https://www.google.com/maps/place/HD+Hyundai+Heavy+Industries+Ulsan+Shipyard/data=!3m1!1e3!4m10!1m2!2m1!1sHD+Hyundai!3m6!1s0x3567ce56ebbfb645:0xd94a696f9fca5d90!8m2!3d35.5167468!4d129.4380269!15sCgpIRCBIeXVuZGFpkgEIc2hpcHlhcmTgAQA!16s%2Fg%2F1tfhd8y1?entry=ttu&g_ep=EgoyMDI1MTIwMi4wIKXMDSoASAFQAw%3D%3D,174000,cbm,https://www.igu.org/igu-reports/2025-world-lng-report,,,,,X-DF,https://www.igu.org/igu-reports/2025-world-lng-report,2028,"https://www.shipvault.com/ships/477423, https://shipvaultapi-gjb8c.ondigitalocean.app/api/units/477423",,,,Clarkson,,,01-May-2024,"https://www.shipvault.com/ships/477423, https://shipvaultapi-gjb8c.ondigitalocean.app/api/units/477423",266100000.00,USD,"https://www.shipvault.com/ships/477423, https://shipvaultapi-gjb8c.ondigitalocean.app/api/units/477423"
314,1130773,"https://www.shipvault.com/ships/490164, https://shipvaultapi-gjb8c.ondigitalocean.app/api/units/490164",Hull Unknown 01 (HSHI),https://www.shipvault.com/ships/490164,,,,Hull Unknown 01 (HSHI),https://www.shipvault.com/ships/490164,on order,SFOC,12/8/2025,"https://www.shipvault.com/ships/490164, https://shipvaultapi-gjb8c.ondigitalocean.app/api/units/490164",Capital Maritime & Trading Corp,"https://www.shipvault.com/ships/490164, https://shipvaultapi-gjb8c.ondigitalocean.app/api/units/490164",Greece,"https://magicport.ai/owners-managers/greece/capital-maritime-trading-corp, https://www.capitalship.gr/content/press-releases/20-capital-maritime-trading-corp-chief-executive-officer-mr-evangelos-marinakis-voted-ldquo-greek-shipping-newsmaker-of-the-year-rdquo-at-the-2014-lloyd-rsquo-s-list-greek-shipping-awards",HD Hyundai Samho,"https://www.shipvault.com/ships/490164, https://shipvaultapi-gjb8c.ondigitalocean.app/api/units/490164",South Korea,https://www.hshi.co.kr/eng/,34.75031,126.3875,"Q92P+7M Yeongam-gun, Jeollanam-do",exact,https://www.google.com/maps/place/Hyundai+Samho+Heavy+Industries+Entrance/data=!3m1!1e3!4m10!1m2!2m1!1sHyundai+Samho+Heavy+Industries!3m6!1s0x3573a4568dfe21d7:0x865a025eb9b373b5!8m2!3d34.75066!4d126.386691!15sCh5IeXVuZGFpIFNhbWhvIEhlYXZ5IEluZHVzdHJpZXOSAQhidXNfc3RvcOABAA!16s%2Fg%2F11b77sqk26?entry=ttu&g_ep=EgoyMDI1MTIwMi4wIKXMDSoASAFQAw%3D%3D,,,,,,,,,,2028,"https://www.shipvault.com/ships/490164, https://shipvaultapi-gjb8c.ondigitalocean.app/api/units/490164",,,,Clarkson,,,1-Jul-2025,"https://www.shipvault.com/ships/490164, https://shipvaultapi-gjb8c.ondigitalocean.app/api/units/490164",257000000.00,USD,"https://www.shipvault.com/ships/490164, https://shipvaultapi-gjb8c.ondigitalocean.app/api/units/490164"
315,1130785,"https://www.shipvault.com/ships/490165, https://shipvaultapi-gjb8c.ondigitalocean.app/api/units/490165",Hull Unknown 02 (HSHI),https://www.shipvault.com/ships/490165,,,,Hull Unknown 02 (HSHI),https://www.shipvault.com/ships/490165,on order,SFOC,12/8/2025,"https://www.shipvault.com/ships/490165, https://shipvaultapi-gjb8c.ondigitalocean.app/api/units/490165",Capital Maritime & Trading Corp,"https://www.shipvault.com/ships/490165, https://shipvaultapi-gjb8c.ondigitalocean.app/api/units/490165",Greece,"https://magicport.ai/owners-managers/greece/capital-maritime-trading-corp, https://www.capitalship.gr/content/press-releases/20-capital-maritime-trading-corp-chief-executive-officer-mr-evangelos-marinakis-voted-ldquo-greek-shipping-newsmaker-of-the-year-rdquo-at-the-2014-lloyd-rsquo-s-list-greek-shipping-awards",HD Hyundai Samho,"https://www.shipvault.com/ships/490165, https://shipvaultapi-gjb8c.ondigitalocean.app/api/units/490165",South Korea,https://www.hshi.co.kr/eng/,34.75031,126.3875,"Q92P+7M Yeongam-gun, Jeollanam-do",exact,https://www.google.com/maps/place/Hyundai+Samho+Heavy+Industries+Entrance/data=!3m1!1e3!4m10!1m2!2m1!1sHyundai+Samho+Heavy+Industries!3m6!1s0x3573a4568dfe21d7:0x865a025eb9b373b5!8m2!3d34.75066!4d126.386691!15sCh5IeXVuZGFpIFNhbWhvIEhlYXZ5IEluZHVzdHJpZXOSAQhidXNfc3RvcOABAA!16s%2Fg%2F11b77sqk26?entry=ttu&g_ep=EgoyMDI1MTIwMi4wIKXMDSoASAFQAw%3D%3D,,,,,,,,,,2028,https://www.shipvault.com/ships/490165,,,,Clarkson,,,1-Jul-2025,"https://www.shipvault.com/ships/490165, https://shipvaultapi-gjb8c.ondigitalocean.app/api/units/490165",257000000.00,USD,"https://www.shipvault.com/ships/490165, https://shipvaultapi-gjb8c.ondigitalocean.app/api/units/490165"
316,1130797,"https://www.shipvault.com/ships/490166, https://shipvaultapi-gjb8c.ondigitalocean.app/api/units/490166",Hull Unknown 03 (HSHI),https://www.shipvault.com/ships/490166,,,,Hull Unknown 03 (HSHI),https://www.shipvault.com/ships/490166,on order,SFOC,12/8/2025,"https://www.shipvault.com/ships/490166, https://shipvaultapi-gjb8c.ondigitalocean.app/api/units/490166",Capital Maritime & Trading Corp,"https://www.shipvault.com/ships/490166, https://shipvaultapi-gjb8c.ondigitalocean.app/api/units/490166",Greece,"https://magicport.ai/owners-managers/greece/capital-maritime-trading-corp, https://www.capitalship.gr/content/press-releases/20-capital-maritime-trading-corp-chief-executive-officer-mr-evangelos-marinakis-voted-ldquo-greek-shipping-newsmaker-of-the-year-rdquo-at-the-2014-lloyd-rsquo-s-list-greek-shipping-awards",HD Hyundai Samho,"https://www.shipvault.com/ships/490166, https://shipvaultapi-gjb8c.ondigitalocean.app/api/units/490166",South Korea,https://www.hshi.co.kr/eng/,34.75031,126.3875,"Q92P+7M Yeongam-gun, Jeollanam-do",exact,https://www.google.com/maps/place/Hyundai+Samho+Heavy+Industries+Entrance/data=!3m1!1e3!4m10!1m2!2m1!1sHyundai+Samho+Heavy+Industries!3m6!1s0x3573a4568dfe21d7:0x865a025eb9b373b5!8m2!3d34.75066!4d126.386691!15sCh5IeXVuZGFpIFNhbWhvIEhlYXZ5IEluZHVzdHJpZXOSAQhidXNfc3RvcOABAA!16s%2Fg%2F11b77sqk26?entry=ttu&g_ep=EgoyMDI1MTIwMi4wIKXMDSoASAFQAw%3D%3D,,,,,,,,,,2028,https://www.shipvault.com/ships/490166,,,,Clarkson,,,1-Jul-2025,"https://www.shipvault.com/ships/490166, https://shipvaultapi-gjb8c.ondigitalocean.app/api/units/490166",257000000.00,USD,"https://www.shipvault.com/ships/490166, https://shipvaultapi-gjb8c.ondigitalocean.app/api/units/490166"
317,1130802,"https://www.shipvault.com/ships/490167, https://shipvaultapi-gjb8c.ondigitalocean.app/api/units/490167",Hull Unknown 04 (HSHI),https://www.shipvault.com/ships/490167,,,,Hull Unknown 04 (HSHI),https://www.shipvault.com/ships/490167,on order,SFOC,12/8/2025,"https://www.shipvault.com/ships/490167, https://shipvaultapi-gjb8c.ondigitalocean.app/api/units/490167",Capital Maritime & Trading Corp,"https://www.shipvault.com/ships/490167, https://shipvaultapi-gjb8c.ondigitalocean.app/api/units/490167",Greece,"https://magicport.ai/owners-managers/greece/capital-maritime-trading-corp, https://www.capitalship.gr/content/press-releases/20-capital-maritime-trading-corp-chief-executive-officer-mr-evangelos-marinakis-voted-ldquo-greek-shipping-newsmaker-of-the-year-rdquo-at-the-2014-lloyd-rsquo-s-list-greek-shipping-awards",HD Hyundai Samho,"https://www.shipvault.com/ships/490167, https://shipvaultapi-gjb8c.ondigitalocean.app/api/units/490167",South Korea,https://www.hshi.co.kr/eng/,34.75031,126.3875,"Q92P+7M Yeongam-gun, Jeollanam-do",exact,https://www.google.com/maps/place/Hyundai+Samho+Heavy+Industries+Entrance/data=!3m1!1e3!4m10!1m2!2m1!1sHyundai+Samho+Heavy+Industries!3m6!1s0x3573a4568dfe21d7:0x865a025eb9b373b5!8m2!3d34.75066!4d126.386691!15sCh5IeXVuZGFpIFNhbWhvIEhlYXZ5IEluZHVzdHJpZXOSAQhidXNfc3RvcOABAA!16s%2Fg%2F11b77sqk26?entry=ttu&g_ep=EgoyMDI1MTIwMi4wIKXMDSoASAFQAw%3D%3D,,,,,,,,,,2028,"https://www.shipvault.com/ships/490167, https://shipvaultapi-gjb8c.ondigitalocean.app/api/units/490167",,,,Clarkson,,,1-Jul-2025,"https://www.shipvault.com/ships/490167, https://shipvaultapi-gjb8c.ondigitalocean.app/api/units/490167",257000000.00,USD,"https://www.shipvault.com/ships/490167, https://shipvaultapi-gjb8c.ondigitalocean.app/api/units/490167"
408,9999981,"https://www.shipvault.com/ships/465070, https://shipvaultapi-gjb8c.ondigitalocean.app/api/units/465070",Athlos,"https://www.shipvault.com/ships/465070, https://shipvaultapi-gjb8c.ondigitalocean.app/api/units/465070",,,,Hull 8206 (HSHI),"https://www.shipvault.com/ships/465070, https://shipvaultapi-gjb8c.ondigitalocean.app/api/units/465070",on order,SFOC,12/8/2025,"https://www.shipvault.com/ships/465070, https://shipvaultapi-gjb8c.ondigitalocean.app/api/units/465070",Capital Clean ECC,https://www.shipvault.com/ships/465070,Greece,"https://magicport.ai/owners-managers/greece/capital-gas-ship-management, https://stockanalysis.com/stocks/ccec/company/, https://www.rivieramm.com/news-content-hub/capital-gas-enhances-fleet-reliability-amid-greek-lng-expansion-82819",HD Hyundai Samho,"https://www.shipvault.com/ships/465070, https://shipvaultapi-gjb8c.ondigitalocean.app/api/units/465070",South Korea,https://www.shipvault.com/ships/465070,34.75031,126.3875,"Q92P+7M Yeongam-gun, Jeollanam-do",exact,https://www.google.com/maps/place/Hyundai+Samho+Heavy+Industries+Entrance/data=!3m1!1e3!4m10!1m2!2m1!1sHyundai+Samho+Heavy+Industries!3m6!1s0x3573a4568dfe21d7:0x865a025eb9b373b5!8m2!3d34.75066!4d126.386691!15sCh5IeXVuZGFpIFNhbWhvIEhlYXZ5IEluZHVzdHJpZXOSAQhidXNfc3RvcOABAA!16s%2Fg%2F11b77sqk26?entry=ttu&g_ep=EgoyMDI1MTIwMi4wIKXMDSoASAFQAw%3D%3D,,,,,,conventional,https://www.datocms-assets.com/146580/1783403747-igu-world-lng-report-2026.pdf,X-DF,https://www.datocms-assets.com/146580/1783403747-igu-world-lng-report-2026.pdf,2027,"https://www.shipvault.com/ships/465070, https://shipvaultapi-gjb8c.ondigitalocean.app/api/units/465070",,,,Clarkson,,,1-Jan-2023,"https://www.shipvault.com/ships/465070, https://shipvaultapi-gjb8c.ondigitalocean.app/api/units/465070",250000000.00,USD,"https://www.shipvault.com/ships/465070, https://shipvaultapi-gjb8c.ondigitalocean.app/api/units/465070"
726,9064073,https://www.igu.org/igu-reports/2025-world-lng-report,KLNGTP Black Sea,https://www.igu.org/igu-reports/2025-world-lng-report,,Karadeniz LNGT Powership Black Sea; Portovenere; LNG Portovenere,"https://www.datocms-assets.com/146580/1783403747-igu-world-lng-report-2026.pdf, https://www.marinetraffic.org/ship-owner-manager-ism-data/KARADENIZ-LNGT-POWERSHIP-BLACK-SEA/9064073/352004132",,,active,GEM,12/31/2024,https://www.igu.org/igu-reports/2025-world-lng-report,MISC,https://www.igu.org/igu-reports/2025-world-lng-report,Malaysia,"https://www.misc.com.my/contact-us/, https://www.miscgroup.com/awcontent/Web/Documents/IntegratedAnnualReport/Integrated-Annual-Report-2025.pdf, https://en.wikipedia.org/wiki/MISC_Berhad",Fincantieri Sestri Ponente,https://www.igu.org/igu-reports/2025-world-lng-report,Italy,https://www.fincantieri.com/it/,44.423774,8.843465,"CRFV+G8 Genoa, Metropolitan City of Genoa, Italy",exact,https://maps.app.goo.gl/RxTdYjVdW5gKZeZq7,65000,cbm,https://www.igu.org/igu-reports/2025-world-lng-report,membrane,https://www.igu.org/igu-reports/2025-world-lng-report,conventional,https://www.igu.org/igu-reports/2025-world-lng-report,steam,https://www.igu.org/igu-reports/2025-world-lng-report,1996,https://www.igu.org/igu-reports/2025-world-lng-report,,,,IGU,,,,,,,
727,9064085,https://www.igu.org/igu-reports/2025-world-lng-report,KLNGTP Marmara,https://www.igu.org/igu-reports/2025-world-lng-report,,Karadeniz LNGT Powership Marmara; Lerici; LNG Lerici,"https://www.datocms-assets.com/146580/1783403747-igu-world-lng-report-2026.pdf, https://www.marinetraffic.org/ship-owner-manager-ism-data/KARADENIZ-LNGT-POWERSHIP-MARMARA/9064085/352004078",,,active,GEM,12/31/2024,https://www.igu.org/igu-reports/2025-world-lng-report,MISC,https://www.igu.org/igu-reports/2025-world-lng-report,Malaysia,"https://www.misc.com.my/contact-us/, https://www.miscgroup.com/awcontent/Web/Documents/IntegratedAnnualReport/Integrated-Annual-Report-2025.pdf, https://en.wikipedia.org/wiki/MISC_Berhad",Fincantieri Sestri Ponente,https://www.igu.org/igu-reports/2025-world-lng-report,Italy,https://www.fincantieri.com/it/,44.423774,8.843465,"CRFV+G8 Genoa, Metropolitan City of Genoa, Italy",exact,https://maps.app.goo.gl/RxTdYjVdW5gKZeZq7,65000,cbm,https://www.igu.org/igu-reports/2025-world-lng-report,membrane,https://www.igu.org/igu-reports/2025-world-lng-report,conventional,https://www.igu.org/igu-reports/2025-world-lng-report,steam,https://www.igu.org/igu-reports/2025-world-lng-report,1998,https://www.igu.org/igu-reports/2025-world-lng-report,,,,IGU,,,,,,,
968,9030814,https://www.igu.org/igu-reports/2025-world-lng-report,Puteri Delima,https://www.igu.org/igu-reports/2025-world-lng-report,,,,,,scrapped,GEM,12/31/2024,"https://www.tradewindsnews.com/gas/misc-bites-breaking-bullet-on-30-year-old-lng-carrier-steamship-duo/2-1-1886848, https://www.shipvault.com/ships/103038, https://shipvaultapi-gjb8c.ondigitalocean.app/api/units/103038",MISC,https://www.igu.org/igu-reports/2025-world-lng-report,Malaysia,"https://www.misc.com.my/contact-us/, https://www.miscgroup.com/awcontent/Web/Documents/IntegratedAnnualReport/Integrated-Annual-Report-2025.pdf, https://en.wikipedia.org/wiki/MISC_Berhad",Chantiers de l'Atlantique,https://www.igu.org/igu-reports/2025-world-lng-report,France,https://chantiers-atlantique.com/en/,47.284334,-2.182615,"7RM8+PW Saint-Nazaire, France",exact,https://maps.app.goo.gl/aXheTTWUa76FHyui7,130000,cbm,https://www.igu.org/igu-reports/2025-world-lng-report,membrane,https://www.igu.org/igu-reports/2025-world-lng-report,conventional,https://www.igu.org/igu-reports/2025-world-lng-report,steam,https://www.igu.org/igu-reports/2025-world-lng-report,1995,https://www.igu.org/igu-reports/2025-world-lng-report,,,,IGU,,,,,,,
969,9211872,"https://www.shipvault.com/ships/113754, https://shipvaultapi-gjb8c.ondigitalocean.app/api/units/113754",Puteri Delima Satu,"https://www.shipvault.com/ships/113754, https://shipvaultapi-gjb8c.ondigitalocean.app/api/units/113754",,,,,,active,SFOC,12/8/2025,"https://www.shipvault.com/ships/113754, https://shipvaultapi-gjb8c.ondigitalocean.app/api/units/113754",Malaysia Int Shpg Co,Ship: PUTERI DELIMA SATU - LNG CARRIER (IMO: 9211872),Malaysia,"https://www.misc.com.my/contact-us/, https://www.miscgroup.com/awcontent/Web/Documents/IntegratedAnnualReport/Integrated-Annual-Report-2025.pdf, https://en.wikipedia.org/wiki/MISC_Berhad",Mitsui E&S Shipbuilding,"https://www.shipvault.com/ships/113754, https://shipvaultapi-gjb8c.ondigitalocean.app/api/units/113754",Japan,https://www.mes.co.jp/en/,35.54789,140.0945,"H32V+CC Ichihara, Chiba, Japan",exact,"https://www.google.com/maps/place/(%E6%A0%AA)%E4%B8%89%E4%BA%95%EF%BC%A5%EF%BC%86%EF%BC%B3+%E5%8D%83%E8%91%89%E4%BA%8B%E6%A5%AD%E5%A0%B4/@35.5961305,139.9368296,22877m/data=!3m1!1e3!4m10!1m2!2m1!1sMitsui+SB+(Chiba)!3m6!1s0x60229c7a5bd91a11:0xdae29ebde28b0943!8m2!3d35.5510419!4d140.0935883!15sChFNaXRzdWkgU0IgKENoaWJhKZIBEGNvcnBvcmF0ZV9vZmZpY2XgAQA!16s%2Fg%2F11btrr1q6f?entry=ttu&g_ep=EgoyMDI1MTIwMi4wIKXMDSoASAFQAw%3D%3D",135000,cbm,"https://www.shipvault.com/ships/113754, https://shipvaultapi-gjb8c.ondigitalocean.app/api/units/113754",,,FSU,"https://www.miscgroup.com/media/media-releases/misc-partners-with-pengerang-lng-two-sdn-bhd-for-lng-floating-storage-unit-project-d7503fdd178dc071ee535d98beb9e62e, https://www.insage.com.my/BursaNews/Attachment/202604/20260414/MISC-AN20260414A1-2.pdf",,,2002,"https://www.shipvault.com/ships/113754, https://shipvaultapi-gjb8c.ondigitalocean.app/api/units/113754",,,,Clarkson,,,1-Apr-1999,"https://www.shipvault.com/ships/113754, https://shipvaultapi-gjb8c.ondigitalocean.app/api/units/113754",165000000.00,USD,"https://www.shipvault.com/ships/113754, https://shipvaultapi-gjb8c.ondigitalocean.app/api/units/113754"
970,9248502,https://www.igu.org/igu-reports/2025-world-lng-report,Puteri Firus Satu,https://www.igu.org/igu-reports/2025-world-lng-report,,,,,,scrapped,GEM,12/31/2024,"https://www.tradewindsnews.com/gas/misc-opts-to-scrap-trio-of-steam-turbine-lng-carriers/2-1-1949030, https://www.shipvault.com/ships/116306, https://shipvaultapi-gjb8c.ondigitalocean.app/api/units/116306",MISC,https://www.igu.org/igu-reports/2025-world-lng-report,Malaysia,"https://www.misc.com.my/contact-us/, https://www.miscgroup.com/awcontent/Web/Documents/IntegratedAnnualReport/Integrated-Annual-Report-2025.pdf, https://en.wikipedia.org/wiki/MISC_Berhad",Mitsubishi Heavy Industries,https://www.igu.org/igu-reports/2025-world-lng-report,Japan,https://www.mhi.com/,35.412837,139.668503,"CM8G+QG Yokohama, Kanagawa, Japan",exact,"https://www.google.com/maps/place/Mitsubishi+Heavy+Industries+Yokohama+Dockyard+%26+Machinery+Works/@35.5677012,139.4295502,45835m/data=!3m1!1e3!4m10!1m2!2m1!1sMitsubishi+Heavy+Industries!3m6!1s0x601842bd2acc85ff:0x1c719ae9bbc013df!8m2!3d35.4169184!4d139.6762959!15sChtNaXRzdWJpc2hpIEhlYXZ5IEluZHVzdHJpZXMiA4gBAZIBCHNoaXB5YXJk4AEA!16s%2Fg%2F11btvwmdj6?entry=ttu&g_ep=EgoyMDI1MTIwMi4wIKXMDSoASAFQAw%3D%3D",137500,cbm,https://www.igu.org/igu-reports/2025-world-lng-report,membrane,https://www.igu.org/igu-reports/2025-world-lng-report,conventional,https://www.igu.org/igu-reports/2025-world-lng-report,steam,https://www.igu.org/igu-reports/2025-world-lng-report,2004,https://www.igu.org/igu-reports/2025-world-lng-report,,,,IGU,,,,,,,
971,9030802,https://www.igu.org/igu-reports/2025-world-lng-report,American Energy,https://www.datocms-assets.com/146580/1783403747-igu-world-lng-report-2026.pdf,,Puteri Intan,https://www.datocms-assets.com/146580/1783403747-igu-world-lng-report-2026.pdf,,,active,GEM,12/31/2024,https://www.igu.org/igu-reports/2025-world-lng-report,MISC,https://www.igu.org/igu-reports/2025-world-lng-report,Malaysia,"https://www.misc.com.my/contact-us/, https://www.miscgroup.com/awcontent/Web/Documents/IntegratedAnnualReport/Integrated-Annual-Report-2025.pdf, https://en.wikipedia.org/wiki/MISC_Berhad",Chantiers de l'Atlantique,https://www.igu.org/igu-reports/2025-world-lng-report,France,https://chantiers-atlantique.com/en/,47.284334,-2.182615,"7RM8+PW Saint-Nazaire, France",exact,https://maps.app.goo.gl/aXheTTWUa76FHyui7,130000,cbm,https://www.igu.org/igu-reports/2025-world-lng-report,membrane,https://www.igu.org/igu-reports/2025-world-lng-report,conventional,https://www.igu.org/igu-reports/2025-world-lng-report,steam,https://www.igu.org/igu-reports/2025-world-lng-report,1994,https://www.igu.org/igu-reports/2025-world-lng-report,,,,IGU,,,,,,,
973,9261205,https://www.igu.org/igu-reports/2025-world-lng-report,Puteri Mutiara Satu,https://www.igu.org/igu-reports/2025-world-lng-report,,,,,,scrapped,GEM,12/31/2024,"https://www.tradewindsnews.com/gas/misc-opts-to-scrap-trio-of-steam-turbine-lng-carriers/2-1-1949030, https://www.shipvault.com/ships/117205, https://shipvaultapi-gjb8c.ondigitalocean.app/api/units/117205",MISC,https://www.igu.org/igu-reports/2025-world-lng-report,Malaysia,"https://www.misc.com.my/contact-us/, https://www.miscgroup.com/awcontent/Web/Documents/IntegratedAnnualReport/Integrated-Annual-Report-2025.pdf, https://en.wikipedia.org/wiki/MISC_Berhad",Mitsui E&S Shipbuilding,https://www.igu.org/igu-reports/2025-world-lng-report,Japan,https://www.mes.co.jp/en/,35.54789,140.0945,"H32V+CC Ichihara, Chiba, Japan",exact,"https://www.google.com/maps/place/(%E6%A0%AA)%E4%B8%89%E4%BA%95%EF%BC%A5%EF%BC%86%EF%BC%B3+%E5%8D%83%E8%91%89%E4%BA%8B%E6%A5%AD%E5%A0%B4/@35.5961305,139.9368296,22877m/data=!3m1!1e3!4m10!1m2!2m1!1sMitsui+SB+(Chiba)!3m6!1s0x60229c7a5bd91a11:0xdae29ebde28b0943!8m2!3d35.5510419!4d140.0935883!15sChFNaXRzdWkgU0IgKENoaWJhKZIBEGNvcnBvcmF0ZV9vZmZpY2XgAQA!16s%2Fg%2F11btrr1q6f?entry=ttu&g_ep=EgoyMDI1MTIwMi4wIKXMDSoASAFQAw%3D%3D",137000,cbm,https://www.igu.org/igu-reports/2025-world-lng-report,membrane,https://www.igu.org/igu-reports/2025-world-lng-report,conventional,https://www.igu.org/igu-reports/2025-world-lng-report,steam,https://www.igu.org/igu-reports/2025-world-lng-report,2005,https://www.igu.org/igu-reports/2025-world-lng-report,,,,IGU,,,,,,,
974,9030826,https://www.igu.org/igu-reports/2025-world-lng-report,Puteri Nilam,https://www.igu.org/igu-reports/2025-world-lng-report,,,,,,scrapped,GEM,12/31/2024,"https://www.tradewindsnews.com/gas/misc-bites-breaking-bullet-on-30-year-old-lng-carrier-steamship-duo/2-1-1886848, https://www.shipvault.com/ships/103039, https://shipvaultapi-gjb8c.ondigitalocean.app/api/units/103039",MISC,https://www.igu.org/igu-reports/2025-world-lng-report,Malaysia,"https://www.misc.com.my/contact-us/, https://www.miscgroup.com/awcontent/Web/Documents/IntegratedAnnualReport/Integrated-Annual-Report-2025.pdf, https://en.wikipedia.org/wiki/MISC_Berhad",Chantiers de l'Atlantique,https://www.igu.org/igu-reports/2025-world-lng-report,France,https://chantiers-atlantique.com/en/,47.284334,-2.182615,"7RM8+PW Saint-Nazaire, France",exact,https://maps.app.goo.gl/aXheTTWUa76FHyui7,130000,cbm,https://www.igu.org/igu-reports/2025-world-lng-report,membrane,https://www.igu.org/igu-reports/2025-world-lng-report,conventional,https://www.igu.org/igu-reports/2025-world-lng-report,steam,https://www.igu.org/igu-reports/2025-world-lng-report,1995,https://www.igu.org/igu-reports/2025-world-lng-report,,,,IGU,,,,,,,
975,9229647,https://www.igu.org/igu-reports/2025-world-lng-report,Puteri Nilam Satu,https://www.igu.org/igu-reports/2025-world-lng-report,,,,,,active,GEM,12/31/2024,https://www.igu.org/igu-reports/2025-world-lng-report,MISC,https://www.igu.org/igu-reports/2025-world-lng-report,Malaysia,"https://www.misc.com.my/contact-us/, https://www.miscgroup.com/awcontent/Web/Documents/IntegratedAnnualReport/Integrated-Annual-Report-2025.pdf, https://en.wikipedia.org/wiki/MISC_Berhad",Mitsubishi Heavy Industries,https://www.igu.org/igu-reports/2025-world-lng-report,Japan,https://www.mhi.com/,35.412837,139.668503,"CM8G+QG Yokohama, Kanagawa, Japan",exact,"https://www.google.com/maps/place/Mitsubishi+Heavy+Industries+Yokohama+Dockyard+%26+Machinery+Works/@35.5677012,139.4295502,45835m/data=!3m1!1e3!4m10!1m2!2m1!1sMitsubishi+Heavy+Industries!3m6!1s0x601842bd2acc85ff:0x1c719ae9bbc013df!8m2!3d35.4169184!4d139.6762959!15sChtNaXRzdWJpc2hpIEhlYXZ5IEluZHVzdHJpZXMiA4gBAZIBCHNoaXB5YXJk4AEA!16s%2Fg%2F11btvwmdj6?entry=ttu&g_ep=EgoyMDI1MTIwMi4wIKXMDSoASAFQAw%3D%3D",134833,cbm,https://www.igu.org/igu-reports/2025-world-lng-report,membrane,https://www.igu.org/igu-reports/2025-world-lng-report,conventional,https://www.igu.org/igu-reports/2025-world-lng-report,steam,https://www.igu.org/igu-reports/2025-world-lng-report,2003,https://www.igu.org/igu-reports/2025-world-lng-report,,,,IGU,,,,,,,
979,9030838,https://www.igu.org/igu-reports/2025-world-lng-report,Puteri Zamrud,https://www.igu.org/igu-reports/2025-world-lng-report,,,,,,active,GEM,12/31/2024,https://www.igu.org/igu-reports/2025-world-lng-report,MISC,https://www.igu.org/igu-reports/2025-world-lng-report,Malaysia,"https://www.misc.com.my/contact-us/, https://www.miscgroup.com/awcontent/Web/Documents/IntegratedAnnualReport/Integrated-Annual-Report-2025.pdf, https://en.wikipedia.org/wiki/MISC_Berhad",Chantiers de l'Atlantique,https://www.igu.org/igu-reports/2025-world-lng-report,France,https://chantiers-atlantique.com/en/,47.284334,-2.182615,"7RM8+PW Saint-Nazaire, France",exact,https://maps.app.goo.gl/aXheTTWUa76FHyui7,130000,cbm,https://www.igu.org/igu-reports/2025-world-lng-report,membrane,https://www.igu.org/igu-reports/2025-world-lng-report,conventional,https://www.igu.org/igu-reports/2025-world-lng-report,steam,https://www.igu.org/igu-reports/2025-world-lng-report,1996,https://www.igu.org/igu-reports/2025-world-lng-report,,,,IGU,,,,,,,
980,9245031,https://www.igu.org/igu-reports/2025-world-lng-report,Puteri Zamrud Satu,https://www.igu.org/igu-reports/2025-world-lng-report,,,,,,scrapped,GEM,12/31/2024,"https://www.tradewindsnews.com/gas/misc-opts-to-scrap-trio-of-steam-turbine-lng-carriers/2-1-1949030, https://www.shipvault.com/ships/116092, https://shipvaultapi-gjb8c.ondigitalocean.app/api/units/116092",MISC,https://www.igu.org/igu-reports/2025-world-lng-report,Malaysia,"https://www.misc.com.my/contact-us/, https://www.miscgroup.com/awcontent/Web/Documents/IntegratedAnnualReport/Integrated-Annual-Report-2025.pdf, https://en.wikipedia.org/wiki/MISC_Berhad",Mitsui E&S Shipbuilding,https://www.igu.org/igu-reports/2025-world-lng-report,Japan,https://www.mes.co.jp/en/,35.54789,140.0945,"H32V+CC Ichihara, Chiba, Japan",exact,"https://www.google.com/maps/place/(%E6%A0%AA)%E4%B8%89%E4%BA%95%EF%BC%A5%EF%BC%86%EF%BC%B3+%E5%8D%83%E8%91%89%E4%BA%8B%E6%A5%AD%E5%A0%B4/@35.5961305,139.9368296,22877m/data=!3m1!1e3!4m10!1m2!2m1!1sMitsui+SB+(Chiba)!3m6!1s0x60229c7a5bd91a11:0xdae29ebde28b0943!8m2!3d35.5510419!4d140.0935883!15sChFNaXRzdWkgU0IgKENoaWJhKZIBEGNvcnBvcmF0ZV9vZmZpY2XgAQA!16s%2Fg%2F11btrr1q6f?entry=ttu&g_ep=EgoyMDI1MTIwMi4wIKXMDSoASAFQAw%3D%3D",137500,cbm,https://www.igu.org/igu-reports/2025-world-lng-report,membrane,https://www.igu.org/igu-reports/2025-world-lng-report,conventional,https://www.igu.org/igu-reports/2025-world-lng-report,steam,https://www.igu.org/igu-reports/2025-world-lng-report,2004,https://www.igu.org/igu-reports/2025-world-lng-report,,,,IGU,,,,,,,
1014,9293832,https://www.igu.org/igu-reports/2025-world-lng-report,Seri Alam,https://www.igu.org/igu-reports/2025-world-lng-report,,,,,,active,GEM,12/31/2024,https://www.igu.org/igu-reports/2025-world-lng-report,MISC,https://www.igu.org/igu-reports/2025-world-lng-report,Malaysia,"https://www.misc.com.my/contact-us/, https://www.miscgroup.com/awcontent/Web/Documents/IntegratedAnnualReport/Integrated-Annual-Report-2025.pdf, https://en.wikipedia.org/wiki/MISC_Berhad",Samsung Heavy Industries,https://www.igu.org/igu-reports/2025-world-lng-report,South Korea,https://www.samsungshi.com/En/Default.aspx,34.89804,128.6045,"VJW3+QV Geoje-si, Gyeongsangnam-do",exact,https://www.google.com/maps/place/Samsung+Heavy+industries/data=!3m1!1e3!4m10!1m2!2m1!1ssamsung+heavy+industries!3m6!1s0x356ecd83691a8fb5:0xd4204e9a1bb0ef10!8m2!3d34.8969682!4d128.6046376!15sChhzYW1zdW5nIGhlYXZ5IGluZHVzdHJpZXOSAQhzaGlweWFyZOABAA!16s%2Fg%2F1tgcpry6?entry=ttu&g_ep=EgoyMDI1MTIwMi4wIKXMDSoASAFQAw%3D%3D,145700,cbm,https://www.igu.org/igu-reports/2025-world-lng-report,membrane,https://www.igu.org/igu-reports/2025-world-lng-report,conventional,https://www.igu.org/igu-reports/2025-world-lng-report,steam,https://www.igu.org/igu-reports/2025-world-lng-report,2005,https://www.igu.org/igu-reports/2025-world-lng-report,,,,IGU,,,,,,,
1015,9293844,https://www.igu.org/igu-reports/2025-world-lng-report,Seri Amanah,https://www.igu.org/igu-reports/2025-world-lng-report,,,,,,active,GEM,12/31/2024,https://www.igu.org/igu-reports/2025-world-lng-report,MISC,https://www.igu.org/igu-reports/2025-world-lng-report,Malaysia,"https://www.misc.com.my/contact-us/, https://www.miscgroup.com/awcontent/Web/Documents/IntegratedAnnualReport/Integrated-Annual-Report-2025.pdf, https://en.wikipedia.org/wiki/MISC_Berhad",Samsung Heavy Industries,https://www.igu.org/igu-reports/2025-world-lng-report,South Korea,https://www.samsungshi.com/En/Default.aspx,34.89804,128.6045,"VJW3+QV Geoje-si, Gyeongsangnam-do",exact,https://www.google.com/maps/place/Samsung+Heavy+industries/data=!3m1!1e3!4m10!1m2!2m1!1ssamsung+heavy+industries!3m6!1s0x356ecd83691a8fb5:0xd4204e9a1bb0ef10!8m2!3d34.8969682!4d128.6046376!15sChhzYW1zdW5nIGhlYXZ5IGluZHVzdHJpZXOSAQhzaGlweWFyZOABAA!16s%2Fg%2F1tgcpry6?entry=ttu&g_ep=EgoyMDI1MTIwMi4wIKXMDSoASAFQAw%3D%3D,145700,cbm,https://www.igu.org/igu-reports/2025-world-lng-report,membrane,https://www.igu.org/igu-reports/2025-world-lng-report,conventional,https://www.igu.org/igu-reports/2025-world-lng-report,steam,https://www.igu.org/igu-reports/2025-world-lng-report,2006,https://www.igu.org/igu-reports/2025-world-lng-report,,,,IGU,,,,,,,
1016,9321653,https://www.igu.org/igu-reports/2025-world-lng-report,Seri Anggun,https://www.igu.org/igu-reports/2025-world-lng-report,,,,,,active,GEM,12/31/2024,https://www.igu.org/igu-reports/2025-world-lng-report,MISC,https://www.igu.org/igu-reports/2025-world-lng-report,Malaysia,"https://www.misc.com.my/contact-us/, https://www.miscgroup.com/awcontent/Web/Documents/IntegratedAnnualReport/Integrated-Annual-Report-2025.pdf, https://en.wikipedia.org/wiki/MISC_Berhad",Samsung Heavy Industries,https://www.igu.org/igu-reports/2025-world-lng-report,South Korea,https://www.samsungshi.com/En/Default.aspx,34.89804,128.6045,"VJW3+QV Geoje-si, Gyeongsangnam-do",exact,https://www.google.com/maps/place/Samsung+Heavy+industries/data=!3m1!1e3!4m10!1m2!2m1!1ssamsung+heavy+industries!3m6!1s0x356ecd83691a8fb5:0xd4204e9a1bb0ef10!8m2!3d34.8969682!4d128.6046376!15sChhzYW1zdW5nIGhlYXZ5IGluZHVzdHJpZXOSAQhzaGlweWFyZOABAA!16s%2Fg%2F1tgcpry6?entry=ttu&g_ep=EgoyMDI1MTIwMi4wIKXMDSoASAFQAw%3D%3D,145700,cbm,https://www.igu.org/igu-reports/2025-world-lng-report,membrane,https://www.igu.org/igu-reports/2025-world-lng-report,conventional,https://www.igu.org/igu-reports/2025-world-lng-report,steam,https://www.igu.org/igu-reports/2025-world-lng-report,2006,https://www.igu.org/igu-reports/2025-world-lng-report,,,,IGU,,,,,,,
1017,9321665,https://www.igu.org/igu-reports/2025-world-lng-report,Seri Angkasa,https://www.igu.org/igu-reports/2025-world-lng-report,,,,,,active,GEM,12/31/2024,https://www.igu.org/igu-reports/2025-world-lng-report,MISC,https://www.igu.org/igu-reports/2025-world-lng-report,Malaysia,"https://www.misc.com.my/contact-us/, https://www.miscgroup.com/awcontent/Web/Documents/IntegratedAnnualReport/Integrated-Annual-Report-2025.pdf, https://en.wikipedia.org/wiki/MISC_Berhad",Samsung Heavy Industries,https://www.igu.org/igu-reports/2025-world-lng-report,South Korea,https://www.samsungshi.com/En/Default.aspx,34.89804,128.6045,"VJW3+QV Geoje-si, Gyeongsangnam-do",exact,https://www.google.com/maps/place/Samsung+Heavy+industries/data=!3m1!1e3!4m10!1m2!2m1!1ssamsung+heavy+industries!3m6!1s0x356ecd83691a8fb5:0xd4204e9a1bb0ef10!8m2!3d34.8969682!4d128.6046376!15sChhzYW1zdW5nIGhlYXZ5IGluZHVzdHJpZXOSAQhzaGlweWFyZOABAA!16s%2Fg%2F1tgcpry6?entry=ttu&g_ep=EgoyMDI1MTIwMi4wIKXMDSoASAFQAw%3D%3D,145700,cbm,https://www.igu.org/igu-reports/2025-world-lng-report,membrane,https://www.igu.org/igu-reports/2025-world-lng-report,conventional,https://www.igu.org/igu-reports/2025-world-lng-report,steam,https://www.igu.org/igu-reports/2025-world-lng-report,2006,https://www.igu.org/igu-reports/2025-world-lng-report,,,,IGU,,,,,,,
1018,9329679,https://www.igu.org/igu-reports/2025-world-lng-report,Seri Ayu,https://www.igu.org/igu-reports/2025-world-lng-report,,,,,,active,GEM,12/31/2024,https://www.igu.org/igu-reports/2025-world-lng-report,MISC,https://www.igu.org/igu-reports/2025-world-lng-report,Malaysia,"https://www.misc.com.my/contact-us/, https://www.miscgroup.com/awcontent/Web/Documents/IntegratedAnnualReport/Integrated-Annual-Report-2025.pdf, https://en.wikipedia.org/wiki/MISC_Berhad",Samsung Heavy Industries,https://www.igu.org/igu-reports/2025-world-lng-report,South Korea,https://www.samsungshi.com/En/Default.aspx,34.89804,128.6045,"VJW3+QV Geoje-si, Gyeongsangnam-do",exact,https://www.google.com/maps/place/Samsung+Heavy+industries/data=!3m1!1e3!4m10!1m2!2m1!1ssamsung+heavy+industries!3m6!1s0x356ecd83691a8fb5:0xd4204e9a1bb0ef10!8m2!3d34.8969682!4d128.6046376!15sChhzYW1zdW5nIGhlYXZ5IGluZHVzdHJpZXOSAQhzaGlweWFyZOABAA!16s%2Fg%2F1tgcpry6?entry=ttu&g_ep=EgoyMDI1MTIwMi4wIKXMDSoASAFQAw%3D%3D,145700,cbm,https://www.igu.org/igu-reports/2025-world-lng-report,membrane,https://www.igu.org/igu-reports/2025-world-lng-report,conventional,https://www.igu.org/igu-reports/2025-world-lng-report,steam,https://www.igu.org/igu-reports/2025-world-lng-report,2007,https://www.igu.org/igu-reports/2025-world-lng-report,,,,IGU,,,,,,,
1019,9331634,https://www.igu.org/igu-reports/2025-world-lng-report,Seri Bakti,https://www.igu.org/igu-reports/2025-world-lng-report,,,,,,active,GEM,12/31/2024,https://www.igu.org/igu-reports/2025-world-lng-report,MISC,https://www.igu.org/igu-reports/2025-world-lng-report,Malaysia,"https://www.misc.com.my/contact-us/, https://www.miscgroup.com/awcontent/Web/Documents/IntegratedAnnualReport/Integrated-Annual-Report-2025.pdf, https://en.wikipedia.org/wiki/MISC_Berhad",Mitsubishi Heavy Industries,https://www.igu.org/igu-reports/2025-world-lng-report,Japan,https://www.mhi.com/,35.412837,139.668503,"CM8G+QG Yokohama, Kanagawa, Japan",exact,"https://www.google.com/maps/place/Mitsubishi+Heavy+Industries+Yokohama+Dockyard+%26+Machinery+Works/@35.5677012,139.4295502,45835m/data=!3m1!1e3!4m10!1m2!2m1!1sMitsubishi+Heavy+Industries!3m6!1s0x601842bd2acc85ff:0x1c719ae9bbc013df!8m2!3d35.4169184!4d139.6762959!15sChtNaXRzdWJpc2hpIEhlYXZ5IEluZHVzdHJpZXMiA4gBAZIBCHNoaXB5YXJk4AEA!16s%2Fg%2F11btvwmdj6?entry=ttu&g_ep=EgoyMDI1MTIwMi4wIKXMDSoASAFQAw%3D%3D",152300,cbm,https://www.igu.org/igu-reports/2025-world-lng-report,membrane,https://www.igu.org/igu-reports/2025-world-lng-report,conventional,https://www.igu.org/igu-reports/2025-world-lng-report,steam,https://www.igu.org/igu-reports/2025-world-lng-report,2007,https://www.igu.org/igu-reports/2025-world-lng-report,,,,IGU,,,,,,,
1020,9331660,https://www.igu.org/igu-reports/2025-world-lng-report,Seri Balhaf,https://www.igu.org/igu-reports/2025-world-lng-report,,,,,,active,GEM,12/31/2024,https://www.igu.org/igu-reports/2025-world-lng-report,MISC,https://www.igu.org/igu-reports/2025-world-lng-report,Malaysia,"https://www.misc.com.my/contact-us/, https://www.miscgroup.com/awcontent/Web/Documents/IntegratedAnnualReport/Integrated-Annual-Report-2025.pdf, https://en.wikipedia.org/wiki/MISC_Berhad",Mitsubishi Heavy Industries,https://www.igu.org/igu-reports/2025-world-lng-report,Japan,https://www.mhi.com/,35.412837,139.668503,"CM8G+QG Yokohama, Kanagawa, Japan",exact,"https://www.google.com/maps/place/Mitsubishi+Heavy+Industries+Yokohama+Dockyard+%26+Machinery+Works/@35.5677012,139.4295502,45835m/data=!3m1!1e3!4m10!1m2!2m1!1sMitsubishi+Heavy+Industries!3m6!1s0x601842bd2acc85ff:0x1c719ae9bbc013df!8m2!3d35.4169184!4d139.6762959!15sChtNaXRzdWJpc2hpIEhlYXZ5IEluZHVzdHJpZXMiA4gBAZIBCHNoaXB5YXJk4AEA!16s%2Fg%2F11btvwmdj6?entry=ttu&g_ep=EgoyMDI1MTIwMi4wIKXMDSoASAFQAw%3D%3D",157000,cbm,https://www.igu.org/igu-reports/2025-world-lng-report,membrane,https://www.igu.org/igu-reports/2025-world-lng-report,conventional,https://www.igu.org/igu-reports/2025-world-lng-report,DFDE,https://www.igu.org/igu-reports/2025-world-lng-report,2009,https://www.igu.org/igu-reports/2025-world-lng-report,,,,IGU,,,,,,,
1021,9331672,https://www.igu.org/igu-reports/2025-world-lng-report,Seri Balqis,https://www.igu.org/igu-reports/2025-world-lng-report,,,,,,active,GEM,12/31/2024,https://www.igu.org/igu-reports/2025-world-lng-report,MISC,https://www.igu.org/igu-reports/2025-world-lng-report,Malaysia,"https://www.misc.com.my/contact-us/, https://www.miscgroup.com/awcontent/Web/Documents/IntegratedAnnualReport/Integrated-Annual-Report-2025.pdf, https://en.wikipedia.org/wiki/MISC_Berhad",Mitsubishi Heavy Industries,https://www.igu.org/igu-reports/2025-world-lng-report,Japan,https://www.mhi.com/,35.412837,139.668503,"CM8G+QG Yokohama, Kanagawa, Japan",exact,"https://www.google.com/maps/place/Mitsubishi+Heavy+Industries+Yokohama+Dockyard+%26+Machinery+Works/@35.5677012,139.4295502,45835m/data=!3m1!1e3!4m10!1m2!2m1!1sMitsubishi+Heavy+Industries!3m6!1s0x601842bd2acc85ff:0x1c719ae9bbc013df!8m2!3d35.4169184!4d139.6762959!15sChtNaXRzdWJpc2hpIEhlYXZ5IEluZHVzdHJpZXMiA4gBAZIBCHNoaXB5YXJk4AEA!16s%2Fg%2F11btvwmdj6?entry=ttu&g_ep=EgoyMDI1MTIwMi4wIKXMDSoASAFQAw%3D%3D",152000,cbm,https://www.igu.org/igu-reports/2025-world-lng-report,membrane,https://www.igu.org/igu-reports/2025-world-lng-report,conventional,https://www.igu.org/igu-reports/2025-world-lng-report,DFDE,https://www.igu.org/igu-reports/2025-world-lng-report,2009,https://www.igu.org/igu-reports/2025-world-lng-report,,,,IGU,,,,,,,
1022,9331646,https://www.igu.org/igu-reports/2025-world-lng-report,Seri Begawan,https://www.igu.org/igu-reports/2025-world-lng-report,,,,,,active,GEM,12/31/2024,https://www.igu.org/igu-reports/2025-world-lng-report,MISC,https://www.igu.org/igu-reports/2025-world-lng-report,Malaysia,"https://www.misc.com.my/contact-us/, https://www.miscgroup.com/awcontent/Web/Documents/IntegratedAnnualReport/Integrated-Annual-Report-2025.pdf, https://en.wikipedia.org/wiki/MISC_Berhad",Mitsubishi Heavy Industries,https://www.igu.org/igu-reports/2025-world-lng-report,Japan,https://www.mhi.com/,35.412837,139.668503,"CM8G+QG Yokohama, Kanagawa, Japan",exact,"https://www.google.com/maps/place/Mitsubishi+Heavy+Industries+Yokohama+Dockyard+%26+Machinery+Works/@35.5677012,139.4295502,45835m/data=!3m1!1e3!4m10!1m2!2m1!1sMitsubishi+Heavy+Industries!3m6!1s0x601842bd2acc85ff:0x1c719ae9bbc013df!8m2!3d35.4169184!4d139.6762959!15sChtNaXRzdWJpc2hpIEhlYXZ5IEluZHVzdHJpZXMiA4gBAZIBCHNoaXB5YXJk4AEA!16s%2Fg%2F11btvwmdj6?entry=ttu&g_ep=EgoyMDI1MTIwMi4wIKXMDSoASAFQAw%3D%3D",152300,cbm,https://www.igu.org/igu-reports/2025-world-lng-report,membrane,https://www.igu.org/igu-reports/2025-world-lng-report,conventional,https://www.igu.org/igu-reports/2025-world-lng-report,steam,https://www.igu.org/igu-reports/2025-world-lng-report,2007,https://www.igu.org/igu-reports/2025-world-lng-report,,,,IGU,,,,,,,
1023,9331658,https://www.igu.org/igu-reports/2025-world-lng-report,Seri Bijaksana,https://www.igu.org/igu-reports/2025-world-lng-report,,,,,,active,GEM,12/31/2024,https://www.igu.org/igu-reports/2025-world-lng-report,MISC,https://www.igu.org/igu-reports/2025-world-lng-report,Malaysia,"https://www.misc.com.my/contact-us/, https://www.miscgroup.com/awcontent/Web/Documents/IntegratedAnnualReport/Integrated-Annual-Report-2025.pdf, https://en.wikipedia.org/wiki/MISC_Berhad",Mitsubishi Heavy Industries,https://www.igu.org/igu-reports/2025-world-lng-report,Japan,https://www.mhi.com/,35.412837,139.668503,"CM8G+QG Yokohama, Kanagawa, Japan",exact,"https://www.google.com/maps/place/Mitsubishi+Heavy+Industries+Yokohama+Dockyard+%26+Machinery+Works/@35.5677012,139.4295502,45835m/data=!3m1!1e3!4m10!1m2!2m1!1sMitsubishi+Heavy+Industries!3m6!1s0x601842bd2acc85ff:0x1c719ae9bbc013df!8m2!3d35.4169184!4d139.6762959!15sChtNaXRzdWJpc2hpIEhlYXZ5IEluZHVzdHJpZXMiA4gBAZIBCHNoaXB5YXJk4AEA!16s%2Fg%2F11btvwmdj6?entry=ttu&g_ep=EgoyMDI1MTIwMi4wIKXMDSoASAFQAw%3D%3D",152300,cbm,https://www.igu.org/igu-reports/2025-world-lng-report,membrane,https://www.igu.org/igu-reports/2025-world-lng-report,conventional,https://www.igu.org/igu-reports/2025-world-lng-report,steam,https://www.igu.org/igu-reports/2025-world-lng-report,2008,https://www.igu.org/igu-reports/2025-world-lng-report,,,,IGU,,,,,,,
1029,9896440,https://www.igu.org/igu-reports/2025-world-lng-report,Seri Damai,https://www.igu.org/igu-reports/2025-world-lng-report,,,,,,active,GEM,12/31/2024,https://www.igu.org/igu-reports/2025-world-lng-report,MISC,https://www.igu.org/igu-reports/2025-world-lng-report,Malaysia,"https://www.misc.com.my/contact-us/, https://www.miscgroup.com/awcontent/Web/Documents/IntegratedAnnualReport/Integrated-Annual-Report-2025.pdf, https://en.wikipedia.org/wiki/MISC_Berhad",Samsung Heavy Industries,https://www.igu.org/igu-reports/2025-world-lng-report,South Korea,https://www.samsungshi.com/En/Default.aspx,34.89804,128.6045,"VJW3+QV Geoje-si, Gyeongsangnam-do",exact,https://www.google.com/maps/place/Samsung+Heavy+industries/data=!3m1!1e3!4m10!1m2!2m1!1ssamsung+heavy+industries!3m6!1s0x356ecd83691a8fb5:0xd4204e9a1bb0ef10!8m2!3d34.8969682!4d128.6046376!15sChhzYW1zdW5nIGhlYXZ5IGluZHVzdHJpZXOSAQhzaGlweWFyZOABAA!16s%2Fg%2F1tgcpry6?entry=ttu&g_ep=EgoyMDI1MTIwMi4wIKXMDSoASAFQAw%3D%3D,174000,cbm,https://www.igu.org/igu-reports/2025-world-lng-report,membrane,https://www.igu.org/igu-reports/2025-world-lng-report,conventional,https://www.igu.org/igu-reports/2025-world-lng-report,X-DF,https://www.igu.org/igu-reports/2025-world-lng-report,2023,https://www.igu.org/igu-reports/2025-world-lng-report,,,,IGU,,,,,,,
1030,9896452,https://www.igu.org/igu-reports/2025-world-lng-report,Seri Daya,https://www.igu.org/igu-reports/2025-world-lng-report,,,,,,active,GEM,12/31/2024,https://www.igu.org/igu-reports/2025-world-lng-report,MISC,https://www.igu.org/igu-reports/2025-world-lng-report,Malaysia,"https://www.misc.com.my/contact-us/, https://www.miscgroup.com/awcontent/Web/Documents/IntegratedAnnualReport/Integrated-Annual-Report-2025.pdf, https://en.wikipedia.org/wiki/MISC_Berhad",Samsung Heavy Industries,https://www.igu.org/igu-reports/2025-world-lng-report,South Korea,https://www.samsungshi.com/En/Default.aspx,34.89804,128.6045,"VJW3+QV Geoje-si, Gyeongsangnam-do",exact,https://www.google.com/maps/place/Samsung+Heavy+industries/data=!3m1!1e3!4m10!1m2!2m1!1ssamsung+heavy+industries!3m6!1s0x356ecd83691a8fb5:0xd4204e9a1bb0ef10!8m2!3d34.8969682!4d128.6046376!15sChhzYW1zdW5nIGhlYXZ5IGluZHVzdHJpZXOSAQhzaGlweWFyZOABAA!16s%2Fg%2F1tgcpry6?entry=ttu&g_ep=EgoyMDI1MTIwMi4wIKXMDSoASAFQAw%3D%3D,174000,cbm,https://www.igu.org/igu-reports/2025-world-lng-report,membrane,https://www.igu.org/igu-reports/2025-world-lng-report,conventional,https://www.igu.org/igu-reports/2025-world-lng-report,X-DF,https://www.igu.org/igu-reports/2025-world-lng-report,2023,https://www.igu.org/igu-reports/2025-world-lng-report,,,,IGU,,,,,,,
1044,9761803,"https://www.shipvault.com/ships/373877, https://shipvaultapi-gjb8c.ondigitalocean.app/api/units/373877",SK Serenity,"https://www.shipvault.com/ships/373877, https://shipvaultapi-gjb8c.ondigitalocean.app/api/units/373877",,,,,,active,SFOC,12/8/2025,"https://www.shipvault.com/ships/373877, https://shipvaultapi-gjb8c.ondigitalocean.app/api/units/373877",SK Shipping,Ship: SK SERENITY - LNG CARRIER (IMO: 9761803 & MMSI: 370025000),South Korea,"https://en.wikipedia.org/wiki/SK_Shipping, https://splash247.com/sk-shipping-takes-aim-at-asia-lng-top-spot-in-h-line-tanker-swap/",Samsung Heavy Industries,https://www.shipvault.com/ships/373877,South Korea,https://www.samsungshi.com/En/Default.aspx,34.89804,128.6045,"VJW3+QV Geoje-si, Gyeongsangnam-do",exact,https://www.google.com/maps/place/Samsung+Heavy+industries/data=!3m1!1e3!4m10!1m2!2m1!1ssamsung+heavy+industries!3m6!1s0x356ecd83691a8fb5:0xd4204e9a1bb0ef10!8m2!3d34.8969682!4d128.6046376!15sChhzYW1zdW5nIGhlYXZ5IGluZHVzdHJpZXOSAQhzaGlweWFyZOABAA!16s%2Fg%2F1tgcpry6?entry=ttu&g_ep=EgoyMDI1MTIwMi4wIKXMDSoASAFQAw%3D%3D,174000,cbm,"https://www.shipvault.com/ships/373877, https://shipvaultapi-gjb8c.ondigitalocean.app/api/units/373877",,,conventional,,,,2018,"https://www.shipvault.com/ships/373877, https://shipvaultapi-gjb8c.ondigitalocean.app/api/units/373877",,,,Clarkson,,,1-Nov-2014,"https://www.shipvault.com/ships/373877, https://shipvaultapi-gjb8c.ondigitalocean.app/api/units/373877",207000000.00,USD,"https://www.shipvault.com/ships/373877, https://shipvaultapi-gjb8c.ondigitalocean.app/api/units/373877"
1045,9761815,"https://www.shipvault.com/ships/373876, https://shipvaultapi-gjb8c.ondigitalocean.app/api/units/373876",SK Spica,"https://www.shipvault.com/ships/373876, https://shipvaultapi-gjb8c.ondigitalocean.app/api/units/373876",,,,,,active,SFOC,12/8/2025,"https://www.shipvault.com/ships/373876, https://shipvaultapi-gjb8c.ondigitalocean.app/api/units/373876",SK Shipping,Ship: SK SPICA - LNG CARRIER (IMO: 9761815 & MMSI: 356269000),South Korea,"https://en.wikipedia.org/wiki/SK_Shipping, https://splash247.com/sk-shipping-takes-aim-at-asia-lng-top-spot-in-h-line-tanker-swap/",Samsung Heavy Industries,https://www.shipvault.com/ships/373876,South Korea,https://www.samsungshi.com/En/Default.aspx,34.89804,128.6045,"VJW3+QV Geoje-si, Gyeongsangnam-do",exact,https://www.google.com/maps/place/Samsung+Heavy+industries/data=!3m1!1e3!4m10!1m2!2m1!1ssamsung+heavy+industries!3m6!1s0x356ecd83691a8fb5:0xd4204e9a1bb0ef10!8m2!3d34.8969682!4d128.6046376!15sChhzYW1zdW5nIGhlYXZ5IGluZHVzdHJpZXOSAQhzaGlweWFyZOABAA!16s%2Fg%2F1tgcpry6?entry=ttu&g_ep=EgoyMDI1MTIwMi4wIKXMDSoASAFQAw%3D%3D,174000,cbm,"https://www.shipvault.com/ships/373876, https://shipvaultapi-gjb8c.ondigitalocean.app/api/units/373876",,,conventional,,,,2018,"https://www.shipvault.com/ships/373876, https://shipvaultapi-gjb8c.ondigitalocean.app/api/units/373876",,,,Clarkson,,,9-Mar-2014,https://www.shipvault.com/ships/373876,207000000.00,USD,"https://www.shipvault.com/ships/373876, https://shipvaultapi-gjb8c.ondigitalocean.app/api/units/373876"
1077,7428433,https://www.igu.org/igu-reports/2025-world-lng-report,Tenaga Empat,https://www.igu.org/igu-reports/2025-world-lng-report,,,,,,active,GEM,12/31/2024,https://www.igu.org/igu-reports/2025-world-lng-report,MISC,https://www.igu.org/igu-reports/2025-world-lng-report,Malaysia,"https://www.misc.com.my/contact-us/, https://www.miscgroup.com/awcontent/Web/Documents/IntegratedAnnualReport/Integrated-Annual-Report-2025.pdf, https://en.wikipedia.org/wiki/MISC_Berhad",CNIM (Constructions Industrielles de la Méditerranée),https://www.igu.org/igu-reports/2025-world-lng-report,France,https://fr.wikipedia.org/wiki/CNIM,43.107849,5.879613,"4V5H+5Q La Seyne-sur-Mer, France",exact,https://cnim-systemes-industriels.com/en/contact-us,130000,cbm,https://www.igu.org/igu-reports/2025-world-lng-report,membrane,https://www.igu.org/igu-reports/2025-world-lng-report,FSU,https://www.igu.org/igu-reports/2025-world-lng-report,steam,https://www.igu.org/igu-reports/2025-world-lng-report,1981,https://www.igu.org/igu-reports/2025-world-lng-report,,,,IGU,,,,,,,
1078,7428457,https://www.igu.org/igu-reports/2025-world-lng-report,Tenaga Satu,https://www.igu.org/igu-reports/2025-world-lng-report,,,,,,active,GEM,12/31/2024,https://www.igu.org/igu-reports/2025-world-lng-report,MISC,https://www.igu.org/igu-reports/2025-world-lng-report,Malaysia,"https://www.misc.com.my/contact-us/, https://www.miscgroup.com/awcontent/Web/Documents/IntegratedAnnualReport/Integrated-Annual-Report-2025.pdf, https://en.wikipedia.org/wiki/MISC_Berhad","Dunkerque Shipyard (Ateliers et Chantiers de France, ACF)",https://www.igu.org/igu-reports/2025-world-lng-report,France,https://en.wikipedia.org/wiki/Ateliers_et_Chantiers_de_France,51.047762,2.375219,,approximate,https://en.wikipedia.org/wiki/Ateliers_et_Chantiers_de_France,130000,cbm,https://www.igu.org/igu-reports/2025-world-lng-report,membrane,https://www.igu.org/igu-reports/2025-world-lng-report,FSU,https://www.igu.org/igu-reports/2025-world-lng-report,steam,https://www.igu.org/igu-reports/2025-world-lng-report,1982,https://www.igu.org/igu-reports/2025-world-lng-report,,,,IGU,,,,,,,
1196,,,Hudong-Zhonghua (MISC 1),"https://lngprime.com/asia/petronas-misc-seal-20-year-charter-deal-for-lng-carrier-quintet/186162/, https://splash247.com/petronas-charters-five-newbuild-lng-carriers-from-misc/, https://splash247.com/misc-lifts-hudong-zhonghua-lng-series/, https://www.bairdmaritime.com/shipping/tankers/gas/petronas-lng-signs-20-year-charter-agreement-with-misc-for-five-new-ships, https://cyprusshippingnews.com/2026/05/18/pll-signs-a-20-year-time-charter-party-with-misc-for-five-newbuild-lng-carriers/, https://theedgemalaysia.com/node/794631","Clarkson name: Hudong-Zhonghua Shanghai H2014A (BL couldn't find hull online anywhere, so removing it from name)",,,,,on order,GEM,5/14/2026,"https://lngprime.com/asia/petronas-misc-seal-20-year-charter-deal-for-lng-carrier-quintet/186162/, https://splash247.com/petronas-charters-five-newbuild-lng-carriers-from-misc/, https://splash247.com/misc-lifts-hudong-zhonghua-lng-series/, https://www.bairdmaritime.com/shipping/tankers/gas/petronas-lng-signs-20-year-charter-agreement-with-misc-for-five-new-ships, https://cyprusshippingnews.com/2026/05/18/pll-signs-a-20-year-time-charter-party-with-misc-for-five-newbuild-lng-carriers/, https://theedgemalaysia.com/node/794631",MISC,"https://lngprime.com/asia/petronas-misc-seal-20-year-charter-deal-for-lng-carrier-quintet/186162/, https://splash247.com/petronas-charters-five-newbuild-lng-carriers-from-misc/, https://splash247.com/misc-lifts-hudong-zhonghua-lng-series/, https://www.bairdmaritime.com/shipping/tankers/gas/petronas-lng-signs-20-year-charter-agreement-with-misc-for-five-new-ships, https://cyprusshippingnews.com/2026/05/18/pll-signs-a-20-year-time-charter-party-with-misc-for-five-newbuild-lng-carriers/, https://theedgemalaysia.com/node/794631",Malaysia,"https://www.misc.com.my/contact-us/, https://www.miscgroup.com/awcontent/Web/Documents/IntegratedAnnualReport/Integrated-Annual-Report-2025.pdf, https://en.wikipedia.org/wiki/MISC_Berhad",Hudong-Zhonghua Shipbuilding,"https://lngprime.com/asia/petronas-misc-seal-20-year-charter-deal-for-lng-carrier-quintet/186162/, https://splash247.com/petronas-charters-five-newbuild-lng-carriers-from-misc/, https://splash247.com/misc-lifts-hudong-zhonghua-lng-series/, https://www.bairdmaritime.com/shipping/tankers/gas/petronas-lng-signs-20-year-charter-agreement-with-misc-for-five-new-ships, https://cyprusshippingnews.com/2026/05/18/pll-signs-a-20-year-time-charter-party-with-misc-for-five-newbuild-lng-carriers/, https://theedgemalaysia.com/node/794631",China,https://www.shipyards.gr/shipyards/new-buildings-shipyards/newbuilding-farest-pacific-ocean/newbuilding-far-east-china-sea/china-south/hudong-zhonghua-shipbuilding-group-coltd,31.271988,121.575478,"7HCG+R4 Pudong, Shanghai, China",exact,"https://www.google.com/maps/place/Hudong-Zhonghua+Shipbuilding/@31.2720706,121.5727207,753m/data=!3m2!1e3!4b1!4m6!3m5!1s0x35b2742eceeb203d:0x37fddc7176d2cc24!8m2!3d31.2720706!4d121.5752956!16s%2Fg%2F1td0qx6d?entry=ttu&g_ep=EgoyMDI1MTIwMi4wIKXMDSoASAFQAw%3D%3D",174000,cbm,"https://lngprime.com/asia/petronas-misc-seal-20-year-charter-deal-for-lng-carrier-quintet/186162/, https://splash247.com/petronas-charters-five-newbuild-lng-carriers-from-misc/, https://splash247.com/misc-lifts-hudong-zhonghua-lng-series/, https://www.bairdmaritime.com/shipping/tankers/gas/petronas-lng-signs-20-year-charter-agreement-with-misc-for-five-new-ships, https://cyprusshippingnews.com/2026/05/18/pll-signs-a-20-year-time-charter-party-with-misc-for-five-newbuild-lng-carriers/, https://theedgemalaysia.com/node/794631",,,,,,,2029,"https://lngprime.com/asia/petronas-misc-seal-20-year-charter-deal-for-lng-carrier-quintet/186162/, https://splash247.com/misc-lifts-hudong-zhonghua-lng-series/, https://cyprusshippingnews.com/2026/05/18/pll-signs-a-20-year-time-charter-party-with-misc-for-five-newbuild-lng-carriers/",,,,SFOC/Clarkson - May 2026,PETRONAS,"https://www.thestar.com.my/business/business-news/2026/05/12/petronas-misc-sign-20-year-charter-deal-for-five-newbuild-lng-carriers, https://splash247.com/petronas-charters-five-newbuild-lng-carriers-from-misc/, https://www.businesstoday.com.my/2026/05/12/misc-secures-long-term-charter-deal-for-five-lng-carriers-from-petronas/",30-Jan-2026,https://www.imarinenews.com/31984.html,,,
1197,,,Hudong-Zhonghua (MISC 2),"https://lngprime.com/asia/petronas-misc-seal-20-year-charter-deal-for-lng-carrier-quintet/186162/, https://splash247.com/petronas-charters-five-newbuild-lng-carriers-from-misc/, https://splash247.com/misc-lifts-hudong-zhonghua-lng-series/, https://www.bairdmaritime.com/shipping/tankers/gas/petronas-lng-signs-20-year-charter-agreement-with-misc-for-five-new-ships, https://cyprusshippingnews.com/2026/05/18/pll-signs-a-20-year-time-charter-party-with-misc-for-five-newbuild-lng-carriers/, https://theedgemalaysia.com/node/794631","Clarkson name: Hudong-Zhonghua Shanghai H2015A (BL couldn't find hull online anywhere, so removing it from name)",,,,,on order,GEM,5/14/2026,"https://lngprime.com/asia/petronas-misc-seal-20-year-charter-deal-for-lng-carrier-quintet/186162/, https://splash247.com/petronas-charters-five-newbuild-lng-carriers-from-misc/, https://splash247.com/misc-lifts-hudong-zhonghua-lng-series/, https://www.bairdmaritime.com/shipping/tankers/gas/petronas-lng-signs-20-year-charter-agreement-with-misc-for-five-new-ships, https://cyprusshippingnews.com/2026/05/18/pll-signs-a-20-year-time-charter-party-with-misc-for-five-newbuild-lng-carriers/, https://theedgemalaysia.com/node/794631",MISC,"https://lngprime.com/asia/petronas-misc-seal-20-year-charter-deal-for-lng-carrier-quintet/186162/, https://splash247.com/petronas-charters-five-newbuild-lng-carriers-from-misc/, https://splash247.com/misc-lifts-hudong-zhonghua-lng-series/, https://www.bairdmaritime.com/shipping/tankers/gas/petronas-lng-signs-20-year-charter-agreement-with-misc-for-five-new-ships, https://cyprusshippingnews.com/2026/05/18/pll-signs-a-20-year-time-charter-party-with-misc-for-five-newbuild-lng-carriers/, https://theedgemalaysia.com/node/794631",Malaysia,"https://www.misc.com.my/contact-us/, https://www.miscgroup.com/awcontent/Web/Documents/IntegratedAnnualReport/Integrated-Annual-Report-2025.pdf, https://en.wikipedia.org/wiki/MISC_Berhad",Hudong-Zhonghua Shipbuilding,"https://lngprime.com/asia/petronas-misc-seal-20-year-charter-deal-for-lng-carrier-quintet/186162/, https://splash247.com/petronas-charters-five-newbuild-lng-carriers-from-misc/, https://splash247.com/misc-lifts-hudong-zhonghua-lng-series/, https://www.bairdmaritime.com/shipping/tankers/gas/petronas-lng-signs-20-year-charter-agreement-with-misc-for-five-new-ships, https://cyprusshippingnews.com/2026/05/18/pll-signs-a-20-year-time-charter-party-with-misc-for-five-newbuild-lng-carriers/, https://theedgemalaysia.com/node/794631",China,https://www.shipyards.gr/shipyards/new-buildings-shipyards/newbuilding-farest-pacific-ocean/newbuilding-far-east-china-sea/china-south/hudong-zhonghua-shipbuilding-group-coltd,31.271988,121.575478,"7HCG+R4 Pudong, Shanghai, China",exact,"https://www.google.com/maps/place/Hudong-Zhonghua+Shipbuilding/@31.2720706,121.5727207,753m/data=!3m2!1e3!4b1!4m6!3m5!1s0x35b2742eceeb203d:0x37fddc7176d2cc24!8m2!3d31.2720706!4d121.5752956!16s%2Fg%2F1td0qx6d?entry=ttu&g_ep=EgoyMDI1MTIwMi4wIKXMDSoASAFQAw%3D%3D",174000,cbm,"https://lngprime.com/asia/petronas-misc-seal-20-year-charter-deal-for-lng-carrier-quintet/186162/, https://splash247.com/petronas-charters-five-newbuild-lng-carriers-from-misc/, https://splash247.com/misc-lifts-hudong-zhonghua-lng-series/, https://www.bairdmaritime.com/shipping/tankers/gas/petronas-lng-signs-20-year-charter-agreement-with-misc-for-five-new-ships, https://cyprusshippingnews.com/2026/05/18/pll-signs-a-20-year-time-charter-party-with-misc-for-five-newbuild-lng-carriers/, https://theedgemalaysia.com/node/794631",,,,,,,2029,"https://lngprime.com/asia/petronas-misc-seal-20-year-charter-deal-for-lng-carrier-quintet/186162/, https://splash247.com/misc-lifts-hudong-zhonghua-lng-series/, https://cyprusshippingnews.com/2026/05/18/pll-signs-a-20-year-time-charter-party-with-misc-for-five-newbuild-lng-carriers/",,,,SFOC/Clarkson - May 2026,PETRONAS,"https://www.thestar.com.my/business/business-news/2026/05/12/petronas-misc-sign-20-year-charter-deal-for-five-newbuild-lng-carriers, https://splash247.com/petronas-charters-five-newbuild-lng-carriers-from-misc/, https://www.businesstoday.com.my/2026/05/12/misc-secures-long-term-charter-deal-for-five-lng-carriers-from-petronas/",30-Jan-2026,https://www.imarinenews.com/31984.html,,,
1198,,,Hudong-Zhonghua (MISC 3),"https://lngprime.com/asia/petronas-misc-seal-20-year-charter-deal-for-lng-carrier-quintet/186162/, https://splash247.com/petronas-charters-five-newbuild-lng-carriers-from-misc/, https://splash247.com/misc-lifts-hudong-zhonghua-lng-series/, https://www.bairdmaritime.com/shipping/tankers/gas/petronas-lng-signs-20-year-charter-agreement-with-misc-for-five-new-ships, https://cyprusshippingnews.com/2026/05/18/pll-signs-a-20-year-time-charter-party-with-misc-for-five-newbuild-lng-carriers/, https://theedgemalaysia.com/node/794631","Clarkson name: Hudong-Zhonghua Shanghai H2016A (BL couldn't find hull online anywhere, so removing it from name)",,,,,on order,GEM,5/14/2026,"https://lngprime.com/asia/petronas-misc-seal-20-year-charter-deal-for-lng-carrier-quintet/186162/, https://splash247.com/petronas-charters-five-newbuild-lng-carriers-from-misc/, https://splash247.com/misc-lifts-hudong-zhonghua-lng-series/, https://www.bairdmaritime.com/shipping/tankers/gas/petronas-lng-signs-20-year-charter-agreement-with-misc-for-five-new-ships, https://cyprusshippingnews.com/2026/05/18/pll-signs-a-20-year-time-charter-party-with-misc-for-five-newbuild-lng-carriers/, https://theedgemalaysia.com/node/794631",MISC,"https://lngprime.com/asia/petronas-misc-seal-20-year-charter-deal-for-lng-carrier-quintet/186162/, https://splash247.com/petronas-charters-five-newbuild-lng-carriers-from-misc/, https://splash247.com/misc-lifts-hudong-zhonghua-lng-series/, https://www.bairdmaritime.com/shipping/tankers/gas/petronas-lng-signs-20-year-charter-agreement-with-misc-for-five-new-ships, https://cyprusshippingnews.com/2026/05/18/pll-signs-a-20-year-time-charter-party-with-misc-for-five-newbuild-lng-carriers/, https://theedgemalaysia.com/node/794631",Malaysia,"https://www.misc.com.my/contact-us/, https://www.miscgroup.com/awcontent/Web/Documents/IntegratedAnnualReport/Integrated-Annual-Report-2025.pdf, https://en.wikipedia.org/wiki/MISC_Berhad",Hudong-Zhonghua Shipbuilding,"https://lngprime.com/asia/petronas-misc-seal-20-year-charter-deal-for-lng-carrier-quintet/186162/, https://splash247.com/petronas-charters-five-newbuild-lng-carriers-from-misc/, https://splash247.com/misc-lifts-hudong-zhonghua-lng-series/, https://www.bairdmaritime.com/shipping/tankers/gas/petronas-lng-signs-20-year-charter-agreement-with-misc-for-five-new-ships, https://cyprusshippingnews.com/2026/05/18/pll-signs-a-20-year-time-charter-party-with-misc-for-five-newbuild-lng-carriers/, https://theedgemalaysia.com/node/794631",China,https://www.shipyards.gr/shipyards/new-buildings-shipyards/newbuilding-farest-pacific-ocean/newbuilding-far-east-china-sea/china-south/hudong-zhonghua-shipbuilding-group-coltd,31.271988,121.575478,"7HCG+R4 Pudong, Shanghai, China",exact,"https://www.google.com/maps/place/Hudong-Zhonghua+Shipbuilding/@31.2720706,121.5727207,753m/data=!3m2!1e3!4b1!4m6!3m5!1s0x35b2742eceeb203d:0x37fddc7176d2cc24!8m2!3d31.2720706!4d121.5752956!16s%2Fg%2F1td0qx6d?entry=ttu&g_ep=EgoyMDI1MTIwMi4wIKXMDSoASAFQAw%3D%3D",174000,cbm,"https://lngprime.com/asia/petronas-misc-seal-20-year-charter-deal-for-lng-carrier-quintet/186162/, https://splash247.com/petronas-charters-five-newbuild-lng-carriers-from-misc/, https://splash247.com/misc-lifts-hudong-zhonghua-lng-series/, https://www.bairdmaritime.com/shipping/tankers/gas/petronas-lng-signs-20-year-charter-agreement-with-misc-for-five-new-ships, https://cyprusshippingnews.com/2026/05/18/pll-signs-a-20-year-time-charter-party-with-misc-for-five-newbuild-lng-carriers/, https://theedgemalaysia.com/node/794631",,,,,,,2030,"https://lngprime.com/asia/petronas-misc-seal-20-year-charter-deal-for-lng-carrier-quintet/186162/, https://splash247.com/misc-lifts-hudong-zhonghua-lng-series/, https://cyprusshippingnews.com/2026/05/18/pll-signs-a-20-year-time-charter-party-with-misc-for-five-newbuild-lng-carriers/",,,,SFOC/Clarkson - May 2026,PETRONAS,"https://www.thestar.com.my/business/business-news/2026/05/12/petronas-misc-sign-20-year-charter-deal-for-five-newbuild-lng-carriers, https://splash247.com/petronas-charters-five-newbuild-lng-carriers-from-misc/, https://www.businesstoday.com.my/2026/05/12/misc-secures-long-term-charter-deal-for-five-lng-carriers-from-petronas/",30-Jan-2026,https://www.imarinenews.com/31984.html,,,
1199,,,Hudong-Zhonghua (MISC 4),"https://lngprime.com/asia/petronas-misc-seal-20-year-charter-deal-for-lng-carrier-quintet/186162/, https://splash247.com/petronas-charters-five-newbuild-lng-carriers-from-misc/, https://splash247.com/misc-lifts-hudong-zhonghua-lng-series/, https://www.bairdmaritime.com/shipping/tankers/gas/petronas-lng-signs-20-year-charter-agreement-with-misc-for-five-new-ships, https://cyprusshippingnews.com/2026/05/18/pll-signs-a-20-year-time-charter-party-with-misc-for-five-newbuild-lng-carriers/, https://theedgemalaysia.com/node/794631","Clarkson name: Hudong-Zhonghua Shanghai H2017A (BL couldn't find hull online anywhere, so removing it from name)",,,,,on order,GEM,5/14/2026,"https://lngprime.com/asia/petronas-misc-seal-20-year-charter-deal-for-lng-carrier-quintet/186162/, https://splash247.com/petronas-charters-five-newbuild-lng-carriers-from-misc/, https://splash247.com/misc-lifts-hudong-zhonghua-lng-series/, https://www.bairdmaritime.com/shipping/tankers/gas/petronas-lng-signs-20-year-charter-agreement-with-misc-for-five-new-ships, https://cyprusshippingnews.com/2026/05/18/pll-signs-a-20-year-time-charter-party-with-misc-for-five-newbuild-lng-carriers/, https://theedgemalaysia.com/node/794631",MISC,"https://lngprime.com/asia/petronas-misc-seal-20-year-charter-deal-for-lng-carrier-quintet/186162/, https://splash247.com/petronas-charters-five-newbuild-lng-carriers-from-misc/, https://splash247.com/misc-lifts-hudong-zhonghua-lng-series/, https://www.bairdmaritime.com/shipping/tankers/gas/petronas-lng-signs-20-year-charter-agreement-with-misc-for-five-new-ships, https://cyprusshippingnews.com/2026/05/18/pll-signs-a-20-year-time-charter-party-with-misc-for-five-newbuild-lng-carriers/, https://theedgemalaysia.com/node/794631",Malaysia,"https://www.misc.com.my/contact-us/, https://www.miscgroup.com/awcontent/Web/Documents/IntegratedAnnualReport/Integrated-Annual-Report-2025.pdf, https://en.wikipedia.org/wiki/MISC_Berhad",Hudong-Zhonghua Shipbuilding,"https://lngprime.com/asia/petronas-misc-seal-20-year-charter-deal-for-lng-carrier-quintet/186162/, https://splash247.com/petronas-charters-five-newbuild-lng-carriers-from-misc/, https://splash247.com/misc-lifts-hudong-zhonghua-lng-series/, https://www.bairdmaritime.com/shipping/tankers/gas/petronas-lng-signs-20-year-charter-agreement-with-misc-for-five-new-ships, https://cyprusshippingnews.com/2026/05/18/pll-signs-a-20-year-time-charter-party-with-misc-for-five-newbuild-lng-carriers/, https://theedgemalaysia.com/node/794631",China,https://www.shipyards.gr/shipyards/new-buildings-shipyards/newbuilding-farest-pacific-ocean/newbuilding-far-east-china-sea/china-south/hudong-zhonghua-shipbuilding-group-coltd,31.271988,121.575478,"7HCG+R4 Pudong, Shanghai, China",exact,"https://www.google.com/maps/place/Hudong-Zhonghua+Shipbuilding/@31.2720706,121.5727207,753m/data=!3m2!1e3!4b1!4m6!3m5!1s0x35b2742eceeb203d:0x37fddc7176d2cc24!8m2!3d31.2720706!4d121.5752956!16s%2Fg%2F1td0qx6d?entry=ttu&g_ep=EgoyMDI1MTIwMi4wIKXMDSoASAFQAw%3D%3D",174000,cbm,"https://lngprime.com/asia/petronas-misc-seal-20-year-charter-deal-for-lng-carrier-quintet/186162/, https://splash247.com/petronas-charters-five-newbuild-lng-carriers-from-misc/, https://splash247.com/misc-lifts-hudong-zhonghua-lng-series/, https://www.bairdmaritime.com/shipping/tankers/gas/petronas-lng-signs-20-year-charter-agreement-with-misc-for-five-new-ships, https://cyprusshippingnews.com/2026/05/18/pll-signs-a-20-year-time-charter-party-with-misc-for-five-newbuild-lng-carriers/, https://theedgemalaysia.com/node/794631",,,,,,,2029,"https://lngprime.com/asia/petronas-misc-seal-20-year-charter-deal-for-lng-carrier-quintet/186162/, https://splash247.com/misc-lifts-hudong-zhonghua-lng-series/, https://cyprusshippingnews.com/2026/05/18/pll-signs-a-20-year-time-charter-party-with-misc-for-five-newbuild-lng-carriers/",,,,SFOC/Clarkson - May 2026,PETRONAS,"https://www.thestar.com.my/business/business-news/2026/05/12/petronas-misc-sign-20-year-charter-deal-for-five-newbuild-lng-carriers, https://splash247.com/petronas-charters-five-newbuild-lng-carriers-from-misc/, https://www.businesstoday.com.my/2026/05/12/misc-secures-long-term-charter-deal-for-five-lng-carriers-from-petronas/",27-Feb-2026,"https://cyprusshippingnews.com/2026/05/18/pll-signs-a-20-year-time-charter-party-with-misc-for-five-newbuild-lng-carriers/, https://www.bairdmaritime.com/shipping/tankers/gas/petronas-lng-signs-20-year-charter-agreement-with-misc-for-five-new-ships",,,
1200,,,Hudong-Zhonghua (MISC 5),"https://lngprime.com/asia/petronas-misc-seal-20-year-charter-deal-for-lng-carrier-quintet/186162/, https://splash247.com/petronas-charters-five-newbuild-lng-carriers-from-misc/, https://splash247.com/misc-lifts-hudong-zhonghua-lng-series/, https://www.bairdmaritime.com/shipping/tankers/gas/petronas-lng-signs-20-year-charter-agreement-with-misc-for-five-new-ships, https://cyprusshippingnews.com/2026/05/18/pll-signs-a-20-year-time-charter-party-with-misc-for-five-newbuild-lng-carriers/, https://theedgemalaysia.com/node/794631","Clarkson name: Hudong-Zhonghua Shanghai H2018A (BL couldn't find hull online anywhere, so removing it from name)",,,,,on order,GEM,5/14/2026,"https://lngprime.com/asia/petronas-misc-seal-20-year-charter-deal-for-lng-carrier-quintet/186162/, https://splash247.com/petronas-charters-five-newbuild-lng-carriers-from-misc/, https://splash247.com/misc-lifts-hudong-zhonghua-lng-series/, https://www.bairdmaritime.com/shipping/tankers/gas/petronas-lng-signs-20-year-charter-agreement-with-misc-for-five-new-ships, https://cyprusshippingnews.com/2026/05/18/pll-signs-a-20-year-time-charter-party-with-misc-for-five-newbuild-lng-carriers/, https://theedgemalaysia.com/node/794631",MISC,"https://lngprime.com/asia/petronas-misc-seal-20-year-charter-deal-for-lng-carrier-quintet/186162/, https://splash247.com/petronas-charters-five-newbuild-lng-carriers-from-misc/, https://splash247.com/misc-lifts-hudong-zhonghua-lng-series/, https://www.bairdmaritime.com/shipping/tankers/gas/petronas-lng-signs-20-year-charter-agreement-with-misc-for-five-new-ships, https://cyprusshippingnews.com/2026/05/18/pll-signs-a-20-year-time-charter-party-with-misc-for-five-newbuild-lng-carriers/, https://theedgemalaysia.com/node/794631",Malaysia,"https://www.misc.com.my/contact-us/, https://www.miscgroup.com/awcontent/Web/Documents/IntegratedAnnualReport/Integrated-Annual-Report-2025.pdf, https://en.wikipedia.org/wiki/MISC_Berhad",Hudong-Zhonghua Shipbuilding,"https://lngprime.com/asia/petronas-misc-seal-20-year-charter-deal-for-lng-carrier-quintet/186162/, https://splash247.com/petronas-charters-five-newbuild-lng-carriers-from-misc/, https://splash247.com/misc-lifts-hudong-zhonghua-lng-series/, https://www.bairdmaritime.com/shipping/tankers/gas/petronas-lng-signs-20-year-charter-agreement-with-misc-for-five-new-ships, https://cyprusshippingnews.com/2026/05/18/pll-signs-a-20-year-time-charter-party-with-misc-for-five-newbuild-lng-carriers/, https://theedgemalaysia.com/node/794631",China,https://www.shipyards.gr/shipyards/new-buildings-shipyards/newbuilding-farest-pacific-ocean/newbuilding-far-east-china-sea/china-south/hudong-zhonghua-shipbuilding-group-coltd,31.271988,121.575478,"7HCG+R4 Pudong, Shanghai, China",exact,"https://www.google.com/maps/place/Hudong-Zhonghua+Shipbuilding/@31.2720706,121.5727207,753m/data=!3m2!1e3!4b1!4m6!3m5!1s0x35b2742eceeb203d:0x37fddc7176d2cc24!8m2!3d31.2720706!4d121.5752956!16s%2Fg%2F1td0qx6d?entry=ttu&g_ep=EgoyMDI1MTIwMi4wIKXMDSoASAFQAw%3D%3D",174000,cbm,"https://lngprime.com/asia/petronas-misc-seal-20-year-charter-deal-for-lng-carrier-quintet/186162/, https://splash247.com/petronas-charters-five-newbuild-lng-carriers-from-misc/, https://splash247.com/misc-lifts-hudong-zhonghua-lng-series/, https://www.bairdmaritime.com/shipping/tankers/gas/petronas-lng-signs-20-year-charter-agreement-with-misc-for-five-new-ships, https://cyprusshippingnews.com/2026/05/18/pll-signs-a-20-year-time-charter-party-with-misc-for-five-newbuild-lng-carriers/, https://theedgemalaysia.com/node/794631",,,,,,,2030,"https://lngprime.com/asia/petronas-misc-seal-20-year-charter-deal-for-lng-carrier-quintet/186162/, https://splash247.com/misc-lifts-hudong-zhonghua-lng-series/, https://cyprusshippingnews.com/2026/05/18/pll-signs-a-20-year-time-charter-party-with-misc-for-five-newbuild-lng-carriers/",,,,SFOC/Clarkson - May 2026,PETRONAS,"https://www.thestar.com.my/business/business-news/2026/05/12/petronas-misc-sign-20-year-charter-deal-for-five-newbuild-lng-carriers, https://splash247.com/petronas-charters-five-newbuild-lng-carriers-from-misc/, https://www.businesstoday.com.my/2026/05/12/misc-secures-long-term-charter-deal-for-five-lng-carriers-from-petronas/",27-Feb-2026,"https://cyprusshippingnews.com/2026/05/18/pll-signs-a-20-year-time-charter-party-with-misc-for-five-newbuild-lng-carriers/, https://www.bairdmaritime.com/shipping/tankers/gas/petronas-lng-signs-20-year-charter-agreement-with-misc-for-five-new-ships",,,
