legacy_row_id,uuid
547,d5db53cf-429c-4124-9faa-fe5f40b36f9a
760,d53154b1-fe56-4d89-b28f-5cae9e63aa29
928,f1b89f8f-6c48-42eb-a0b9-d9cc9ba3648f
415,c5b25b12-5884-4f6e-ac24-eaae33c26e09
663,115b9e3d-6d14-4c2d-ba43-93376758ebfb
1077,a03b43ee-43e2-43be-8ce0-45f0dde27ac3
1078,c8a5200e-9864-45a2-a696-559e7493d085
397,aca11520-5433-449e-8180-2bb5dc5e3aab
721,a88b80ec-7598-4f06-82df-6f4b0427b6b6
789,e69b4bd6-77bb-4b64-a4a9-4ba48fe2c941
538,d4432225-a413-4d5f-ac8f-553ae55a1379
722,d6762d1c-a260-4674-97bf-4e0d555449aa
1081,ac1296ea-9c6d-437b-92a3-5edf4de85a7a
347,79e598bd-e908-4192-bbea-db2858f4f4c8
697,3bbd5743-3ba0-413e-98c4-b6dd7bc2b4ed
720,0c7bc5af-a547-44e4-b7b3-09e8f9263fa8
723,b629e47b-f003-4b7e-810c-be7b584924f3
811,8fc2eaee-ee29-49c0-932c-6187abfb1240
971,0c32829c-b9ce-4501-9e7b-d6cff33404a8
1034,e6eff038-d5f3-466a-b541-b0eb7215c77a
642,5f69ce88-d333-4a16-b19c-b2b681556a33
706,408a3bc5-8ca8-4a10-a52a-4cdc1d8a0d14
968,d5801252-b994-471d-a832-c74a38a7d949
974,c0ac6f78-c1ad-4b5a-a39f-3e10568db864
348,f1cb7a60-a610-4397-8a60-fe3d8317bb30
370,4ddc6e86-c8a2-46b6-aa5b-d702c9da921d
726,e5dffc7e-7259-40f3-9e2e-604e3383d9f6
905,4f4e6edc-9492-4780-96f0-c572d6e28289
907,298ab652-e26b-4465-b427-a4a037108678
979,be3f528d-e1cb-4d2b-b76e-314b1afb2451
339,ff5bef68-79a6-479e-ba16-c1d9dea410b9
356,8d25b9c7-d45e-4163-aedb-2a442bf55b34
368,c46db1d3-69fa-4e0c-b595-78a957981143
1088,fe1c7778-913b-4a0c-86be-fa27a289ae71
369,1713a9d8-0807-4bac-afc3-beec68a9a055
427,2f967f11-e7a5-472c-8f86-063084247772
727,f976925d-fd85-4e53-91ff-5bb44b5ac8dc
1142,58b2202d-0a19-483d-b2d8-4cee8d93979e
329,cfcf082a-a3df-4210-a336-230b5392c679
531,342424af-75c5-4602-a15a-c5686d523058
673,ae7cae8d-e5e8-4dc9-bda7-5dffc8e05919
696,0b98f1c7-ea21-4bf8-b3cf-c840b7e7ca86
341,c2908dd5-6314-4f6b-a28b-bbf560779d98
675,9750a05e-d0ce-4916-be48-fdb8f7bda7b8
677,5dab1c1b-c544-40e5-b77d-7479ff84a092
688,ffc06f8d-7b6e-4d07-8513-abe41e352241
689,59a2bcde-efe7-4b76-9159-44ba1be03e72
693,b626c867-dabf-4c0a-9ba5-ebaef32aebe0
715,e5de0521-172a-4ff9-b0ea-fb33d2040085
716,0cbcf7c1-a7d7-4efb-8c59-5e60489ddf81
744,3967e441-2760-40d4-b02e-b29450c5f8d5
780,0c9980c2-76ca-48f6-b226-b5c00a91e57c
1053,532c9b7e-72d5-4709-a39d-a2b9e20483ef
451,3c5fa2b8-59b6-4358-b748-456a52d264af
535,d53f6203-3f1d-4349-9d80-901d157eaab6
581,4db5e238-9746-4eeb-8b76-acdc443e8fcb
582,2a1137d5-9fe8-42c2-b072-2c7b7fb3a7a5
806,e8edc712-e8f4-4eba-98c1-f370fc7bca3d
969,0c8568c9-304b-4164-8942-70eedb196ff9
1004,8cf2979f-584a-4e56-a8a7-3ff6353f64a9
1082,bc2b7e02-78cd-49dd-8b36-b4bda01548fe
1083,16d85cc7-dc5e-4af5-968a-dd46fc515241
1136,a2932dd1-6192-4665-b759-f11351693f0d
433,42df3369-5209-4663-b386-fd8ff48bfeb6
458,d59b706f-af7b-47f1-8355-0dbd64488b9b
554,f23f71bf-8405-4425-876f-3ec33a045263
562,ecef3c72-39cc-49b4-aef5-cbee5590aee5
648,9f5f5793-f18e-447b-8ca5-d4525b7c376d
762,072cc208-fb13-4520-8459-82b0836f5859
863,7f95c038-5c25-4c2b-9449-f851648b915e
866,25f289d6-28c8-47e8-8474-53f9d490857d
946,1c4e1984-a426-4d13-8b47-b897813b8af8
960,3b18030f-ca57-40b4-8a5a-37dc128f322b
975,739d82c0-b2b5-4669-ad45-e7c9bfb7e341
1000,b99131f4-ea1a-4f3f-bbb2-f069ab5e8297
1040,ad18c9d9-d3aa-462e-857f-58e5fc465a26
1046,a563ae89-10d9-4326-ad33-ba56615f4b20
414,0c440c6c-9448-4894-a15e-a6eca1c5ef10
416,2c37ff0e-35c4-4966-b7c5-0cd946d88960
453,089ee2d1-0497-4456-b6c4-df36b39d7284
530,af1ac03c-5a06-431c-a19b-33168050de0e
534,861f5ea6-637c-4d4a-95d7-cdf608c38d6f
555,35aa184f-8b5a-4d9d-85e1-08f29fceeb62
609,75d91f9a-06fc-4d6e-9134-f9b4ace96019
610,8c8493a7-6532-483b-ba43-554a9f66f373
686,6da2cfdf-1767-4ad1-9bf6-fa2ffbf46799
748,20011e70-d4c7-46a1-a294-abffbe872077
758,7fc845cd-55dd-441a-8e1f-e7ff017e6c78
801,a035963e-b77d-4db8-81dd-19ae6659bdff
877,31cbd777-cdf3-43c2-8fba-33aa3fac5c2e
963,ed8d1174-1186-43e4-97b5-127bba0b7678
970,03f5d735-d4d8-492c-8ae1-d80407195718
980,cb1ac1f4-f521-4fbe-9909-b20c662bc7cc
983,f07511fb-145d-4304-afe9-cf77bf952422
1002,b2e87d25-250c-4c4f-8b6e-f12a1a48065d
1005,385c7106-ec5b-4c1e-9f64-e1d9a6e58117
1035,14bfe55f-3ba4-4113-b3de-73645792923f
332,af0b1093-e75b-4761-b311-b0bb1c35c2ba
365,f1516101-cf01-4ef1-bcc4-c0f59d609381
548,59141f75-e534-458d-aaa1-3586909155e1
556,efeda45a-6f15-46b0-bb76-ff53d61487ad
584,d5e7a4bd-976f-40df-83c1-54e059f8062c
585,15bc4e4c-130c-425c-8c15-bd1fe031ce98
756,11c36a7e-7566-45a6-80f6-56c8c8b9a0c0
766,1666e812-152b-41cb-a74e-ebdaef5208c4
767,d3a3884d-1bb5-4266-9e7a-2cbe8eee1322
774,f85d6374-14d3-4477-97ff-37419499d716
795,084ab49e-64d1-4aec-9170-2db18e1d12f6
813,f8a45195-2706-4e4f-bafc-14b65f87c72b
825,ae26d150-d641-4630-a10f-81f2e484115d
921,c82ad84c-93ec-4532-9658-d3d22388ccb5
958,cafc5599-dc0f-4b9d-96e2-5d15a550d2c3
973,6ac3d550-3979-44ff-baa9-901a38621974
991,e2ea5e11-d8ec-47c3-abc9-39aa76f0f05e
1014,e020b9a5-2be6-4b46-beeb-bf34024c14cd
1089,1ab68be2-d662-40c5-bf66-f6d838b5559b
351,bcc16102-1244-4cb6-a488-00bb9c82763f
389,de982dcb-b774-4b80-a773-0c82b3a816e0
390,49ed115d-45ec-4162-adca-38f99e9a4561
391,12bd359b-e112-4044-a009-b494a435dedd
392,c4256300-c229-4bcc-acf3-a647dcbabb71
459,e485165c-cd1e-44da-a190-15202b6b0fa0
550,9a40f02d-2665-4db0-907b-3119b5443145
571,22dad25f-1bbb-4819-80d2-bc0cdce5ab4c
572,464c63f2-0e4a-4457-b157-33523134e94a
698,ce81e2b4-cb6e-4668-9975-78e80afe3883
699,b8a31326-c652-4d16-af75-0722552f6bda
700,e414e352-36b6-41e7-8a71-457023dc55fd
719,f3098ebe-bccf-406b-8029-4e5341b9fa2a
763,a8464e3d-da14-47bc-b0cc-cae74746978b
768,0d2dcc88-c549-4d40-8b1e-a0bbd0f8bbb0
788,0d3f8f7f-8820-4af8-b517-e14e7a563556
800,9901299d-b90e-4186-b547-d0c2a16440d3
870,d77ed022-1463-4ea4-8a02-37b0a3b67055
875,0ff09fab-c2f3-427d-bfdb-f919ed4d3743
876,c2aa5cef-febf-4e30-99c6-5ef416f77641
962,9114b464-dddd-45a7-b211-975da6d10479
1015,d8df4468-920a-4cf2-85f1-90c2cadb8d3c
1016,21c29e0e-4697-4856-95f7-ac145c56c2cf
1017,56c4eb0b-d36a-47e4-a85e-44158edef638
1039,bc200eb3-6297-48d3-8a9d-41f0f4fdf4f7
1062,89d98625-79fd-4323-b017-feba8cc5d193
1063,1e6b56e3-4dd6-4553-a1f6-e137f3929394
327,33e3d297-a54e-43fb-9da9-a238386bfe04
330,90afc77f-3546-475a-a0f0-e2348b3cde3c
333,ef3c3870-f251-4f0a-b5cb-26ab5d522398
342,3fec4986-3588-49dc-90f1-4fabc0de252f
358,6313ff98-2892-40bb-a480-b4214b3cc7bd
360,be5c64c4-86a2-4d21-814c-998b26a1f90c
474,746d0a47-0487-4560-875e-f7904fee10e0
480,35883e3d-0f3b-40fd-84ce-1b45e8cafbf9
497,4ab5b17a-8314-477a-9396-67c7d1b08595
537,7ad832b2-76a7-4185-88b1-e2432734089e
650,2f02ba61-f131-45a3-bdca-c8ae00790160
652,7b869216-8d87-45e9-b66b-8d566855167e
653,d10abc2f-ebf5-46ab-a1a1-ceaa6d506aab
659,db16c24d-464a-4495-a476-0c6bc4dff68c
759,9e23dfef-1fed-446f-bbbd-e4fb184c033b
765,fe1d44a6-da16-4356-b551-a25408ecd5c6
785,82536d3e-c2ee-4b49-b5fb-853ca06aad24
793,9c8388a0-0e30-44dc-88c1-09368534d987
794,adf1a801-fe18-4402-b446-e5bd9db14574
827,f18c4e84-f323-4306-9e95-a476fd0c0a76
867,f4900cde-dc76-43b7-a080-34044467c421
869,3ca6d5af-6bcc-42d8-aa9d-535fc7ccba6a
873,8d995b65-ecd9-4e3b-b675-5a56f81104af
912,032bb439-ce98-4207-b40a-cc5711ce2e96
929,68e675ae-4147-4f55-ad19-3a4909832c4b
1018,41650ea6-f734-445e-b862-eec2baf2098a
1019,0afb1ce9-a119-42c0-84ed-26d230f953a0
1022,e2afb9b3-5649-4525-a139-4fe43bf382df
1031,14e0f35a-6e2b-437f-8315-b8b09febe296
1064,27e5a4a2-c572-4a8c-966d-2bc0d2138e88
1076,12f8f483-a2d4-4cc1-87d3-9e7110a7f353
326,65522b31-c589-4c3b-955c-c1e1ad074696
334,3304d1c2-2d43-430b-9229-82edf6351ff5
335,f9e65df6-0d39-47af-9143-dc3e87f051a1
337,ec46fd6e-4df4-49ef-97f4-562962e0db71
338,efa7158f-237c-4fc1-895d-d4ec867e3f34
340,bb2f62f0-0995-40bd-9c35-d525f42801f4
345,3f2f8ccc-7253-479f-85d0-aff1380f86df
349,c0474b70-8356-4474-a1b9-9a3379b02d92
354,baa00cfc-f7ef-411f-a8b1-2eeecabc11a5
361,61579aa6-c646-4941-a314-9bf1638f4eae
363,6e826002-71cf-4cda-b619-53990b80b6c2
366,01559395-afe0-4413-95fb-2b4d02b52a15
367,8cad9bd8-15f9-4469-85fb-82a1966dd2bb
377,b52b8dae-ab08-4dde-85d9-d8f12b024c08
383,6e43980b-76ce-48b5-b9b8-5db23ad2a39e
398,51185b4b-cad8-48d9-8d4d-9618014206e6
429,74679d93-c1f0-4a54-b513-64e8e738c97b
473,5c3e419d-fd90-45a4-9105-6ca7bb90829e
496,85855f97-574f-4dbc-aa97-aaad841194ab
498,3bfd4acd-bf32-4ab2-9adc-b42fd922362f
520,25009390-eddd-4304-80f5-9f46884d7f19
523,d15a8436-6b60-433b-87bb-02e2bd7a7a1b
533,c45a0a3a-2c9d-4ad4-8e96-0e966e2ff01f
569,bacf77e3-b36d-45bc-977e-9ad573ab4959
589,c1cfadf1-83d4-4ff3-8d4d-4121b9f8d91f
608,c065064c-8030-4fd1-b6b4-1b1427e9d2c5
654,26945077-0a76-4b59-9342-fe6e0edff888
658,ff714f8d-4622-4332-b264-a1163423016c
660,5c7512f5-35e4-4061-9ca4-5dd64030e096
690,49b380de-313e-4650-8945-a434cfe13f97
717,c1e3f0f7-bbe7-4bb4-a2b9-3029f6afadd8
718,00cc62b4-eedc-47f0-8a6a-f9eb2f8f6864
728,d4b506db-2133-47f2-b925-7abd67562b41
761,933c3018-2d10-48b8-8db4-d79764c43854
770,4be204f9-a1f2-4b94-a7dc-69a53c88cf36
779,d6631371-d8cb-47b4-ae50-f5dc0807ad2d
786,0494e8e1-944d-4130-bb38-9349989b5821
887,e67912a2-f271-465d-b4ee-2ac8d59f555c
910,4addc001-5ec4-4d8f-a9cf-8010a1208373
998,62d90985-f032-4a33-aeab-80aa7613d8dd
1007,6f539ccc-75eb-4bf2-bbb2-950085755cb4
1009,399b1d44-d3b2-419c-9e79-16ada63cdbd9
1023,6300c4dc-7f6e-4f4b-9c6a-58de7c12994b
1069,f2deacd5-d4aa-4c2c-b568-fd2fe913a01a
1070,3bfaf1b1-ecb2-470c-8492-354c9dfcbc12
1071,760ecce9-0c5e-4ddd-be3e-2de7ac5c13ff
1072,8fcae204-c3e1-41f0-a6f1-3be1debfed01
1075,68aeeab5-f1c1-4443-8f0c-cf1158d35bf1
1087,09070ad2-4b4c-4d32-a440-7a7b65251b7c
1090,23b8e0b5-c113-4fb2-8808-5f9511addef6
331,bf058dd9-b7fb-4165-bb29-891f5ec75213
336,283af376-686d-4284-9f7b-e03878c8556f
343,9a737986-dc50-4741-a72f-b37ea8d3471a
344,2b5566d9-7013-4b85-a3ef-a0f4898c671a
346,d3efc92f-06a1-463f-a001-2cb39a5fab92
350,b5846d79-ca56-406c-9a36-dff68c60337d
352,306e266c-5795-4520-8e39-bf5556aacb1a
353,1d5f9ca6-878b-454a-9d1c-6b6700798b68
357,764f5d77-7215-420d-b2a9-995e2412f4e2
359,aeb87ba9-9a74-4d08-8d61-9a80d7f27730
362,024270c5-958d-4b93-9720-bbe814a24043
364,45ae6569-de4c-4e8a-9989-59ab4e88639c
399,115f7d8b-dbf9-4c18-b149-c91311adb223
411,2a6a489e-061f-47b5-bde0-ecc7b08a114d
431,e0f57979-2716-4d45-8a4b-f1ca96819341
434,b9175301-d860-47e2-8eb2-16dad1f6d7e3
506,73974faf-8a14-4d07-b9cd-296c51a2a5be
522,c4dacf1d-a640-4ab8-a110-2093b3910381
558,a811b772-7070-41c4-bb9b-07ae76c6dd4f
590,5d96183f-ba2f-4fd6-ae7a-a4bc573d2428
591,e620b467-adc9-4896-9dd5-d002c13ef6ae
753,44b317e2-12ca-46e2-92a2-ae6b2a98cf0f
783,042b4a1f-a975-4a70-84dc-920c6a7c6e16
862,4530a767-a6df-435e-9f61-e924ee36ca73
865,2b574f43-f1d4-4236-9c57-f00b2f1f633e
878,50c550f3-cb84-446d-b87b-b370550bc8ef
879,a619b68e-f9c9-4268-bc3d-669519881608
913,7bf2e457-c297-4be5-9fd0-a4bdc0fa0dd2
931,b4f96402-868d-4d4c-8429-dd2c912fc265
944,c6a12854-9fc8-443c-9297-310053dc440e
1006,e122e5a2-9ab6-4e45-bac9-fcd12f924da6
1020,0c2346f1-b1c3-48f3-b02a-1922a2e98851
1021,2364c7ae-3a71-42bb-b7c0-a00bac121e0c
1033,e79b6977-2787-4d15-9ed0-ad2d3bc55590
1061,f77c402d-32d8-4cd7-9045-d4d83036dcaa
1065,d643e547-6f81-4578-b0fd-7d7452520541
1066,d8b3f0fb-8e5f-48c9-827d-797673763a60
1073,dd3b839c-c7c3-4df4-ac5a-10c87c407ace
1074,8647cbaa-1bd8-41b3-a4db-e39398096165
1085,f9c28d06-5a4a-4e5c-a510-d497a3a3b1cf
1114,8dbf0f65-24f4-47bf-a2c5-db54ec86ebfd
320,0a4d1c2f-a110-4e2b-8d9c-f9d8c8b48848
328,33f54949-9b91-4f1b-9f74-6c4e48c4d6f4
374,8edda802-03af-408b-ac9e-534bc4ae289c
454,ab309563-c438-4516-b694-7d3c90c8153a
457,3c981112-4732-4f3f-a244-be9404db6a74
586,69118a22-877a-42a3-bbf9-8d60b6002e2d
587,2da58d38-9525-49a6-9db5-644b3958089c
627,b916045e-cb35-462a-b795-d0b6fb18a41b
630,bc6e3136-6378-4218-b933-9bdddc728868
643,c099681f-ce68-4d81-b9b0-b0951915431e
868,175e48d1-a7f6-46a4-973e-ff1e0dc1788f
871,03b81211-1471-4ca5-97cf-713a76d4ba9d
872,0c2f6836-238d-4088-8344-d751eb13092f
874,dbc4a443-a2f9-4f36-bf81-3b622c23a888
959,2d68bd37-c8d7-41b3-a35a-e89dedb97aa9
984,597625fd-3815-4466-a4cd-b4c99e930407
987,2a254152-4e3c-49d9-a683-4defd935fe56
1008,ca72821b-87a9-48fa-8932-5f8e5e34bc5f
1032,2b42bca8-ea40-4d97-a4a2-652a5892fe3a
1067,74f61014-2c1d-4cc4-9db1-4ae9b8eb9653
1068,b37ae3f3-6ba6-4680-8d9b-38368e9887f7
1093,1497d75d-55b6-4ca6-920c-c9d9bdc69077
1141,fc005377-b0df-4f31-8e7b-f698982ed7b2
379,b94fb2e4-2618-4c36-b43f-97de12f22d88
396,45bd11cc-882e-4f19-92d0-c5d8dc78e628
436,1f31aa3e-dea7-40d5-94ab-76efd7c518ed
437,4782465b-e3c4-4291-9d79-c8c20cf9fe33
564,08c935ed-af3d-4217-9087-0710823fc2cd
812,7193a90f-17d1-406f-877b-df689e09e580
817,593e0545-3bdf-4b9e-b8b3-00ee120cf1bd
1056,2164c3c5-b885-4a41-97a7-dbdd46c19e8b
1057,e5d746bf-b91f-4284-a051-1e2c6d837a18
1058,7474af97-d53e-4f49-9c16-339d97a9ba3e
1060,cc39c3cd-0436-45df-bd7c-ff609e1e9531
505,b7de63a5-9d2f-4cc4-9e13-6272ce1ea386
1037,7a735b60-1d9f-4f6b-a83e-8164146d332a
388,ee308a70-45f2-4d9b-9a96-13e52354f3b4
500,a0bed775-57a9-416a-9c9d-b36c33afeb5a
544,a93992d1-b064-4fb9-8169-a6a71ea67229
625,ca7a425e-7d60-4fe4-ac42-327d21131d76
628,869ba390-5c93-4fb5-9cc9-f63e20bda610
629,8d238849-d5a0-4f33-982e-b77d14c73bb4
631,89be8e73-8a29-420a-a50f-0cdd7dc88abb
632,399c2d0c-74dd-47e4-a84c-efcc7407b709
655,f899fa69-40cd-400b-9f0e-73bbfe0808b4
682,c0f3d4f6-3833-478f-97f6-70cd3403123d
751,e61bcdba-82be-4ee1-8ac8-97a7f0b22d3b
1109,50d8050e-f810-485f-8eb9-72e2fc057ce6
1110,f11d9269-4dc3-48d0-be52-35f6d6cc749e
1131,a674579b-599e-4e82-a6e1-2566436a1e91
1134,cae06a90-e28c-499a-bc08-61975fa43379
1139,8181b7ee-6927-4655-b871-70813917e7dc
321,75c6a192-f466-4b5b-b893-94d91d590544
380,6f35478e-b592-4944-9902-ea08ccef08ac
401,1a21d476-0ad8-48c2-8877-05722b73acc8
405,0a50fbd8-fc14-4881-b15e-38076229eddc
484,1abecb0e-5f5f-4580-bda0-8f6bcd18d0c6
485,ff2a5b9d-25ee-4212-b5d3-2d54f752f708
499,33283c2a-5c90-44a1-a318-727559863084
504,2ae97a6c-c004-4e3a-a7d3-acaf47aa2587
545,15158ac8-521e-4b42-a347-0552d0f92dc9
549,93060f9b-5cae-4093-93a0-54202647aa1a
552,f4baf847-6a04-4e77-a987-cb7afbb47786
580,46a614f2-3a8b-4d07-9b6f-f982a6fa7d4b
588,35df2bdc-4b3d-4198-a5db-779983ce05e1
626,b2069778-9e0b-4af7-b298-3874b571f825
680,2317a589-df8a-4fdd-9a94-377db28c649f
704,4a161785-f2d6-40ee-823e-5dbfa24d5224
725,9713df97-3370-461d-a70f-d60982653525
732,3f5aad1e-1a89-416e-a357-c14a4c28b7b0
734,47d8b2f3-b018-4cca-94a9-f6ebee74b1f7
735,7f2ad3d6-1ca0-44d6-b0cd-ec1a2847a165
736,739689e2-478d-410a-9901-2dc8e962f05d
807,206a005b-9d44-4368-afc5-7969d4643fcc
824,ed057029-2d67-4c06-9732-c888b2e81373
828,eca18e38-9ec1-4847-a4eb-9d2a4adffbed
841,7878191c-a766-428f-8d4b-a03fd54fb8d1
942,3c0de1ab-4b44-4ea3-8bf5-ae97fc290b33
947,7600b00e-49cc-438e-8cc1-9988378c6f58
956,809676c8-ff71-4b80-b0b4-528816d300e3
957,33ff023c-be95-4b93-b65a-6451b6a3127d
1013,c6e58755-2fd0-4fed-ba3e-bc529d4ecade
1055,c64b2c69-5f71-4944-9fbb-092a6324c47d
1095,32645ea5-207e-4e68-8e39-3500567993e8
1138,dfdcdf7a-50bd-433a-804e-da972ddf31d6
378,f04772a6-41df-4894-8ca5-233a327be3eb
400,21d4bd7e-20a9-4153-9cfe-7052e717b626
402,37fab453-075f-46a3-88c8-bbb987232614
413,07de4386-063d-452d-84d7-aff9c579cb74
448,12cf0029-549f-4316-92d9-ee5ff4430817
449,098eec11-26f0-4178-ba9f-f4d86b319dc2
450,0d72972d-f233-4c19-a2a5-934e814a950c
481,df7d1b74-74dc-45ec-bf08-8adeadd8c127
494,c61f8883-73d2-4ae9-a701-158f874ee20d
557,99afbab0-b3a9-423d-9686-dcf1d80efe9d
624,18132031-c33a-4dce-bda0-9f6a5eb1d29e
649,f5d7c5ca-7837-4b75-9c24-89f57212197e
729,5855aaa8-1e99-4162-a570-6245a79b9a0e
730,c5dfe61b-0646-48db-9e43-1392015c9334
731,8e6a9428-18bb-46dd-98fa-8b3f80883954
737,1f91b0b6-aef4-4dbb-9755-e2fd987abb6c
738,c589d4d9-8e05-48b4-925f-f9175427107c
764,84be55da-7e85-4034-bc18-9917d6ecdb38
775,2d45e314-0534-45a2-80e4-a7e7816bb272
784,20f6bb14-602f-478c-95d7-4260a8306634
798,771d0195-ced8-4b19-bced-e6e2df6ce02b
818,88055874-84e3-4d74-91ad-82c4fe3d9a24
820,e228f100-5d72-4132-aaf0-d658685b3338
836,d90b66e3-7e55-48f7-a3e3-2500ac73dc0f
838,17edf3e5-68de-41fe-aff8-993748d82936
844,90bc75d3-d9a9-4979-b742-7e76821d0265
846,d4a77fd7-c127-40bb-8edb-86795ebbecc4
952,c5165b3b-e399-4a60-943d-f64435d2cfc2
1059,b45bb457-5d1d-4026-8f22-e20a0afa1dd7
469,bf6517ce-d082-4c60-a472-f3c0c24ef4fa
475,3c7bfd6a-b5dc-4515-a570-8a1665e9ac49
490,14259371-3c81-4531-9f40-b90aa622c880
615,2ae8b016-9730-4baa-90b2-a34fc0982dce
618,9e91316a-5a64-43a8-96a9-d256eec6fd78
620,32cf0bfb-f93e-4335-967e-a349262f95ab
621,e223798b-5a8d-4ac0-9bb0-0ed3a582e8e0
685,a1a9475a-38c5-4b3c-ba66-eed61e165a8c
740,1831e710-2176-4ce2-919b-a3d5afe61583
742,d73346df-a84d-46dd-b05c-c90d09446751
754,8b6a4690-c84d-4d3d-85dc-3665558bc8d9
755,59e8f542-6256-496f-b562-4188ff6a9320
776,0435d2cd-904e-4347-b5bd-58f96a273ff6
787,cc271b06-fb0f-47c0-9fdc-938f410324e3
790,0eab8a90-f16b-46f1-86e0-62439b548d2d
804,983776c5-1a6b-4bc0-88b6-3e72eebec824
819,652502e1-6ad5-4623-8651-6b20d60348fe
822,eca0e641-870a-4c06-ae0b-cbbd3043690a
829,0b3732bb-81bb-4232-b3d6-62dce784a482
835,76248313-e16a-473f-a356-e461b13addb9
840,0059daa2-93c3-49f8-83a9-10fd129a6483
848,3f9d716a-66ad-4e0e-8061-19f3b82324be
850,69964c46-64b2-481b-afb1-23091cbef77a
961,a028de8d-f649-48d6-9a0d-b1bb794dba45
988,f6275f89-e345-4042-ae00-84bad9bacb65
1001,1d1978e6-b41b-459e-ba4f-bfc163e3f766
1010,795a84c9-a505-402e-8b94-5e238c221944
1025,94537ca4-3139-4af9-ae00-5266f68e4f98
1080,9f82f2b9-4a17-4b0b-862a-f7d713adfafb
403,9c156d0c-b9ef-4fc0-b348-0bf58982084e
404,a59d37c8-8d27-4a14-a489-ebbf94e6eb22
412,54d4e254-bfa2-45d2-9c49-db3c78598269
417,707af4bc-a042-44d2-9355-63b712b3441b
420,aaf7a8b8-f2dd-4189-842d-8fb3c241aca1
440,0d63ca3b-d7ce-45dd-8a65-876c8a601cca
468,d84d79c6-d8ac-4f95-a9a0-1468962c98bd
470,7268fd40-ab97-4b2d-9ee4-b043831d92e5
471,63f72eed-029c-432e-b034-dc0c1803d87e
536,cd1cf9bd-3b52-43e2-ab94-5ce207e7a759
593,b2747d08-133d-4dc7-9d7d-4ece5efe3776
684,37feba5e-ccd0-45dd-8411-2a3889c29736
694,8eb6fe32-43bc-4e7e-a8d8-f9865dc23027
695,2022c9e2-cc48-40a7-a9ab-82a9e91848df
814,4b3a03b3-0cc5-4b24-b2d9-61bf6033dcb3
839,2591f196-1136-4a20-ac46-d16d6b69aff2
843,cd345c4d-6695-417e-85b0-2abe9669d4ca
847,3a4c98d8-edb3-42d2-9808-73429724ca15
909,88c73e51-0286-4398-bc50-48edbd2063ad
941,01580a56-bf59-4a87-bd22-25b8332f7f2d
950,d5d29131-8629-4573-b69e-26220b2afc80
1011,ce2a1933-6b63-49fb-b5c0-3ebf175f7f32
1027,1d2806f7-813d-4276-a95d-6f2a4294573c
1028,a3c483fb-8319-4d16-8985-18f6e1afc6f9
1042,b7fb3082-e86f-445e-84cf-48d4a139d1d5
1049,6c23032e-58eb-4edb-b8f9-c288c01b8522
1052,d5f8d721-5ef0-4f8b-8ae6-e390682a316a
419,59b6d058-f93a-4a63-9055-5b1b4e9f640b
421,c2f48a9d-f134-44d8-8ac7-259d63b80a55
422,ba40e2ec-8058-48ec-a660-0ddc15f22c85
425,2ad2fd24-eb6a-4998-83fe-71b68d0d9137
442,54641f5c-a630-4829-a1d3-9557fe7584b6
452,680b69e1-dedd-47c1-8f92-19ea7087e4c3
455,d06eb197-7fda-46db-8ceb-4c0b96c3a2d3
456,56aec4e5-550c-4977-9993-67f1636355d9
467,aeccc8d8-6bc0-4d85-89e1-8c72a5c5e19d
472,acfa0f7c-3ab0-4d6d-97a7-69e9617d7a76
526,6f187357-3a4e-4731-bb39-44a3ac3933a0
527,79e9d424-5522-4ee0-ad73-827ec9f3d649
551,655ed522-50f7-4d21-aa48-ceb3870122fb
568,79375dc9-3e90-482e-8d37-f08633504b8a
574,2a0ba0d5-8513-4997-9237-5b009ab3ee99
600,f07a8ee9-7743-42b4-83c4-e2fb0d6383cb
601,3a544ea7-52fb-4f09-8e10-132d22329588
603,d0940a4f-950c-4819-bbe7-d10fe638a58b
604,29f54dc3-adf1-4ca6-93f3-8bde3a8889ad
616,6003a801-7633-4096-b717-7524ff8282b0
622,6baeec78-0511-44e6-ba57-b1bdd88e46d6
623,0ec1b3d2-82b7-4930-9887-71fc7a63e582
640,eb28729e-bede-427d-acbc-f4aec1c5f1ac
679,9b8365f4-50cb-4610-b91a-f24ab89e1883
683,bd93992a-7369-4eca-afc6-a01f9e87dbb3
724,7c13368d-48d3-401a-88a9-20e3989e566f
782,7eb79be8-0e46-427e-98f9-a30c40004743
803,e426a3d3-f447-42cf-8ac1-012e22447ee9
805,78041837-04e6-4502-b36f-29938695db57
815,566aa4c9-89b4-4569-b116-819b1a834b30
845,3848d878-e32e-4ca6-8eae-3886c02d5e82
851,87b9c301-d9d6-4170-b6ca-c15682f2365a
853,955381e7-f3ef-49bd-8396-9c5646057721
854,1b7b430e-353e-4620-be9e-3c2a77228443
855,73ff31c0-cd86-4d37-b07d-7392d5deda6c
861,49795831-2ed0-4976-a566-3fe6b94eac99
911,97342799-0286-4af7-a647-d3a466ab31ca
930,a355550b-3ae8-4406-a2fb-918e04dcdfc6
943,b8368155-9058-4207-a46d-8363547f3fe5
945,26879696-4a14-497c-af63-4e4ffcec8ac2
949,cf245188-5d09-4a4a-987a-400430171252
951,ffe836fe-1282-4e29-8e2e-03b50401a941
954,e16deb90-e202-4443-a64b-b0a8ad408134
989,1484aded-455f-406f-b337-888b3a45ed5c
999,972bcde0-d954-4235-b3a8-9b1272859768
1003,7bc80a8f-0b12-48c6-883f-cad6224dcdf6
1024,dcdc2e70-14a7-4958-99d4-ae54b872e2ac
1026,f7cf50ee-add6-449d-b464-c222b653390d
1043,db0bfe2e-ebe8-4cc1-9311-bd6acbfbf2de
1044,50c9c3f3-330e-473e-9e02-137d3e4f0c87
1045,c5de3061-cfcf-46e6-81c2-34f5405b59a2
1104,85b12b0a-a9d2-4c97-9a10-a511338d1933
1105,b9c08aa4-c56d-4596-992d-92173350a9e8
323,7cd8afd7-59f3-4d11-afe5-6f7288b90aa2
423,6ae8d04c-020f-4d00-97ea-51e33a7de12b
424,b685a35c-2a94-46e7-a25d-972fa074c476
426,7ca9ded5-86f9-4ae8-9a27-58757e013b05
430,b7e332e6-8071-4640-b206-12c2ef6576c1
443,b7c31e24-0701-457e-be7f-73536c238216
446,9bb80815-b444-4c21-90ee-760cafaedcf5
528,73b39050-8632-4c61-aa0a-17e769e0ceb5
563,9880beb6-3875-49b7-bc53-6397116dea92
565,91472a35-e89d-4100-9fc1-1487e873dcbb
573,5cfa5034-8765-4838-84eb-ea23364ff48f
598,cc90b51b-83e0-4802-86f7-eb2359401455
599,d0a197e2-9526-4b28-8de5-ccd5eab9d6f8
619,0ad991da-9ee5-4cce-ba96-263cd728e6a1
634,10e28b2b-350d-42ee-8c54-87b4e9907af9
641,489cf53f-2a8f-4eaa-b5c1-fb3681c980f1
681,a8ce7f19-bc31-4912-8a5a-f387ca2d8242
769,128c5fb5-51d9-4295-a31d-c93ca654fa42
781,c3c72f92-b0c2-402c-ae06-6a6edba1a3ef
823,4e6f0daa-de2a-4a2b-bd20-27ed7ffcd9e7
826,44094257-a108-4c41-8dd4-4a618c90c7b4
830,fc9f85c3-5c8a-4a9f-9d38-d5752af28146
852,a1f35918-776e-4dae-8e24-c1a9327b4c04
856,627eb3fa-e1a5-4679-ab76-6cb6ef8c5665
857,bf6af902-91ff-4909-b8d5-fda9d29f24ff
858,41049684-9683-4bb5-8f21-ce629f176831
918,f7fd3aff-d56e-45a0-aa1d-1a1b4e5172e2
919,ca05ff7c-cfcf-4a4f-9999-9e9413e6ed72
920,189d3936-c85c-4fe6-a80a-904d8f00e1c9
922,349b6d2c-5784-4995-9b12-91637e6376d2
948,1664d399-29a5-49ff-b5ad-08e860f85f66
964,23966c0e-116e-4026-9724-baa0013ddcc8
965,8584102d-1c8f-4d1e-a50d-0efbd3c646e7
986,5d2cf192-3280-4b6f-b58a-4ed4577400ad
1012,e7605f7f-e506-4232-85dc-0c9578bb38bc
1038,3368faaf-5f0f-4b97-a114-00720a0d2679
1054,72c91693-08d3-4fcf-8c24-df083059dca7
1086,27e72d33-4db3-4c5f-b951-194d9066d6ef
1106,0e0beee1-f5bf-43fc-bc8b-66a0eeaa9879
1112,79bfa8ce-58a9-42f9-acff-6f12dd055182
1133,158cb3f8-8aeb-450c-9fd4-d5556b51e559
1137,3fc45e95-ade9-474a-8b92-9a8e2b1655cc
381,0f5b3aed-45b6-424c-9a3b-9bfc7fe63d85
395,22e24f13-3454-477a-b3a4-2a9d373c9521
418,3165d5a3-9333-41c2-b73d-047d4d5d18fb
444,ddcc4dd8-707f-4db7-9cc4-0cd89ff43955
447,ecffc266-35fb-42b7-bc18-dfc9b35dd1ab
463,9b09e186-925c-4e47-90bb-5341f6de0e86
493,954cb18c-dd54-4831-8223-73855524abf1
501,845ef972-2152-4dca-a458-e46d55e5eda6
525,1faf27a5-8c8a-4522-b6b8-5bc0e0f4b50b
532,8b3433f9-6078-4add-8718-1f1c313f7ca6
542,e6b4b6ac-1d8c-4483-a5c8-0aad9f8974b0
570,9e60873c-581a-4101-b1cb-5284ded2e4d9
583,e3029a05-44c7-40dd-abd2-6cb830be9cd1
595,2169b087-0e9d-432b-b421-3d97345bf315
596,9b4f3b87-7f08-4afb-99fe-9d2b2a85112e
597,794f0042-a96e-4b40-99dd-c662ae2415a7
605,7a90086e-bcfb-48a6-96a5-1784f2b2f9d3
617,12123d2a-0b60-44bc-abc4-ee3b1317c0a2
633,0c3dab78-b782-4d20-b1e6-de6197bafd8b
636,c9db02af-d88f-46aa-a62b-f82cee94d075
638,6cc37d1a-5626-4d58-abde-f7973f1e9d06
644,1a792b25-95fa-4301-a6f4-318dafea1fc7
733,28cdfc1f-7f6d-4762-9d2f-327fcc109c60
743,cfae4c92-5ceb-45a2-9153-bdbd80ed4fdf
791,eb8b7933-df14-4dd7-9577-0f1ae8be32cc
792,c1580448-8e1d-49b6-a023-376b3dfa448a
796,ddbee1e0-4761-4848-83f0-f1575ba82727
842,8bc27875-8476-4268-a45d-59e98c3c7843
955,5d599f6f-1325-4373-9e2d-5efd0592bb04
982,aa243d49-cd47-4051-91c7-9da3ca306f9c
993,3b5066f9-7dc8-4b0b-a37d-283094edb17a
1084,cdc9a60c-8806-49b2-a01d-31c636ca8d93
1094,22579e5b-fa3b-4640-9696-6e2d2e489f1f
1102,6bc1c598-3884-4b50-81c3-e6777c5f34b2
1113,59bc3097-101d-47ff-8d10-b13697b1c3a7
322,b529fcc2-df4c-4d8e-a4dc-c985dcb5e489
393,b2625ffa-7e4d-45b7-a3c3-2e4cbe051b63
394,53ad8ab8-8f01-4c60-8a72-23a23f4761d1
406,79f77aa7-c6eb-4225-b9f1-5f128598ba49
409,0a2e8fb2-8670-4104-b83b-b752834054f2
439,408c4b0a-cc52-44db-9273-dad43996e4ac
441,8d9e175b-8d5b-43ae-9cc6-0f1031800ecc
460,12083e1a-f2f6-450f-a9e8-ec409204e4af
461,3d3c1159-0f6d-4ccd-ad0e-deee2c705443
462,3609d1b5-ccbd-404a-ae43-2ed12bb1a3a7
492,7613b26c-51a2-4442-a5ce-fd2d36f197dd
495,4759f889-1883-464a-874d-37d293286312
524,61583c9c-3346-4c45-bc22-f170b40ff8e6
529,4ba2c8ee-46c7-4aaf-8549-560e8aba783f
546,584a693d-f6aa-44e6-8e49-3ba116839fcf
553,d2d97e0f-4014-457b-95af-74be2e1a0c46
559,3117b9ab-80b3-4212-afcc-6edf90508023
566,656516d4-e8b7-4832-866f-0ff8fd46c78c
567,85767e81-1cdc-40fb-a1c3-8ba7fb3bc5cc
579,19a17b8a-8dc5-4fbd-a02b-13fb1431e1bf
602,f105d839-dd17-43e7-984c-5205e326b25e
606,b7b1301b-4983-430f-851c-ea4e4e68154e
607,ea3f316d-2795-4b2c-8e01-6e87eaa205e2
611,1e02bfeb-4f9b-44e1-a17e-bec2f42d8142
614,2838c37f-83d2-40f0-a7b8-8fead441e02e
635,b285690e-8da9-4e9b-b6e3-94d04aab5786
637,b80751f4-89dd-4183-ba51-7a69459b2828
645,77a8624d-f1c1-4b70-bbd6-d75e16c787fd
647,b8e2dddf-3f57-4ad7-9563-6c02e930802c
656,27827c3c-7d82-4b74-9330-2ac87df45e17
662,03b8e244-2b81-4082-b8b0-ad80c2a1c5dc
668,73871357-d76b-437c-a6bb-138eef5925c5
669,bb84b28d-2272-4c53-9b7b-88f7a36bcea8
705,6a6e6b49-a31a-4ba3-9976-1a0a9392270e
707,0317c590-2493-4de4-9183-3a965d31b8a6
739,4b34fd48-0017-438b-91b5-6d1ec47c355d
757,dab2926b-d14c-4d28-b418-ac335610f48c
771,edc73ce2-38b2-4c05-abbd-b35b21fdb690
772,d4c17a8b-a534-46f9-b15a-128189f346da
773,40582f54-2a19-4768-b9ad-5bfc9933a102
802,7df40cc6-5b13-40a7-98f6-fa4eeb4c5a21
808,3435882f-749b-4b21-a6d7-285f4f358fe9
809,32ad0278-47a0-4a65-a720-2488f980d9d7
810,ace9ff66-acb1-49a0-8ea5-e61ddfc28139
821,75f6ad4c-a689-4c71-b262-eb1ec6309bdb
831,d446de19-191a-4da3-ac09-0b57d838d49f
832,91ad172b-cb75-4370-a3a0-938fd651586f
860,d1e0ac37-6a3c-44e1-8f4b-7138f24279bd
881,7bc95e87-3531-48fe-86e7-4ad252a52770
882,6b927b47-19bd-4bff-a30d-ac316c6223e7
883,85623707-9579-4ddc-a57e-4d18ecde1d8e
884,8c7a0530-444a-4638-a5e2-ad9485c87781
886,7176c3fd-7957-4ac7-86fb-490eb691ce0a
906,ec28e8d7-49df-406e-a12a-887a9fa3cfd6
966,bed90387-eb95-4c85-95ed-7f2e7be6ee7a
985,41a33f7a-9037-458b-820a-5a6abdf7ba83
1100,a19a9b7a-74b3-46e8-8c0f-295d7651c421
1140,13b17a79-2bf0-488f-ae68-4dd64788ea37
376,25a1c196-9f42-4be4-9552-0e967b4486c8
435,8eb7c933-d764-4d7a-ae86-050c3466d9f2
438,b1ffbfca-f61f-4f22-9f14-d53157c4f7b0
477,7ff0252d-b597-4602-89f0-bdc53bdc1e3d
478,65382fca-b55a-4661-91af-1e9b3bb698c4
503,a84f9afc-9fac-4686-a9a3-618adf43a120
539,22d846ff-b43f-4dee-a18b-2bf6f757f6d0
646,37d31692-560d-4e2b-ae75-2fd9d3780080
657,6fd06d8e-6c4b-40a4-bc8f-ddc2dd80a191
687,dd9b44e2-ffee-4690-99b0-426ef9aabc45
713,9163b347-ac6f-4f47-8775-233959c6e95e
745,c8d593f9-24d1-464c-9ec6-e13deb3a1d66
747,4e41bff2-1813-4145-8b18-10d3edc189c1
816,af700fe5-0469-4313-b9c1-d12de4373c2f
880,3da12d39-e5c2-472e-8284-cbb9f7bfd9a9
932,097864b1-4dcb-4b02-912d-24b374243b58
936,0f6e47bd-8527-4fe7-8669-206480a8c49d
937,54aa66cf-3280-4499-b762-82029819bee0
940,b1e0f804-e9bc-4fb4-8120-b359398c4e35
967,c390cdde-08a2-454e-a313-8ce8b2ec0b78
992,56833931-bbb3-4a69-89d5-bce32349e532
1036,d543948b-54f3-4166-834f-8d145f8befc4
1047,6e07c8d8-c612-4d9c-aed9-e7a63bb8ff0e
1048,2555f7c2-6714-4c92-9315-5fe6d0c1879f
1079,6a248388-6e05-4c43-94f1-936811d53a28
1103,f2d406a4-569d-4669-8251-2712a0beff92
1135,b0805084-7c35-4ccb-b7f3-183144defb05
382,6f48b3b4-ce18-40b7-9363-998ed48a3d1a
407,66e19d96-f35f-4a36-a305-0d34eb18356e
464,08630fb4-d7d4-4ff8-aed6-1e1d4b64a095
465,d0f03c31-ee0c-4699-b88a-b42e8b5a30a7
479,b0e15582-dfa9-43d9-94f2-c976e19bd4b3
486,55cae023-3cc1-4981-a576-6f600ec1579e
502,5be4a87f-31cd-462b-8bf2-636c3beab0ae
521,009294a3-cd5a-4129-ad74-d7429d2fb1c8
543,bbfa6caf-aa1c-4d07-a880-596238eb1bfc
561,d3c57625-5e5b-4c44-aa15-493b4f061803
592,3ff5885f-e66f-4e92-b0e7-b748841b3389
594,f7b30932-2e15-42ed-acd1-c8be3ee1c2f5
651,92dcd535-f541-4fe0-bc0e-f3dbc559f592
661,4f3c6c36-c6e7-46df-8be5-9c8a7803edea
741,0688167f-7eb9-462e-98fc-b13833538ed7
746,d82535b3-a309-4e63-8f42-cbc88792a9cf
750,e14a0599-ce39-442e-a0a6-26607be66eae
778,8e220d0a-bce7-4c8d-b5fc-3e104500ba3b
799,17b766d4-d74e-41d3-9493-19ccf603aa64
837,82ea32ed-555b-4477-be04-95be76bb8166
908,ae4f293b-a3fd-42b9-b671-ad0b58552043
914,446f293e-e1cf-43a2-89cb-29dee67f53c6
923,0b411dfb-4add-435f-8fa9-3a14cb6a773d
935,43199587-8814-4e81-af42-a3b592c1f5a4
953,f569891f-412d-42ea-ae01-c8fef48c93ea
990,435c1074-cba6-4540-aefa-cf5aaaf3fa82
1029,4d56c5c3-1297-40a7-b33b-e34edfa9d1b6
1030,08ef47fc-94fa-4847-baf3-4b7d44993a8d
1050,f660caf4-55b5-410a-acad-1c5da11cf06d
1051,75f0b56b-f807-4cdc-8676-3a877f5a0e99
1101,d0ea592e-0019-41be-a975-3d88550edb84
1108,7361cfb9-8c4b-4b64-8948-de2a49badabc
17,81e3c17d-095d-4dbe-8d3f-364be0bc6953
18,5e51dd2e-a4e7-4746-8319-7602ea361a9f
19,819da660-372f-484c-a9f6-5f8f2986a168
20,40906e2b-820a-42b2-ba26-1f4bc66a3388
21,77b33117-3826-4542-ba4f-c64f53a0f401
22,4b7fc909-a262-46cd-8750-c90fead9c8fc
23,83b665ff-08f6-41e6-953e-ea65bc6ce3ec
24,95a9aceb-83f5-41b4-894a-82f7114ee0a3
32,09fb5069-f5f9-49eb-9cc1-a319ac755134
33,5c287f90-0b80-47c0-95a8-1b363cc4f9ab
34,1f257e7f-007b-4de9-83b4-c0ae0fc8a2a7
35,4968c964-6adf-4f27-a9a2-b2c334056de5
36,1ce1f4ff-65da-4b58-843e-8a4e7069e732
37,b5c1b818-1abd-4e3f-9468-28851872fdd8
38,1191e951-e1c6-4853-98db-d5b8e916fa63
46,10920fcf-f054-46ea-80f6-7320d48c9071
70,d027baa9-db1c-4b4e-ba06-12390868124a
75,9310efd4-208c-47de-9952-52fab6f712f2
77,0f92644f-292b-45ac-b8b9-fc18c7be0e5e
79,c733a005-e8d3-4c65-9e8b-b6e6c1a26cd9
87,0568de60-186a-41cf-a15e-6c24aca51f83
89,4c9e006e-97d8-4415-a8e7-c6cb5a69a1ac
90,4f428939-9545-4365-b5ca-38b12c9f9a6b
91,4c637265-4dbf-42a1-b25f-b2cdaf83a41b
101,8ab72a01-788a-4e59-9b40-ecf928c729b2
108,00104018-3df1-46a9-975c-5e270d0f7997
149,caa906d5-e6a8-4c64-87a7-048cb80ae2bc
170,789b75ba-dcef-4b2c-800a-342258d90f70
171,16089e74-5bde-4589-8412-db5687f02541
172,9b923b2b-a7b6-49b7-b4a0-0f1b8f28c461
173,c345d57b-3f2d-434d-8be4-1e61f1352db1
174,2d5e7a63-1daf-444d-8c6d-8eea120c799c
175,0e2d68a2-4cdc-4554-97b8-d0a7c9310535
176,5dbd005e-5589-40bc-82c1-a60a49867e0a
177,d7fd4175-4909-40e7-822a-e0ca44f0b483
179,7140a4c5-59c8-4c98-850a-a44d6d245652
225,c29ce8b7-20bb-4edd-885f-deb3a5662416
227,600fcfdb-d838-415c-94cb-26532883944d
228,35ac1fa1-5ac8-4a4e-8af1-b14be8a95098
229,7a9d6307-6430-41f2-9732-acf7cb3a8272
234,f126149b-d382-4202-a231-f549626e73f0
325,d87e8486-a728-4de4-b6b0-5771e209d2cd
355,111ce00f-1566-43d7-a4f0-e6c972c35563
385,05a4f95c-c077-424a-aff1-0a44bf21055d
410,d09e66c1-9aa3-4307-ba1a-19153ff76498
428,9478be07-6504-453a-a953-f7a2d1407366
466,6dd427fb-dc2f-498e-9b0f-b7c5b414b64f
491,ac8287df-7838-4662-9c30-49e2dd13e6b5
540,4fec3972-372a-4a77-8efa-378f8ebc3388
560,4e960c9e-ce0d-406d-8749-259488eb6b8d
613,3f94b46c-5aa6-4fb0-9b2f-fe833a3fbd50
678,7bad575a-f15d-4a31-8e40-c1bc858d39e5
702,a9e49179-3e65-4387-9234-4ee199a49744
777,0492a580-a001-4d69-b9cb-8a6ff76a609d
833,119e16bb-681a-4575-b2d7-3ac072774322
834,9fbf53f2-8b23-435a-965c-14344d1d0918
859,44e13b5c-06a2-4987-87a3-353afb137603
924,5e98b685-47ed-4b5c-8ed5-5d52015d34ee
925,17cee5df-3b78-4b5d-a289-63766c297cc1
926,0e4db838-edd6-4f34-b86d-83ebc7bd8a3d
938,3d156eeb-d3a8-45bf-aef4-6e19d953c354
977,21f8bdb6-81cd-4444-ac57-96bd393c41de
1097,e78b5ed0-24cd-41c9-9fcd-f9c6c03a0b01
1099,0e0d506b-a539-4ce8-93ec-6391812f393c
1,9d1c139e-6efa-4407-8cad-fd71ffbf4d89
2,875a95ab-f249-41ab-846b-f0a8b7a0c2b2
39,d37350c2-da57-45a3-802f-5ad37a90381f
40,ef5bf007-d467-4b52-9574-198fbf65630e
41,551a976d-4694-41d1-aad5-461fe870ca99
42,49f99fc0-7f89-4144-b604-551fe1c846af
59,c55228a9-76c8-4af6-aaf2-b4d0bb17f32b
93,ca43417c-6a62-46eb-9caa-915bc55de1e3
95,471060ce-b547-4e31-91b8-f5a20e35b050
97,7fa4c722-b2ba-4926-99c1-3b3287e9cd6e
104,36a94815-b6e9-4587-80aa-2c5f6ca111ee
105,48df6dee-4890-4c4f-bfb7-0e9cee3b1fe0
106,7f98da6e-5c90-4758-932b-160739f65adf
107,4ed8fadb-a57a-4371-96d0-2a41ea297478
110,f353f801-b000-446e-8aee-715bb7586db6
111,329173e3-cd9a-429b-97c1-e91af15fe627
112,8d4d5b55-d29d-48f1-b3bd-b72c61cdaf80
114,76a43668-fa37-4d5c-899b-60ee09f8dc2c
115,c9c05355-8461-4863-b0d2-83fda14b3c8a
116,df66c97a-4ea8-44ba-b6e2-39d981bf3312
117,f05ca21a-1ebd-4d53-bbe8-6e14dc9c83f9
118,e1527175-b675-4999-bd6a-14da67cec788
121,a323b92f-82b4-4c71-a051-0f950a8a48d5
180,6a882310-590c-4cd3-8267-26f9ddb2f066
182,3d8cec19-ecc9-4b3d-82e6-a2e3aa8da5de
183,07d76400-e08b-498f-90f8-fce1f4e33e29
226,269c1bd5-df30-44ef-9d5a-0bc9252790a4
230,ac336a74-0fc5-4e4c-965e-d74cda686769
257,9702980f-3dc3-44a7-9970-132ea3a1cfc7
261,eb9cf5b9-b3fb-418b-b583-4e1e00fe19df
262,8b128d92-0b77-42a4-9d9b-1cd6306f02cd
266,685d8552-f1b9-44d4-9145-33c1d083cdff
267,fb58d980-252a-4928-bce0-c3408829a4ad
276,a06e8263-bedd-49e7-8e0b-1e60ead45641
277,b513c7c9-895e-48e7-9ba8-4d1197060380
288,91fabb75-77d3-4bba-8903-c18e57d21fe3
371,c1c600a5-1ab5-48e2-8b73-51a0fbe897ad
432,f234761c-707c-4be2-b4f3-e0178936e28f
445,ff8aea94-2a44-431b-8bc1-6c5b63c1d3b7
482,6c2816e2-44df-4ed8-85d1-2c81d94fe7f4
483,92b88409-bea7-40de-b523-b58946c57ed2
488,d491e092-d6ec-4183-8842-a442901f5511
612,818d3935-de71-4c3f-b21f-238166c08bec
670,1a5c49c0-9b5f-4eeb-a217-a5e5ffcd8b80
671,72450251-c5c6-4879-a110-ba82be55cb16
672,7bbe0017-860e-4439-8032-a59f07825031
676,f8fc7bcd-33a7-4ea1-ae18-b3888bc08c3e
701,659e671e-88e2-4542-afe9-81acf4df706b
703,596f253c-5050-4c7f-ad15-8b29a2a7de6a
749,1e270562-6ceb-4de3-8257-3a4c87bfb141
752,392d97fc-b458-4862-8fa7-e64806e89e03
797,689da4ea-d106-462c-aca6-819f0d6c6478
849,0d760f9f-3355-4099-adb8-4b65eaa764bc
864,0b14ff6c-9946-4d11-a70b-618609bacc30
885,b6b02669-9f7c-4108-8692-929ea9be6032
915,d8defd99-be5c-401c-a1a9-f8f61f414be6
916,77810e6e-5b9e-4a79-a105-f3d892d0fdc2
917,8d93f2ff-a3e6-4447-8cc4-fce578f5ae16
927,5a45e84d-ed94-49fe-aac8-62da544b73a5
933,34352486-55e9-465e-9b7a-188a1344c1b7
934,8a87bf49-8f99-416d-b79f-8831d21fa6e0
939,47cb619a-473d-45ef-bd07-7f1c406e7762
972,70f32a2d-45cc-420d-9185-d2a656c7a85b
981,902d20fd-5edb-49a1-b562-19cd78cad5c1
994,e9285882-a77f-4375-b936-dbdd4647a868
995,c3c50f53-1f28-4dd8-9a0e-c48e06e8e0b9
996,353df9e4-9ed8-494d-bb97-b79632551cbf
997,522344a5-e242-45d5-8919-c77ace2ead00
1091,41954aa0-a03d-4cc7-b0a7-78fc31015f92
1096,13466a99-9f8a-45b9-8a5b-ae42b0a8a52a
1098,63fca0f4-0610-4613-b367-82732ca42203
1107,6605de4c-acff-4b18-84d0-03e82f32d66e
1111,5d4a9e7b-d459-4db9-a5e9-d7d0f87c8927
1132,39181ee8-c139-4ab1-b093-23ebfdf42785
1143,5e1b043b-fd84-42f9-9ffe-0941e75c8fbc
3,30da29dc-3884-4276-9e35-d65021394251
4,dca73faf-a37c-4a8d-8104-8007a3ac0b21
5,f9f42557-a91e-44f2-8f22-f263939fbebe
6,5d8faa64-06e6-426f-92e7-c5118e8e6b69
7,67c46cc6-a366-463b-9256-e6c90686de6d
8,cf4686b4-57e6-42a9-98f9-522921a4beae
9,2de0420f-a04b-4c4b-b160-110ef73a2c22
10,fd1625c8-59ab-42b4-b07a-996ec4b93fcf
11,42e92b3f-00b7-4d00-b37a-5e36591d7deb
12,3f763331-0690-4560-9147-a0fd3b41efe6
13,e79abb26-3ddd-40b1-ac0f-e31b41a04bfb
14,4e0a3b93-7b2e-4c33-b6a4-5ed611dbf5e0
15,81db664f-b8ce-4413-b76d-b8e3b2c2a817
16,89224789-f679-410f-aae2-d4251de2e61b
25,92a00400-b7f3-4d75-a85b-2e8c84144bae
28,cc1cbfa0-3632-48cd-bf0c-e6e29bf2a084
29,36edbcc5-b98e-420c-85fb-2976327dddd2
30,982d7ba0-adcc-4fcf-8026-6a5683b846c1
31,03842716-7da9-4e34-a6da-cc165d7a4964
43,c6573ed9-0ed8-4a0d-a79e-156f9529df8e
44,483c3e25-d6f6-4259-b4d5-7f55daa86db4
45,f88bc813-439e-4826-8f56-36d5362cccbc
47,1f29e36d-8d69-46e1-be81-8dc80e627077
48,5d1b1ab9-8163-4e30-85b9-9cc65ed0355f
49,cda8adc3-800f-41f6-b5b9-d170f3900c64
50,b0e150bf-5544-49b6-b3d7-4dfc3f59f3b6
51,30ce2967-4bb1-4f0e-8533-c18c81e478f1
52,5aca8ea9-46dd-444f-aad4-13975c6b2939
53,79ae216b-9d07-4c97-a5f1-a66790fc4ba4
54,70b7d780-c45a-42ce-ae05-5fe4b6cc6f85
55,c9699386-13e4-4f28-96a6-c32263a41d9c
56,6de88b5b-2a63-44a9-9312-81d6d954e644
57,f8ef8a9a-2187-45da-822b-5b1733f454ce
58,cb6bd095-3b82-486e-868e-6da5c2d46d46
60,12be59bc-8913-4011-a9d5-cd64590d23ec
61,c4fd7f6d-938f-4576-9f58-217a14edcb42
62,45dc78bd-a65b-4c2f-9d70-e75771b6fc8b
63,fa19d3f8-e620-46bf-a774-0466fa90254d
64,2bfe688d-f744-4cc6-bead-405268821960
65,81b6ae93-1ab8-4fcd-b273-95d3b5699c94
66,319d5092-494a-4104-a667-46082797ec60
67,b72ba253-bdb2-4997-9c35-55016d0d14cc
68,450ec4f8-7f40-462f-9e60-7b5dda334c52
69,9bb98dd8-569b-4560-a2c7-8bfcdabd7364
71,c8f52717-b321-434c-9562-a026aec164b7
109,94cfa308-fa2f-4bb9-bda5-04e22a165989
113,8aa4dbb9-b167-4bdd-a9e7-3fa56bc17816
119,94b80b5f-db19-4fe6-8992-caffcc7daef5
120,62ba7fb6-a3d3-4d89-b1cd-f055d4ff712d
122,843dbad1-7281-4911-ad89-a09ab18b6d03
123,2fac1917-c441-4b2e-86b3-6a9b3d327cbc
129,7396f720-8efd-47e9-b153-a174c2beebe3
130,147a94a8-5a5c-4d3b-a2c1-88d782f14c2d
131,f29e5c45-d26e-48f4-99de-b52b3426e87d
132,1a530f69-8f15-4cc4-9f88-f33428ae923e
137,c41bf34e-5d7b-42fd-8ea1-3aefe9d6427c
141,54d529d2-39c9-405d-b6f9-054e1b8eb9b4
144,7bc8bcec-950a-4d3b-98fa-5c676c5e2c4d
145,6d36a90b-7533-4d8c-9d91-9b9065d27d1f
162,9aa62044-68a7-4bdb-99c8-387ddb518ed3
181,bba668b1-c7ee-4073-9160-3a0a664a6218
184,900b5f5b-6cfd-4356-80c4-c87fb8e7b6a1
185,fb106611-9cc1-4aac-9c76-3ce6ec5de423
186,6eb9b898-f874-4d38-93ca-c71f0ddfdb74
187,54c64635-3d04-4e7c-8d78-048db5d59d8d
188,255a40dc-19ae-46ff-8162-d3722925ffee
189,1ce36ff8-9067-46c4-9d58-eaf79f7fea42
190,6e3bf036-f0c0-41f7-b4ae-ffa9adbb0795
191,68653630-6c8b-463b-8be1-f93125eff8c8
192,c3e38d82-ac7f-46bf-8b7d-ebb1a211ef6f
193,aea4626e-774d-45cf-87f9-f1b058c637ec
194,35a965b8-b9a6-4ce6-8de1-eb88f66bcd55
195,525502c3-51f5-4ba8-8d10-b0628da3aa9c
196,be6da8d8-1a92-4466-91b3-06347270ba79
197,e35da1e3-3fbd-4c2e-8f79-43889eb3d306
231,26c1b04e-f366-4537-bad8-8f326a9a3d8c
232,8ae65a68-8fa9-43b5-8fa7-154400c93445
233,04f3004e-9729-4fe8-a784-455b4fef317f
235,8d1f91da-8ca4-42a6-896b-452fa04b5a6c
236,7d7d5e8f-7c62-4f44-83e8-34c5291f87b8
237,0b3aafd0-5c90-422a-88cb-a5bc19c14ab0
238,45c1430c-4b3e-463e-8f09-2b842dda8d9e
241,4e2e80e2-5229-4ec3-b4e0-e81f93ce685d
251,7c92a980-8b57-45cb-8717-06718c76a8cc
252,99a5d38a-f75b-4f11-90fd-786b58a65e43
263,e547bf04-f9cd-4740-9441-4470baaea3e7
264,4b61296c-51b3-4838-b9c2-1674aa959316
265,0e55cb46-b9e2-4384-baad-cba4148dde34
268,b4bb5740-f303-4726-a20d-e1e2b2f1333d
269,25b75374-8cf8-4202-a4e5-9716d588cb9a
270,ca946c2c-856f-42f2-a494-1014682c0493
271,a9e025fc-e301-49cb-8d8f-9040e30543af
272,1c8e3f36-ab78-42e8-a073-5f27f6ad29b2
273,ddb3a42f-a13c-4e3c-95a4-a54743277751
274,124f2180-73f3-4ed5-b708-825a5bfda751
275,3671ad1a-51d6-4348-b215-6d800eec5114
278,db0f5a20-ff92-4ba0-8f05-7e19a87daa18
279,820e0694-4148-4026-91a9-1d3f58ab1946
281,e0533bbe-8041-42b9-8e08-6473c5759144
289,18933580-8744-422d-9380-5507950c8737
318,133a59db-23ce-447b-90d1-729150f8a6de
319,504c866c-bd97-49c3-ab6b-d7f6938c1dbc
324,22995c73-cdaf-4739-9e71-c56ead824793
372,ccf19557-dcb6-4682-bee4-ea59eecf95f3
373,ee9765d9-56a1-47ff-aea6-6acd6a12049f
375,04f8c83d-a9bc-4466-9d44-1bd9ab3cb476
384,a5c81a8a-c28f-40da-8ccd-6e42ffebb1ac
386,b45e1a28-97f4-43d0-9c49-950267f6f2f3
476,730ed0fe-5444-4cfc-9389-ff348c621fe9
515,1c474c1f-d3fd-46e7-a5d7-6faabb3dfc7b
516,4eabdda5-b53e-4fd6-91db-6447b986b18e
517,ce5fc208-db4f-4a00-9f02-1748b12ff384
674,894639ea-595c-4c40-854e-9cd17a6860b8
708,9a80ebac-fb0e-4afd-8be2-55c93985e5cf
709,33d5d3e5-29fe-4705-9668-e90cfc51de5b
710,bffc90ef-2497-40be-a953-8542fc5757dd
714,1f67ed2e-fab2-4e21-8153-a98ad7405994
976,5f81520e-042c-4ccf-b26e-ad97dfb5e25b
978,9482bd03-c2a9-45d3-986f-6ec18912eb4f
1092,49a413b5-358a-4533-b9be-80edaeda0a6c
26,9a61e446-ff33-4a51-862f-46d05ed6ac5d
27,944f356e-088b-45f4-b2bf-5d0b1f293196
72,58fe6da4-234c-40a7-90dc-e9be4064e672
73,e0557d5c-8c2e-42f4-9158-5a13140234ce
74,56cc49d6-e55c-42cb-84e8-632d52e0bd02
76,ab582acb-aef0-490c-adcd-e9c716130760
78,c502ab10-5f4a-437d-ad3d-9ce1bc7c0a92
99,919527d5-b981-44e8-9c90-a4823d388446
100,4fb6abe1-3eb4-427e-9bd0-f62e4679f72d
102,7c294367-984a-4461-b247-36a92d46a5a2
103,ef3454dc-0214-4940-af1b-7978131490dc
124,617374ef-ed23-433f-9b20-409be2eec42f
125,7952e660-e817-4d25-bc7a-0948be867a32
126,32f821b6-94c7-418e-aac3-d98920c61c7a
127,4bfb9179-d158-4f10-b2be-97a7576225de
128,b27a5ed9-865b-43ae-bd33-0f9d6f18f6e4
135,ee87782b-270d-4618-97ab-014dd28d0de9
147,1eee48dc-e158-4044-b62c-d81e79733a7f
156,13882a6e-6e4c-43f3-a9e0-6ad803524f60
157,5a457098-6dd0-4177-b678-db73a806f503
163,c37208e8-cdbc-490f-a65a-6bb7e4c5439e
164,14dd0fa7-745c-4dfc-a633-b959c889a559
198,0ad2f1d6-3c23-4a16-ba4a-6f86356aba83
199,5c30db06-701a-4363-9bad-eb86ed67ddc7
200,69319f45-5621-4a91-98a4-9517bcf672bf
201,9211f3bb-2d22-45a1-95f5-cb259664f51e
202,001806c5-e6e1-410b-94a6-7ecb671bf37c
203,a5a63e77-0050-4ee6-acc3-03a3fce60d03
204,b0cfc18a-5995-4054-84af-0473349eb292
207,f8222251-702e-42f5-938a-bf4bad6a7bb1
208,5d0fc3e9-d518-48f9-9b62-3239e84491b5
209,36232630-e208-4c6d-9a47-17315bbe7a71
210,95dab497-7ca3-404b-a71a-33fb7c643d3b
211,3225a4a9-aff4-49b2-b206-2252aac51ac1
212,749aafc9-4347-45ea-9f13-117694599db7
213,2883dcfa-e67c-459e-a977-331b4ada6190
214,6486997a-947c-447e-8dc9-38fa8a1c5d57
215,41ff67a8-5f42-4697-8332-e78e92ae96d5
216,ad63e3c5-fdc3-44be-a7c9-2ded87024d9e
217,06aa3e10-50ae-4cd3-855f-19ccb441401d
218,d7c6bf67-c615-455b-9b93-fcc5162b065a
219,342e97c2-c899-4e3c-9a0e-6dcc08aa9f72
220,54cbd4bc-5429-44ff-948a-719dbddb103a
221,56d14ab3-473c-463c-9820-41e8438c704a
239,026ef02d-b2e7-47ea-917f-6699fad6e0eb
240,3ffe55fb-337d-4150-b7f0-792c9c13e724
242,f11eadac-386e-40f9-b622-6447787c72db
243,12f13a5b-642e-4137-b931-1400eb8dae2c
248,097d1ecf-6d49-4228-bfc2-82db4f0eca74
249,cae4d463-166a-4657-84cf-a64fd9034fa9
250,a0165094-9e1c-4900-b3ff-09d2fa9bb965
253,927034db-310e-47bb-b9ff-2ebe4d2dd2f6
254,70ad3b19-5a73-4caf-9959-455abdd823bb
255,e8acdbf4-d788-41f9-b8d6-6763c685bae3
256,477df14a-7be8-4aa3-8be0-8633278c8de4
258,0d530a84-a19c-4e6c-9cd9-fc1f999ce211
259,6f1f8274-b88c-4dc3-9da7-593f342adfaf
260,68bb22da-94d9-48c8-aa33-feaa6a66ba02
280,9b0ed931-3a63-4846-863a-92676a21dc51
387,22ae042e-faf0-433a-88a8-432b1d4ac2c8
408,ce94fff7-d09c-41db-8b6a-d2f2587f0395
487,816166ad-ff4e-40f5-8495-c5e1e822df0c
489,be641b79-1e2c-4572-a942-4e1a0349225e
507,df9ff8dc-2cfb-4502-a2a4-4727491cfefa
510,d772cfd9-0b82-4c0d-897b-9688ed1a51ea
513,59ca4386-de72-4097-be86-e3ab51ece19d
514,cd5f3fbc-8b2c-4e21-8907-53f32d085007
518,fa06b346-3802-4b65-93d0-f5525c5bf23e
519,d120da95-cc9b-4733-8288-867166f0e997
541,5d127fdf-e6a6-433c-920f-b7b713af07a0
639,4781eb35-653d-4cc3-aea5-65ab8ffedfd8
711,7a915085-50ad-47c1-845f-22c8c3afe3b6
712,77279099-6d3d-4024-9047-f1626a6b6905
80,2a04203a-13ec-44e7-877e-7d086f950c88
81,a911177c-96bd-4334-887e-d3aa92b1b666
82,53f20251-d84c-4e2d-acc3-60272f51a9ea
83,631552de-8665-4c96-abfb-a3433fe53633
84,68c01b2c-cbad-4cd1-b75a-4ff93e37cb6b
85,d7594810-66d1-498e-8d17-2a5b1c5dd85a
86,168d4c0e-842e-466b-bf59-d12ac4908875
88,79c47c00-790b-4b22-9ddc-e763b90cf69b
92,67eec928-6d05-46c4-bd48-a498efa580b4
94,74191ebe-9003-4b7a-9eb2-c7f9a6d40790
96,e4453e6f-9f59-4b1e-a183-fe0271e77f6e
98,93cdde88-bc43-452d-92a1-ed055f81bddc
133,b0331000-591b-4959-a58d-7cef3cf3ad21
134,effd8a4c-bd58-4304-8c3f-4fcbfce1e60e
136,9f31e461-181d-4859-91e9-68d2fcca0eb1
138,17c8d86a-f706-453c-91c2-6af4c7e882d4
139,6e9b2745-3c3a-4c45-a99a-382efa8802fb
140,99436ba0-e3b0-4119-a5c0-8a58138a9b76
142,ebd46ece-5996-418e-8fe7-9fdc5a4bd7b5
143,49c07ddd-08a0-4502-a910-f6f0a37c82f5
146,a46e8d01-6d1d-4546-962c-fe3f7c6ccd9f
148,9f163014-fbcd-43e1-b9db-f3b971823ae8
150,6faf4259-ea41-4c25-a8ff-7f094e2959cc
151,95c25dbf-1e15-4f66-95ab-df25ab1609fb
152,529f938a-d4d8-40c3-97cc-e2380af02a44
153,6954d7bc-8741-4e1d-a500-481b3ae4d533
154,6ee5ded0-9522-43a3-8053-048bc2676c6d
155,a11b335c-d18a-45df-b845-388dedfb5875
158,65f91441-efcf-45d0-95c8-f0808f59f163
159,6d66d3ba-bf26-42a0-8a19-46f09519a032
160,48ea7937-637f-4d87-a47d-7dcd3f7fca3b
161,5f39cb9d-3031-4098-9293-df14d8c91248
165,d5320145-4f92-4d89-b72f-a4c5f35b727e
166,730b24ed-4d22-452d-bbb3-c8d64f194552
167,d59df766-a33e-4281-8ac7-5fb4558cbc51
168,12ab1ee4-5478-4fd2-90df-1c22c84264a4
169,6234b3b7-8416-4342-9ccd-af60c6384a01
178,ccce0701-a839-49f0-a040-2ac257ce7515
205,5bad1aed-26ef-4528-a101-024342fd7663
206,c2556913-1ed3-462b-9a98-4416f7b6e3c5
222,3bda42fa-3f32-4a31-8833-bcf0d062ffc2
223,f926017c-6d63-446f-b102-d78c05d99bb8
224,b8d24695-faf3-4d75-b662-714c0a79c17e
244,9ddf9023-213f-4bd2-af33-f50cae0e46fd
245,2975025f-9430-47f9-a882-9dae06943b0a
246,f6cc4c07-dafb-456c-ad68-ea3bc521655e
247,b1707a34-3ef2-4cc8-b55a-31d76c67a3d9
282,fe4e90c2-c0c3-4cb1-bcf8-d6299118c38d
283,f0c28148-b868-4078-9041-ab1ea68a0707
284,3085bfb5-1819-4c33-8fd9-5d3d26e49c83
285,f46f4301-2bca-4dd2-812c-1cf0db0b4afd
286,fbce183a-49c8-4bf7-b43f-ddedfd555803
287,bf8f7811-0308-466a-b2d9-478d490265da
295,b94fb71d-0154-4b52-b445-e0cda27f3aff
298,8fe3f5f7-aba4-427c-8fb6-a8ee92336760
299,48d8a802-5bea-417f-beae-3cfd7ec988dd
301,87d951d3-b19c-46b6-803f-a418a3d99773
309,4e56c6ea-9986-4d8c-a56b-4912bb82fd8f
314,445f3366-5945-4342-ac58-45be680e4e2a
315,8c9668a9-a630-4385-8601-c9cba3c6608c
316,b060a274-cd11-4cb6-a810-7023b03d1cc5
317,4b63b5be-3ee0-46ca-af4b-8124a6baddd3
508,544f06d4-11ec-4aae-acc1-7cb37c781d78
509,374e9c49-407d-4c65-9b0c-4c027dad6b30
511,e16a995a-f547-4c44-9ef6-8b9ffd96c045
512,28b41426-55ea-4528-b727-35d6ad69bff7
666,dbec1d3b-12f7-4597-8aa0-8549df6be285
1041,5812286b-da4e-4722-8aa0-a82291a176b4
1144,013fccc8-7e80-421c-b3d0-44e1c8d56196
1145,141df60d-519c-4b8e-9c96-c1f689b1cfbc
1146,e0918da7-c90e-4151-9a5c-567d469c255a
1147,317aa023-4f59-4e2a-a852-334457777bff
1148,c466b099-8756-4f16-b399-49ff21daeda7
1149,603b9645-ab96-4c5b-b908-3efc5ca195d1
1150,3a417fb8-ba79-4d6b-a2fe-aecfca97928d
1151,c9b25da7-8373-494b-89a1-931a31310cb4
1152,41e766cb-a80d-4c8b-ac84-d50cb5b725e8
1153,fb7483aa-7360-4552-aced-3c51bd3ff1c3
1156,cd8b6ce0-0b5f-4af3-9072-8b00b4947f93
1158,ab22511a-9f7e-44f2-8ff3-8095ce5ee4e4
1159,72ff5fd7-40c9-49ce-9d85-d6d036a790d0
1162,df0fd836-b8f1-48cf-b912-996dca822790
1166,0f87769b-2b50-4d08-b669-31b00fb422ff
1167,650ddaa7-f439-4d61-b09f-d4f261627307
1168,9f151e4a-0f8c-42d8-943f-bfd4835c5d8a
1169,9e37c382-87d8-4543-b744-51ac3dadf606
1170,029ab928-5300-4f04-93eb-166bc63ca2e5
1171,228c93e3-1024-4c4d-afe3-969d4184dd0b
1175,6d814672-ec65-49af-bb6c-845b2ff813d6
1176,43a1a089-2267-48fe-8dd6-12a185be5b93
1177,61a682fb-b602-4534-86fd-c8e9ff43f93a
1178,f51da5ac-d817-4c6a-84ae-1d38e622938a
1182,e4527ad4-f455-43f8-969d-6dba8a88e7b4
1183,c62b0f86-076e-4c99-9286-d3737e262532
1184,abeb7bdb-7f75-42e2-9afd-d9cabe22125b
1185,79df7ac4-6c6c-487a-9539-f3df003da66b
1186,f12f692c-1c26-4435-a67f-791b02c18402
1189,dd4135fa-da24-4a8a-a186-c93c0a7f1667
1193,967ea187-8c2f-4dcd-b492-a38e59ba4f3e
1216,5b07c3e9-6659-4cce-9cdd-932fc3f144c7
1217,c8602564-cb70-4807-b2df-5276cde8265a
1218,6f0648c0-7ecf-4775-8367-9b4888f63f0b
291,7028d287-b3b1-4c11-b90c-e00f1d438d2d
292,79687cbc-580f-4443-b0f2-fb26af94a238
294,f4e61771-aae2-40b0-ab7c-ead787d254a9
296,8b802d7b-48dd-441c-8381-c98a595124d0
297,d01b9d51-ffe0-4926-8a55-646915bcc673
300,6d0494e7-bc75-412b-821f-fc01bb606bfb
302,6d307ee1-a594-42f8-ae93-5931a9ed14be
304,4ee01317-4676-4e26-8f87-ddf2e838231d
305,ee23fd7a-9fd3-445f-8272-83f14beb6cb5
306,a7661c0f-2b05-4987-b3b0-5a91763710b3
307,0bddbfcb-ee6a-4f86-854e-e6086f730491
1154,c4fbd181-e3c6-4042-89e1-8b92e89152f0
1155,51db193f-5dc9-45f4-b08f-c90d5d363eaa
1157,d26e6f42-ff89-4ae3-b92a-0a684096add7
1160,92849f58-6403-440b-bb5b-827e85fcd2e5
1161,ddaa2b2d-1384-4302-bf88-486c12ed5a40
1163,c19cd8b1-8d1a-496c-94ac-4edbee751648
1164,f013ec6c-23e0-44cf-91fd-8adcacb64b0c
1165,8301dd30-f081-4932-a8db-f2e71a6abb31
1172,c09eb75e-4a92-48d2-a9ef-a057410980fc
1173,7945988c-233b-4166-b91b-dff77fa60dd2
1174,37aabfb3-7390-4b66-aa8c-8b83244b64ea
1179,7261580c-7f8e-443b-8b40-1ca691480d3f
1180,5283bfc9-71bf-44cf-8ad9-c1910402ee4b
1181,862f14d3-aeee-4626-9d8f-c5a520801fde
1187,390c53b3-b290-4eb5-b9ea-b639768e430d
1188,d8dc5cbb-ccd9-4c85-9520-4696ecb3c72d
1190,c10b81ad-dedb-4a7d-8796-e8bc0123b92b
1191,b2cce65a-224e-428e-8b9e-4c7d96c687c1
1192,21cdb439-ce85-4cf7-b822-bb30834caff2
1194,6d41c613-0c26-4dc7-a869-44b79b255709
1195,49a6acac-790b-41a2-9c9d-1fee8a12beb9
1196,0644bed2-55c0-4006-9628-0b11dd9a2a09
1197,69af9316-44a9-4af8-aa2b-d475485a4be6
1199,e15a1281-f1e9-42ac-a82f-612a7b576384
1201,da30d9aa-ca38-4f4f-9c63-a55494eea7e8
1202,1b70a90b-3d08-453e-b935-d33a159f40fe
1203,5600fd4c-c59e-48e2-b54b-ffdc00ce7159
1204,127e7c6a-b9a5-4b1b-92b2-081ddde4b1e6
1205,20254bb9-3695-4108-95eb-1402db287bc9
1206,d4a2d2e9-c424-40e0-a60c-6c6c73174178
1207,4f55879c-5f54-45dc-9e85-ddd802273262
1208,ec147acf-d253-4e38-9620-f93599aa855f
1209,700ebb13-8e6b-47bb-add3-19f51a4fb477
1210,1c38803d-30f9-4b79-91f3-7f26524b5576
1211,d2ee1661-9421-42af-a7ff-e98e1272a97d
1212,4b183f99-2b6b-4e7b-9b24-449b2cb6aa17
1213,47f70cda-f6d4-4efc-b4b2-4f26b417b3ca
1214,2e16e336-c052-4788-bd22-36b435d10f9e
1215,e69f224d-abb9-45ee-b443-46b5dbaf3423
1219,1576f918-28e2-4029-860f-7dc63f832d53
1227,2a6f329d-7b1b-4087-8d82-2f2be9817b7c
303,e5f6c789-6729-4491-a066-3b2d3edb8db9
311,f144992e-ef54-4398-b575-4ce0b4d01a16
312,0c647c57-c523-4d1d-93b8-b4836f557555
1198,921d0fbb-9c38-4710-8eb2-2d40e35cab50
1200,8ff24920-fa33-43fb-857c-98faca100a2b
290,71757247-8c7a-4c26-bb7b-58a5687b9c8c
293,0d2fd471-7ef8-40a0-9b36-28d4fc47c94d
313,2f84ce5c-2628-40c0-9d3a-54eaabb5b0fc
1220,95822930-6d40-473d-b888-6955cd434361
1221,5cca60e4-dac7-463f-a0ab-e7d45fb915be
1222,82e10f09-91ef-4759-9ebe-283b50960f20
1223,886964bd-d8e5-40d0-b0e1-83e68fdbe855
578,4786e3eb-f543-4069-be0e-1a0e8568323b
888,9c803209-255a-4cf8-b4dd-e0373584548f
889,dc8486a4-4991-4451-af14-6d2f72333824
890,a146bfd4-698e-4953-be14-dd20772b0346
891,3f03f424-1676-4849-96d3-cba737086981
892,29c558ba-931a-46d4-9c71-58e78b157a97
893,3f258213-45f6-4319-b0c9-477625938420
894,19e255bd-df3e-4f8c-b24b-b9fe8dc7cecc
895,73fa7727-62df-4283-b86d-3e2ef31692aa
896,90d492b5-861d-42e2-aeed-1249982ca883
897,741aa3c1-554b-49d6-80a6-453815352b19
898,3e9a58c4-a928-4a1d-9751-500a5ef0ccf0
899,bd8cc039-16c9-48e6-b3d6-ede3b6c0f710
900,800833b0-a691-4aee-b923-c0ab3a370f40
901,497c7e25-4489-4701-b6c3-0083ac613e56
902,59551ff4-2a53-442f-abe0-e987f059c0fd
903,7a336d80-d43d-4d1a-a3bc-18fe0cb75a25
904,878fc1de-669c-46f5-ad02-54364f105c70
308,4cfe3520-4acf-40b5-a1d3-b5ea0608b957
310,3a1cad28-e922-4f11-9df4-799e8f3ee166
667,57873b3e-ccba-4423-a603-2985904eaa90
1118,9a86083e-4570-4890-8947-38345c27565c
1119,2bc20fb1-687e-4896-b47e-cc43c709fc55
1120,344a0b07-5837-4da9-8acc-7e8fde9a9a6d
1121,cd86e423-cba3-4d19-ab1e-d7b8a8bd9d3d
1122,f6e25a0e-56a6-4879-ae03-f2ae31b59700
1123,ac5165f8-36f2-4f3b-ba1a-789472e18d73
1124,daf5bc8b-2eba-4064-95c1-d75680c4dcf8
1125,a3282568-b8de-4ccd-a077-94804e151948
1126,f8f6c7cb-4e70-45fa-9f71-64b7aedcc247
1127,195b6a18-41d9-40ac-ae55-1c1592f2d946
1128,5111ca83-3dad-4383-8e30-4883d7a3332f
1129,cb9c80e6-ece0-40ff-8e5e-2d1305e8308b
1130,c7bb41e0-d207-4d27-afa7-840fcd9bfabf
1224,3bec6d39-7edb-4813-b068-ae79590d3212
1225,707a2710-9177-44fb-9d28-cd6c76bd401e
1226,a1266b82-21b7-4bed-aade-b93481896996
