a1_after_insert,old,new,note
A1,,=column(),index row (matches B1:AX1)
A2,,UUID,header
A3,,d5db53cf-429c-4124-9faa-fe5f40b36f9a,row_id=547 name=Energos Freeze
A4,,d53154b1-fe56-4d89-b28f-5cae9e63aa29,row_id=760 name=LNG Aquarius
A5,,f1b89f8f-6c48-42eb-a0b9-d9cc9ba3648f,row_id=928 name=Nusantara Regas Satu
A6,,c5b25b12-5884-4f6e-ac24-eaae33c26e09,row_id=415 name=Bering Energy
A7,,115b9e3d-6d14-4c2d-ba43-93376758ebfb,row_id=663 name=Gulf Energy
A8,,a03b43ee-43e2-43be-8ce0-45f0dde27ac3,row_id=1077 name=Tenaga Empat
A9,,c8a5200e-9864-45a2-a696-559e7493d085,row_id=1078 name=Tenaga Satu
A10,,aca11520-5433-449e-8180-2bb5dc5e3aab,row_id=397 name=Armada LNG Mediterrana
A11,,a88b80ec-7598-4f06-82df-6f4b0427b6b6,row_id=721 name=LNGT Antarctica
A12,,e69b4bd6-77bb-4b64-a4a9-4ba48fe2c941,row_id=789 name=LNG Maleo
A13,,d4432225-a413-4d5f-ac8f-553ae55a1379,row_id=538 name=Ekaputra 1
A14,,d6762d1c-a260-4674-97bf-4e0d555449aa,row_id=722 name=Karmol LNGT Powership Asia
A15,,ac1296ea-9c6d-437b-92a3-5edf4de85a7a,row_id=1081 name=Torman II
A16,,79e598bd-e908-4192-bbea-db2858f4f4c8,row_id=347 name=Al Khaznah
A17,,3bbd5743-3ba0-413e-98c4-b6dd7bc2b4ed,row_id=697 name=Hyundai Utopia
A18,,0c7bc5af-a547-44e4-b7b3-09e8f9263fa8,row_id=720 name=Karmol LNGT Powership Africa
A19,,b629e47b-f003-4b7e-810c-be7b584924f3,row_id=723 name=Karmol LNGT Powership Europe
A20,,8fc2eaee-ee29-49c0-932c-6187abfb1240,row_id=811 name=KLNGTP Americas
A21,,0c32829c-b9ce-4501-9e7b-d6cff33404a8,row_id=971 name=American Energy
A22,,e6eff038-d5f3-466a-b541-b0eb7215c77a,row_id=1034 name=Shahamah
A23,,5f69ce88-d333-4a16-b19c-b2b681556a33,row_id=642 name=Ghasha
A24,,408a3bc5-8ca8-4a10-a52a-4cdc1d8a0d14,row_id=706 name=Ish
A25,,d5801252-b994-471d-a832-c74a38a7d949,row_id=968 name=Puteri Delima
A26,,c0ac6f78-c1ad-4b5a-a39f-3e10568db864,row_id=974 name=Puteri Nilam
A27,,f1cb7a60-a610-4397-8a60-fe3d8317bb30,row_id=348 name=Al Khor
A28,,4ddc6e86-c8a2-46b6-aa5b-d702c9da921d,row_id=370 name=Al Zubarah
A29,,e5dffc7e-7259-40f3-9e2e-604e3383d9f6,row_id=726 name=KLNGTP Black Sea
A30,,4f4e6edc-9492-4780-96f0-c572d6e28289,row_id=905 name=Mraweh
A31,,298ab652-e26b-4465-b427-a4a037108678,row_id=907 name=Mubaraz
A32,,be3f528d-e1cb-4d2b-b76e-314b1afb2451,row_id=979 name=Puteri Zamrud
A33,,ff5bef68-79a6-479e-ba16-c1d9dea410b9,row_id=339 name=Al Hamra
A34,,8d25b9c7-d45e-4163-aedb-2a442bf55b34,row_id=356 name=Al Rayyan
A35,,c46db1d3-69fa-4e0c-b595-78a957981143,row_id=368 name=Al Wajbah
A36,,fe1c7778-913b-4a0c-86be-fa27a289ae71,row_id=1088 name=Umm Al Ashtan
A37,,1713a9d8-0807-4bac-afc3-beec68a9a055,row_id=369 name=Al Wakrah
A38,,2f967f11-e7a5-472c-8f86-063084247772,row_id=427 name=Broog
A39,,f976925d-fd85-4e53-91ff-5bb44b5ac8dc,row_id=727 name=KLNGTP Marmara
A40,,58b2202d-0a19-483d-b2d8-4cee8d93979e,row_id=1142 name=Zekreet
A41,,cfcf082a-a3df-4210-a336-230b5392c679,row_id=329 name=Al Bidda
A42,,342424af-75c5-4602-a15a-c5686d523058,row_id=531 name=Doha
A43,,ae7cae8d-e5e8-4dc9-bda7-5dffc8e05919,row_id=673 name=HL Muscat
A44,,0b98f1c7-ea21-4bf8-b3cf-c840b7e7ca86,row_id=696 name=Hyundai Technopia
A45,,c2908dd5-6314-4f6b-a28b-bbf560779d98,row_id=341 name=Al Jasra
A46,,9750a05e-d0ce-4916-be48-fdb8f7bda7b8,row_id=675 name=HL Ras Laffan
A47,,5dab1c1b-c544-40e5-b77d-7479ff84a092,row_id=677 name=HL Sur
A48,,ffc06f8d-7b6e-4d07-8513-abe41e352241,row_id=688 name=Hyundai Aquapia
A49,,59a2bcde-efe7-4b76-9159-44ba1be03e72,row_id=689 name=Hyundai Cosmopia
A50,,b626c867-dabf-4c0a-9ba5-ebaef32aebe0,row_id=693 name=Hyundai Oceanpia
A51,,e5de0521-172a-4ff9-b0ea-fb33d2040085,row_id=715 name=K. Acacia
A52,,0cbcf7c1-a7d7-4efb-8c59-5e60489ddf81,row_id=716 name=K. Freesia
A53,,3967e441-2760-40d4-b02e-b29450c5f8d5,row_id=744 name=Lady Eva
A54,,0c9980c2-76ca-48f6-b226-b5c00a91e57c,row_id=780 name=LNG Jamal
A55,,532c9b7e-72d5-4709-a39d-a2b9e20483ef,row_id=1053 name=Sohar LNG
A56,,3c5fa2b8-59b6-4358-b748-456a52d264af,row_id=451 name=BW Tatiana
A57,,d53f6203-3f1d-4349-9d80-901d157eaab6,row_id=535 name=Arctic Vostok
A58,,4db5e238-9746-4eeb-8b76-acdc443e8fcb,row_id=581 name=Etyfa Prometheas
A59,,2a1137d5-9fe8-42c2-b072-2c7b7fb3a7a5,row_id=582 name=Excalibur
A60,,e8edc712-e8f4-4eba-98c1-f370fc7bca3d,row_id=806 name=LNG Sokoto
A61,,0c8568c9-304b-4164-8942-70eedb196ff9,row_id=969 name=Puteri Delima Satu
A62,,8cf2979f-584a-4e56-a8a7-3ff6353f64a9,row_id=1004 name=Gas Polaris
A63,,bc2b7e02-78cd-49dd-8b36-b4bda01548fe,row_id=1082 name=Trader II
A64,,16d85cc7-dc5e-4af5-968a-dd46fc515241,row_id=1083 name=Trader III
A65,,a2932dd1-6192-4665-b759-f11351693f0d,row_id=1136 name=Xinhang Energy
A66,,42df3369-5209-4663-b386-fd8ff48bfeb6,row_id=433 name=BW Boston
A67,,d59b706f-af7b-47f1-8355-0dbd64488b9b,row_id=458 name=Castillo De Villalba
A68,,f23f71bf-8405-4425-876f-3ec33a045263,row_id=554 name=Energos Princess
A69,,ecef3c72-39cc-49b4-aef5-cbee5590aee5,row_id=562 name=Arunika Jaya
A70,,9f5f5793-f18e-447b-8ca5-d4525b7c376d,row_id=648 name=SC Serenity
A71,,072cc208-fb13-4520-8459-82b0836f5859,row_id=762 name=LNG Bayelsa
A72,,7f95c038-5c25-4c2b-9449-f851648b915e,row_id=863 name=Merchant
A73,,25f289d6-28c8-47e8-8474-53f9d490857d,row_id=866 name=Arctic Metagaz
A74,,1c4e1984-a426-4d13-8b47-b897813b8af8,row_id=946 name=Pacific Notus
A75,,3b18030f-ca57-40b4-8a5a-37dc128f322b,row_id=960 name=Portovyy
A76,,739d82c0-b2b5-4669-ad45-e7c9bfb7e341,row_id=975 name=Puteri Nilam Satu
A77,,b99131f4-ea1a-4f3f-bbb2-f069ab5e8297,row_id=1000 name=Seapeak Catalunya
A78,,ad18c9d9-d3aa-462e-857f-58e5fc465a26,row_id=1040 name=Singapore Energy
A79,,a563ae89-10d9-4326-ad33-ba56615f4b20,row_id=1046 name=SK Sunrise
A80,,0c440c6c-9448-4894-a15e-a6eca1c5ef10,row_id=414 name=Berge Arzew
A81,,2c37ff0e-35c4-4966-b7c5-0cd946d88960,row_id=416 name=Bilbao Knutsen
A82,,089ee2d1-0497-4456-b6c4-df36b39d7284,row_id=453 name=Cadiz Knutsen
A83,,af1ac03c-5a06-431c-a19b-33168050de0e,row_id=530 name=Disha
A84,,861f5ea6-637c-4d4a-95d7-cdf608c38d6f,row_id=534 name=Dukhan
A85,,35aa184f-8b5a-4d9d-85e1-08f29fceeb62,row_id=555 name=Energos Winter
A86,,75d91f9a-06fc-4d6e-9134-f9b4ace96019,row_id=609 name=FSRU Toscana
A87,,8c8493a7-6532-483b-ba43-554a9f66f373,row_id=610 name=Fuwairit
A88,,6da2cfdf-1767-4ad1-9bf6-fa2ffbf46799,row_id=686 name=Hongkong Energy
A89,,20011e70-d4c7-46a1-a294-abffbe872077,row_id=748 name=Lalla Fatma N'soumer
A90,,7fc845cd-55dd-441a-8e1f-e7ff017e6c78,row_id=758 name=LNG Akwa Ibom
A91,,a035963e-b77d-4db8-81dd-19ae6659bdff,row_id=801 name=Gas Garuda
A92,,31cbd777-cdf3-43c2-8fba-33aa3fac5c2e,row_id=877 name=Milaha Ras Laffan
A93,,ed8d1174-1186-43e4-97b5-127bba0b7678,row_id=963 name=Prima Concord
A94,,03f5d735-d4d8-492c-8ae1-d80407195718,row_id=970 name=Puteri Firus Satu
A95,,cb1ac1f4-f521-4fbe-9909-b20c662bc7cc,row_id=980 name=Puteri Zamrud Satu
A96,,f07511fb-145d-4304-afe9-cf77bf952422,row_id=983 name=Raahi
A97,,b2e87d25-250c-4c4f-8b6e-f12a1a48065d,row_id=1002 name=Seapeak Galicia
A98,,385c7106-ec5b-4c1e-9f64-e1d9a6e58117,row_id=1005 name=Seapeak Madrid
A99,,14bfe55f-3ba4-4113-b3de-73645792923f,row_id=1035 name=Shandong Juniper
A100,,af0b1093-e75b-4761-b311-b0bb1c35c2ba,row_id=332 name=Al Deebel
A101,,f1516101-cf01-4ef1-bcc4-c0f59d609381,row_id=365 name=Al Thakhira
A102,,59141f75-e534-458d-aaa1-3586909155e1,row_id=548 name=Energos Grand
A103,,efeda45a-6f15-46b0-bb76-ff53d61487ad,row_id=556 name=Energy Advance
A104,,d5e7a4bd-976f-40df-83c1-54e059f8062c,row_id=584 name=Excellence
A105,,15bc4e4c-130c-425c-8c15-bd1fe031ce98,row_id=585 name=Excelsior
A106,,11c36a7e-7566-45a6-80f6-56c8c8b9a0c0,row_id=756 name=LNG Adamawa
A107,,1666e812-152b-41cb-a74e-ebdaef5208c4,row_id=766 name=LNG Croatia
A108,,d3a3884d-1bb5-4266-9e7a-2cbe8eee1322,row_id=767 name=LNG Cross River
A109,,f85d6374-14d3-4477-97ff-37419499d716,row_id=774 name=LNG Enugu
A110,,084ab49e-64d1-4aec-9170-2db18e1d12f6,row_id=795 name=LNG Oyo
A111,,f8a45195-2706-4e4f-bafc-14b65f87c72b,row_id=813 name=Lusail
A112,,ae26d150-d641-4630-a10f-81f2e484115d,row_id=825 name=Maran Gas Asclepius
A113,,c82ad84c-93ec-4532-9658-d3d22388ccb5,row_id=921 name=Nizwa LNG
A114,,cafc5599-dc0f-4b9d-96e2-5d15a550d2c3,row_id=958 name=Arctic Pioneer
A115,,6ac3d550-3979-44ff-baa9-901a38621974,row_id=973 name=Puteri Mutiara Satu
A116,,e2ea5e11-d8ec-47c3-abc9-39aa76f0f05e,row_id=991 name=Salalah LNG
A117,,e020b9a5-2be6-4b46-beeb-bf34024c14cd,row_id=1014 name=Seri Alam
A118,,1ab68be2-d662-40c5-bf66-f6d838b5559b,row_id=1089 name=Umm Bab
A119,,bcc16102-1244-4cb6-a488-00bb9c82763f,row_id=351 name=Al Marrouna
A120,,de982dcb-b774-4b80-a773-0c82b3a816e0,row_id=389 name=Arctic Discoverer
A121,,49ed115d-45ec-4162-adca-38f99e9a4561,row_id=390 name=Arctic Lady
A122,,12bd359b-e112-4044-a009-b494a435dedd,row_id=391 name=Arctic Princess
A123,,c4256300-c229-4bcc-acf3-a647dcbabb71,row_id=392 name=Arctic Voyager
A124,,e485165c-cd1e-44da-a190-15202b6b0fa0,row_id=459 name=LNG Scorpio
A125,,9a40f02d-2665-4db0-907b-3119b5443145,row_id=550 name=Energos Maria
A126,,22dad25f-1bbb-4819-80d2-bc0cdce5ab4c,row_id=571 name=Energy Progress
A127,,464c63f2-0e4a-4457-b157-33523134e94a,row_id=572 name=Energy Spirit
A128,,ce81e2b4-cb6e-4668-9975-78e80afe3883,row_id=698 name=Iberica Knutsen
A129,,b8a31326-c652-4d16-af75-0722552f6bda,row_id=699 name=Ibra LNG
A130,,e414e352-36b6-41e7-8a71-457023dc55fd,row_id=700 name=Ibri LNG
A131,,f3098ebe-bccf-406b-8029-4e5341b9fa2a,row_id=719 name=Karadeniz LNGT Powership Anatolia
A132,,a8464e3d-da14-47bc-b0cc-cae74746978b,row_id=763 name=LNG Benue
A133,,0d2dcc88-c549-4d40-8b1e-a0bbd0f8bbb0,row_id=768 name=LNG Dream
A134,,0d3f8f7f-8820-4af8-b517-e14e7a563556,row_id=788 name=LNG Lokoja
A135,,9901299d-b90e-4186-b547-d0c2a16440d3,row_id=800 name=LNG River Niger
A136,,d77ed022-1463-4ea4-8a02-37b0a3b67055,row_id=870 name=Methane Jane Elizabeth
A137,,0ff09fab-c2f3-427d-bfdb-f919ed4d3743,row_id=875 name=Methane Rita Andrea
A138,,c2aa5cef-febf-4e30-99c6-5ef416f77641,row_id=876 name=Milaha Qatar
A139,,9114b464-dddd-45a7-b211-975da6d10479,row_id=962 name=Prima Carrier
A140,,d8df4468-920a-4cf2-85f1-90c2cadb8d3c,row_id=1015 name=Seri Amanah
A141,,21c29e0e-4697-4856-95f7-ac145c56c2cf,row_id=1016 name=Seri Anggun
A142,,56c4eb0b-d36a-47e4-a85e-44158edef638,row_id=1017 name=Seri Angkasa
A143,,bc200eb3-6297-48d3-8a9d-41f0f4fdf4f7,row_id=1039 name=Simaisma
A144,,89d98625-79fd-4323-b017-feba8cc5d193,row_id=1062 name=Blue Dragon I
A145,,1e6b56e3-4dd6-4553-a1f6-e137f3929394,row_id=1063 name=Summit LNG
A146,,33e3d297-a54e-43fb-9da9-a238386bfe04,row_id=327 name=Al Areesh
A147,,90afc77f-3546-475a-a0f0-e2348b3cde3c,row_id=330 name=Al Daayen
A148,,ef3c3870-f251-4f0a-b5cb-26ab5d522398,row_id=333 name=Al Gattara
A149,,3fec4986-3588-49dc-90f1-4fabc0de252f,row_id=342 name=Al Jassasiya
A150,,6313ff98-2892-40bb-a480-b4214b3cc7bd,row_id=358 name=Al Ruwais
A151,,be5c64c4-86a2-4d21-814c-998b26a1f90c,row_id=360 name=Al Safliya
A152,,746d0a47-0487-4560-875e-f7904fee10e0,row_id=474 name=Cheikh El Mokrani
A153,,35883e3d-0f3b-40fd-84ce-1b45e8cafbf9,row_id=480 name=Clean Energy
A154,,4ab5b17a-8314-477a-9396-67c7d1b08595,row_id=497 name=Cool Rider
A155,,7ad832b2-76a7-4185-88b1-e2432734089e,row_id=537 name=Ejnan
A156,,2f02ba61-f131-45a3-bdca-c8ae00790160,row_id=650 name=Golden Isaia
A157,,7b869216-8d87-45e9-b66b-8d566855167e,row_id=652 name=Grace Acacia
A158,,d10abc2f-ebf5-46ab-a1a1-ceaa6d506aab,row_id=653 name=Grace Barleria
A159,,db16c24d-464a-4495-a476-0c6bc4dff68c,row_id=659 name=Grand Elena
A160,,9e23dfef-1fed-446f-bbbd-e4fb184c033b,row_id=759 name=LNG Alliance
A161,,fe1d44a6-da16-4356-b551-a25408ecd5c6,row_id=765 name=LNG Borno
A162,,82536d3e-c2ee-4b49-b5fb-853ca06aad24,row_id=785 name=LNG Kano
A163,,9c8388a0-0e30-44dc-88c1-09368534d987,row_id=793 name=LNG Ogun
A164,,adf1a801-fe18-4402-b446-e5bd9db14574,row_id=794 name=LNG Ondo
A165,,f18c4e84-f323-4306-9e95-a476fd0c0a76,row_id=827 name=Maran Gas Coronis
A166,,f4900cde-dc76-43b7-a080-34044467c421,row_id=867 name=Methane Alison Victoria
A167,,3ca6d5af-6bcc-42d8-aa9d-535fc7ccba6a,row_id=869 name=Shandong Redwood
A168,,8d995b65-ecd9-4e3b-b675-5a56f81104af,row_id=873 name=Methane Nile Eagle
A169,,032bb439-ce98-4207-b40a-cc5711ce2e96,row_id=912 name=Neo Energy
A170,,68e675ae-4147-4f55-ad19-3a4909832c4b,row_id=929 name=Ob River
A171,,41650ea6-f734-445e-b862-eec2baf2098a,row_id=1018 name=Seri Ayu
A172,,0afb1ce9-a119-42c0-84ed-26d230f953a0,row_id=1019 name=Seri Bakti
A173,,e2afb9b3-5649-4525-a139-4fe43bf382df,row_id=1022 name=Seri Begawan
A174,,14e0f35a-6e2b-437f-8315-b8b09febe296,row_id=1031 name=Sestao Knutsen
A175,,27e5a4a2-c572-4a8c-966d-2bc0d2138e88,row_id=1064 name=Symphonic Breeze
A176,,12f8f483-a2d4-4cc1-87d3-9e7110a7f353,row_id=1076 name=Tembek
A177,,65522b31-c589-4c3b-955c-c1e1ad074696,row_id=326 name=Al Aamriya
A178,,3304d1c2-2d43-430b-9229-82edf6351ff5,row_id=334 name=Al Ghariya
A179,,f9e65df6-0d39-47af-9143-dc3e87f051a1,row_id=335 name=Al Gharrafa
A180,,ec46fd6e-4df4-49ef-97f4-562962e0db71,row_id=337 name=Al Ghuwairiya
A181,,efa7158f-237c-4fc1-895d-d4ec867e3f34,row_id=338 name=Al Hamla
A182,,bb2f62f0-0995-40bd-9c35-d525f42801f4,row_id=340 name=Al Huwaila
A183,,3f2f8ccc-7253-479f-85d0-aff1380f86df,row_id=345 name=Al Kharsaah
A184,,c0474b70-8356-4474-a1b9-9a3379b02d92,row_id=349 name=Al Khuwair
A185,,baa00cfc-f7ef-411f-a8b1-2eeecabc11a5,row_id=354 name=Al Oraiq
A186,,61579aa6-c646-4941-a314-9bf1638f4eae,row_id=361 name=Al Sahla
A187,,6e826002-71cf-4cda-b619-53990b80b6c2,row_id=363 name=Al Shamal
A188,,01559395-afe0-4413-95fb-2b4d02b52a15,row_id=366 name=Al Thumama
A189,,8cad9bd8-15f9-4469-85fb-82a1966dd2bb,row_id=367 name=Al Utouriya
A190,,b52b8dae-ab08-4dde-85d9-d8f12b024c08,row_id=377 name=LNGT Karadeniz
A191,,6e43980b-76ce-48b5-b9b8-5db23ad2a39e,row_id=383 name=Amur River
A192,,51185b4b-cad8-48d9-8d4d-9618014206e6,row_id=398 name=Arrow Spirit
A193,,74679d93-c1f0-4a54-b513-64e8e738c97b,row_id=429 name=Bu Samra
A194,,5c3e419d-fd90-45a4-9105-6ca7bb90829e,row_id=473 name=Cheikh Bouamama
A195,,85855f97-574f-4dbc-aa97-aaad841194ab,row_id=496 name=Cool Ranger
A196,,3bfd4acd-bf32-4ab2-9adc-b42fd922362f,row_id=498 name=Cool Rover
A197,,25009390-eddd-4304-80f5-9f46884d7f19,row_id=520 name=Dapeng Moon
A198,,d15a8436-6b60-433b-87bb-02e2bd7a7a1b,row_id=523 name=Dapeng Sun
A199,,c45a0a3a-2c9d-4ad4-8e96-0e966e2ff01f,row_id=533 name=Duhail
A200,,bacf77e3-b36d-45bc-977e-9ad573ab4959,row_id=569 name=Energy Navigator
A201,,c1cfadf1-83d4-4ff3-8d4d-4121b9f8d91f,row_id=589 name=Explorer
A202,,c065064c-8030-4fd1-b6b4-1b1427e9d2c5,row_id=608 name=Fraiha
A203,,26945077-0a76-4b59-9342-fe6e0edff888,row_id=654 name=Grace Cosmos
A204,,ff714f8d-4622-4332-b264-a1163423016c,row_id=658 name=Grand Aniva
A205,,5c7512f5-35e4-4061-9ca4-5dd64030e096,row_id=660 name=Grand Mereya
A206,,49b380de-313e-4650-8945-a434cfe13f97,row_id=690 name=Hyundai Ecopia
A207,,c1e3f0f7-bbe7-4bb4-a2b9-3029f6afadd8,row_id=717 name=K. Jasmine
A208,,00cc62b4-eedc-47f0-8a6a-f9eb2f8f6864,row_id=718 name=K. Mugungwha
A209,,d4b506db-2133-47f2-b925-7abd67562b41,row_id=728 name=Kmarin Diamond
A210,,933c3018-2d10-48b8-8db4-d79764c43854,row_id=761 name=LNG Barka
A211,,4be204f9-a1f2-4b94-a7dc-69a53c88cf36,row_id=770 name=LNG Ebisu
A212,,d6631371-d8cb-47b4-ae50-f5dc0807ad2d,row_id=779 name=LNG Imo
A213,,0494e8e1-944d-4130-bb38-9349989b5821,row_id=786 name=LNG Kolt
A214,,e67912a2-f271-465d-b4ee-2ac8d59f555c,row_id=887 name=Mozah
A215,,4addc001-5ec4-4d8f-a9cf-8010a1208373,row_id=910 name=Murwab
A216,,62d90985-f032-4a33-aeab-80aa7613d8dd,row_id=998 name=Seapeak Arwa
A217,,6f539ccc-75eb-4bf2-bbb2-950085755cb4,row_id=1007 name=Seapeak Marib
A218,,399b1d44-d3b2-419c-9e79-16ada63cdbd9,row_id=1009 name=Seapeak Methane
A219,,6300c4dc-7f6e-4f4b-9c6a-58de7c12994b,row_id=1023 name=Seri Bijaksana
A220,,f2deacd5-d4aa-4c2c-b568-fd2fe913a01a,row_id=1069 name=Tangguh Batur
A221,,3bfaf1b1-ecb2-470c-8492-354c9dfcbc12,row_id=1070 name=Tangguh Foja
A222,,760ecce9-0c5e-4ddd-be3e-2de7ac5c13ff,row_id=1071 name=Tangguh Hiri
A223,,8fcae204-c3e1-41f0-a6f1-3be1debfed01,row_id=1072 name=Tangguh Jaya
A224,,68aeeab5-f1c1-4443-8f0c-cf1158d35bf1,row_id=1075 name=Tangguh Towuti
A225,,09070ad2-4b4c-4d32-a440-7a7b65251b7c,row_id=1087 name=Umm Al Amad
A226,,23b8e0b5-c113-4fb2-8808-5f9511addef6,row_id=1090 name=Umm Slal
A227,,bf058dd9-b7fb-4165-bb29-891f5ec75213,row_id=331 name=Al Dafna
A228,,283af376-686d-4284-9f7b-e03878c8556f,row_id=336 name=Al Ghashamiya
A229,,9a737986-dc50-4741-a72f-b37ea8d3471a,row_id=343 name=Al Karaana
A230,,2b5566d9-7013-4b85-a3ef-a0f4898c671a,row_id=344 name=Al Kharaitiyat
A231,,d3efc92f-06a1-463f-a001-2cb39a5fab92,row_id=346 name=Al Khattiya
A232,,b5846d79-ca56-406c-9a36-dff68c60337d,row_id=350 name=Al Mafyar
A233,,306e266c-5795-4520-8e39-bf5556aacb1a,row_id=352 name=Al Mayeda
A234,,1d5f9ca6-878b-454a-9d1c-6b6700798b68,row_id=353 name=Al Nuaman
A235,,764f5d77-7215-420d-b2a9-995e2412f4e2,row_id=357 name=Al Rekayyat
A236,,aeb87ba9-9a74-4d08-8d61-9a80d7f27730,row_id=359 name=Al Sadd
A237,,024270c5-958d-4b93-9720-bbe814a24043,row_id=362 name=Al Samriya
A238,,45ae6569-de4c-4e8a-9989-59ab4e88639c,row_id=364 name=Al Sheehaniya
A239,,115f7d8b-dbf9-4c18-b149-c91311adb223,row_id=399 name=Aseem
A240,,2a6a489e-061f-47b5-bde0-ecc7b08a114d,row_id=411 name=Barcelona Knutsen
A241,,e0f57979-2716-4d45-8a4b-f1ca96819341,row_id=431 name=BW Batangas
A242,,b9175301-d860-47e2-8eb2-16dad1f6d7e3,row_id=434 name=BW Brussels
A243,,73974faf-8a14-4d07-b9cd-296c51a2a5be,row_id=506 name=Cygnus Passage
A244,,c4dacf1d-a640-4ab8-a110-2093b3910381,row_id=522 name=Dapeng Star
A245,,a811b772-7070-41c4-bb9b-07ae76c6dd4f,row_id=558 name=Energy Confidence
A246,,5d96183f-ba2f-4fd6-ae7a-a4bc573d2428,row_id=590 name=Express
A247,,e620b467-adc9-4896-9dd5-d002c13ef6ae,row_id=591 name=Exquisite
A248,,44b317e2-12ca-46e2-92a2-ae6b2a98cf0f,row_id=753 name=Lijmiliya
A249,,042b4a1f-a975-4a70-84dc-920c6a7c6e16,row_id=783 name=LNG Jupiter
A250,,4530a767-a6df-435e-9f61-e924ee36ca73,row_id=862 name=Mekaines
A251,,2b574f43-f1d4-4236-9c57-f00b2f1f633e,row_id=865 name=Mesaimeer
A252,,50c550f3-cb84-446d-b87b-b370550bc8ef,row_id=878 name=Min Lu
A253,,a619b68e-f9c9-4268-bc3d-669519881608,row_id=879 name=Min Rong
A254,,7bf2e457-c297-4be5-9fd0-a4bdc0fa0dd2,row_id=913 name=Neptune
A255,,b4f96402-868d-4d4c-8429-dd2c912fc265,row_id=931 name=Onaiza
A256,,c6a12854-9fc8-443c-9297-310053dc440e,row_id=944 name=Pacific Enlighten
A257,,e122e5a2-9ab6-4e45-bac9-fcd12f924da6,row_id=1006 name=Seapeak Magellan
A258,,0c2346f1-b1c3-48f3-b02a-1922a2e98851,row_id=1020 name=Seri Balhaf
A259,,2364c7ae-3a71-42bb-b7c0-a00bac121e0c,row_id=1021 name=Seri Balqis
A260,,e79b6977-2787-4d15-9ed0-ad2d3bc55590,row_id=1033 name=Shagra
A261,,f77c402d-32d8-4cd7-9045-d4d83036dcaa,row_id=1061 name=Spirit Of Hela
A262,,d643e547-6f81-4578-b0fd-7d7452520541,row_id=1065 name=Taitar No. 1
A263,,d8b3f0fb-8e5f-48c9-827d-797673763a60,row_id=1066 name=Taitar No. 2
A264,,dd3b839c-c7c3-4df4-ac5a-10c87c407ace,row_id=1073 name=Tangguh Palung
A265,,8647cbaa-1bd8-41b3-a4db-e39398096165,row_id=1074 name=Tangguh Sago
A266,,f9c28d06-5a4a-4e5c-a510-d497a3a3b1cf,row_id=1085 name=Trinity Glory
A267,,8dbf0f65-24f4-47bf-a2c5-db54ec86ebfd,row_id=1114 name=Woodside Donaldson
A268,,0a4d1c2f-a110-4e2b-8d9c-f9d8c8b48848,row_id=320 name=Aamira
A269,,33f54949-9b91-4f1b-9f74-6c4e48c4d6f4,row_id=328 name=Al Bahiya
A270,,8edda802-03af-408b-ac9e-534bc4ae289c,row_id=374 name=Alexandroupolis
A271,,ab309563-c438-4516-b694-7d3c90c8153a,row_id=454 name=Cape Ann
A272,,3c981112-4732-4f3f-a244-be9404db6a74,row_id=457 name=Castillo De Santisteban
A273,,69118a22-877a-42a3-bbf9-8d60b6002e2d,row_id=586 name=Exemplar
A274,,2da58d38-9525-49a6-9db5-644b3958089c,row_id=587 name=Expedient
A275,,b916045e-cb35-462a-b795-d0b6fb18a41b,row_id=627 name=GasLog Savannah
A276,,bc6e3136-6378-4218-b933-9bdddc728868,row_id=630 name=GasLog Singapore
A277,,c099681f-ce68-4d81-b9b0-b0951915431e,row_id=643 name=Gigira Laitebo
A278,,175e48d1-a7f6-46a4-973e-ff1e0dc1788f,row_id=868 name=Methane Becki Anne
A279,,03b81211-1471-4ca5-97cf-713a76d4ba9d,row_id=871 name=Methane Julia Louise
A280,,0c2f6836-238d-4088-8344-d751eb13092f,row_id=872 name=Methane Mickie Harper
A281,,dbc4a443-a2f9-4f36-bf81-3b622c23a888,row_id=874 name=Methane Patricia Camila
A282,,2d68bd37-c8d7-41b3-a35a-e89dedb97aa9,row_id=959 name=Point Fortin
A283,,597625fd-3815-4466-a4cd-b4c99e930407,row_id=984 name=Rasheeda
A284,,2a254152-4e3c-49d9-a683-4defd935fe56,row_id=987 name=Ribera Duero Knutsen
A285,,ca72821b-87a9-48fa-8932-5f8e5e34bc5f,row_id=1008 name=Seapeak Meridian
A286,,2b42bca8-ea40-4d97-a4a2-652a5892fe3a,row_id=1032 name=Sevilla Knutsen
A287,,74f61014-2c1d-4cc4-9db1-4ae9b8eb9653,row_id=1067 name=Taitar No. 3
A288,,b37ae3f3-6ba6-4680-8d9b-38368e9887f7,row_id=1068 name=Taitar No. 4
A289,,1497d75d-55b6-4ca6-920c-c9d9bdc69077,row_id=1093 name=Valencia Knutsen
A290,,fc005377-b0df-4f31-8e7b-f698982ed7b2,row_id=1141 name=Zarga
A291,,b94fb2e4-2618-4c36-b43f-97de12f22d88,row_id=379 name=Amali
A292,,45bd11cc-882e-4f19-92d0-c5d8dc78e628,row_id=396 name=Arkat
A293,,1f31aa3e-dea7-40d5-94ab-76efd7c518ed,row_id=436 name=BW Clear Sky
A294,,4782465b-e3c4-4291-9d79-c8c20cf9fe33,row_id=437 name=BW ENN Crystal Sky
A295,,08c935ed-af3d-4217-9087-0710823fc2cd,row_id=564 name=Energy Horizon
A296,,7193a90f-17d1-406f-877b-df689e09e580,row_id=812 name=Lobito
A297,,593e0545-3bdf-4b9e-b8b3-00ee120cf1bd,row_id=817 name=Malanje
A298,,2164c3c5-b885-4a41-97a7-dbdd46c19e8b,row_id=1056 name=Sonangol Benguela
A299,,e5d746bf-b91f-4284-a051-1e2c6d837a18,row_id=1057 name=Sonangol Etosha
A300,,7474af97-d53e-4f49-9c16-339d97a9ba3e,row_id=1058 name=Sonangol Sambizanga
A301,,cc39c3cd-0436-45df-bd7c-ff609e1e9531,row_id=1060 name=Soyo
A302,,b7de63a5-9d2f-4cc4-9e13-6272ce1ea386,row_id=505 name=Cubal
A303,,7a735b60-1d9f-4f6b-a83e-8164146d332a,row_id=1037 name=Shen Hai
A304,,ee308a70-45f2-4d9b-9a96-13e52354f3b4,row_id=388 name=Arctic Aurora
A305,,a0bed775-57a9-416a-9c9d-b36c33afeb5a,row_id=500 name=Cool Voyager
A306,,a93992d1-b064-4fb9-8169-a6a71ea67229,row_id=544 name=Energos Celsius
A307,,ca7a425e-7d60-4fe4-ac42-327d21131d76,row_id=625 name=GasLog Santiago
A308,,869ba390-5c93-4fb5-9cc9-f63e20bda610,row_id=628 name=GasLog Seattle
A309,,8d238849-d5a0-4f33-982e-b77d14c73bb4,row_id=629 name=GasLog Shanghai
A310,,89be8e73-8a29-420a-a50f-0cdd7dc88abb,row_id=631 name=GasLog Skagen
A311,,399c2d0c-74dd-47e4-a84c-efcc7407b709,row_id=632 name=GasLog Sydney
A312,,f899fa69-40cd-400b-9f0e-73bbfe0808b4,row_id=655 name=Grace Dahlia
A313,,c0f3d4f6-3833-478f-97f6-70cd3403123d,row_id=682 name=Hoegh Gandria
A314,,e61bcdba-82be-4ee1-8ac8-97a7f0b22d3b,row_id=751 name=Lena River
A315,,50d8050e-f810-485f-8eb9-72e2fc057ce6,row_id=1109 name=Wilforce
A316,,f11d9269-4dc3-48d0-be52-35f6d6cc749e,row_id=1110 name=Wilpride
A317,,a674579b-599e-4e82-a6e1-2566436a1e91,row_id=1131 name=Woodside Goode
A318,,cae06a90-e28c-499a-bc08-61975fa43379,row_id=1134 name=Woodside Rogers
A319,,8181b7ee-6927-4655-b871-70813917e7dc,row_id=1139 name=Yenisei River
A320,,75c6a192-f466-4b5b-b893-94d91d590544,row_id=321 name=Adam LNG
A321,,6f35478e-b592-4944-9902-ea08ccef08ac,row_id=380 name=Amani
A322,,1a21d476-0ad8-48c2-8877-05722b73acc8,row_id=401 name=Asia Energy
A323,,0a50fbd8-fc14-4881-b15e-38076229eddc,row_id=405 name=Asia Vision
A324,,1abecb0e-5f5f-4580-bda0-8f6bcd18d0c6,row_id=484 name=Clean Ocean
A325,,ff2a5b9d-25ee-4212-b5d3-2d54f752f708,row_id=485 name=Clean Planet
A326,,33283c2a-5c90-44a1-a318-727559863084,row_id=499 name=Cool Runner
A327,,2ae97a6c-c004-4e3a-a7d3-acaf47aa2587,row_id=504 name=Corcovado LNG
A328,,15158ac8-521e-4b42-a347-0552d0f92dc9,row_id=545 name=Energos Eskimo
A329,,93060f9b-5cae-4093-93a0-54202647aa1a,row_id=549 name=Energos Igloo
A330,,f4baf847-6a04-4e77-a987-cb7afbb47786,row_id=552 name=Energos Penguin
A331,,46a614f2-3a8b-4d07-9b6f-f982a6fa7d4b,row_id=580 name=Esshu Maru
A332,,35df2bdc-4b3d-4198-a5db-779983ce05e1,row_id=588 name=Experience
A333,,b2069778-9e0b-4af7-b298-3874b571f825,row_id=626 name=GasLog Saratoga
A334,,2317a589-df8a-4fdd-9a94-377db28c649f,row_id=680 name=Hoegh Gallant
A335,,4a161785-f2d6-40ee-823e-5dbfa24d5224,row_id=704 name=Independence
A336,,9713df97-3370-461d-a70f-d60982653525,row_id=725 name=Kita LNG
A337,,3f5aad1e-1a89-416e-a357-c14a4c28b7b0,row_id=732 name=Kool Crystal
A338,,47d8b2f3-b018-4cca-94a9-f6ebee74b1f7,row_id=734 name=Kool Frost
A339,,7f2ad3d6-1ca0-44d6-b0cd-ec1a2847a165,row_id=735 name=Kool Glacier
A340,,739689e2-478d-410a-9901-2dc8e962f05d,row_id=736 name=Kool Husky
A341,,206a005b-9d44-4368-afc5-7969d4643fcc,row_id=807 name=LNG Venus
A342,,ed057029-2d67-4c06-9732-c888b2e81373,row_id=824 name=Maran Gas Apollonia
A343,,eca18e38-9ec1-4847-a4eb-9d2a4adffbed,row_id=828 name=Maran Gas Delphi
A344,,7878191c-a766-428f-8d4b-a03fd54fb8d1,row_id=841 name=Maran Gas Posidonia
A345,,3c0de1ab-4b44-4ea3-8bf5-ae97fc290b33,row_id=942 name=Pacific Arcadia
A346,,7600b00e-49cc-438e-8cc1-9988378c6f58,row_id=947 name=Palu LNG
A347,,809676c8-ff71-4b80-b0b4-528816d300e3,row_id=956 name=Perle LNG
A348,,33ff023c-be95-4b93-b65a-6451b6a3127d,row_id=957 name=PGN FSRU Lampung
A349,,c6e58755-2fd0-4fed-ba3e-bc529d4ecade,row_id=1013 name=Seishu Maru
A350,,c64b2c69-5f71-4944-9fbb-092a6324c47d,row_id=1055 name=Solaris
A351,,32645ea5-207e-4e68-8e39-3500567993e8,row_id=1095 name=Velikiy Novgorod
A352,,dfdcdf7a-50bd-433a-804e-da972ddf31d6,row_id=1138 name=Yari LNG
A353,,f04772a6-41df-4894-8ca5-233a327be3eb,row_id=378 name=Amadi
A354,,21d4bd7e-20a9-4153-9cfe-7052e717b626,row_id=400 name=Asia Endeavour
A355,,37fab453-075f-46a3-88c8-bbb987232614,row_id=402 name=Asia Excellence
A356,,07de4386-063d-452d-84d7-aff9c579cb74,row_id=413 name=Beidou Star
A357,,12cf0029-549f-4316-92d9-ee5ff4430817,row_id=448 name=BW Pavilion Leeara
A358,,098eec11-26f0-4178-ba9f-f4d86b319dc2,row_id=449 name=BW Pavilion Vanda
A359,,0d72972d-f233-4c19-a2a5-934e814a950c,row_id=450 name=BW Singapore
A360,,df7d1b74-74dc-45ec-bf08-8adeadd8c127,row_id=481 name=Clean Horizon
A361,,c61f8883-73d2-4ae9-a701-158f874ee20d,row_id=494 name=Cool Explorer
A362,,99afbab0-b3a9-423d-9686-dcf1d80efe9d,row_id=557 name=Energy Atlantic
A363,,18132031-c33a-4dce-bda0-9f6a5eb1d29e,row_id=624 name=GasLog Salem
A364,,f5d7c5ca-7837-4b75-9c24-89f57212197e,row_id=649 name=Italis LNG
A365,,5855aaa8-1e99-4162-a570-6245a79b9a0e,row_id=729 name=Kool Baltic
A366,,c5dfe61b-0646-48db-9e43-1392015c9334,row_id=730 name=Kool Blizzard
A367,,8e6a9428-18bb-46dd-98fa-8b3f80883954,row_id=731 name=Kool Boreas
A368,,1f91b0b6-aef4-4dbb-9755-e2fd987abb6c,row_id=737 name=Kool Ice
A369,,c589d4d9-8e05-48b4-925f-f9175427107c,row_id=738 name=Kool Kelvin
A370,,84be55da-7e85-4034-bc18-9917d6ecdb38,row_id=764 name=LNG Bonny II
A371,,2d45e314-0534-45a2-80e4-a7e7816bb272,row_id=775 name=LNG Finima II
A372,,20f6bb14-602f-478c-95d7-4260a8306634,row_id=784 name=LNG Jurojin
A373,,771d0195-ced8-4b19-bced-e6e2df6ce02b,row_id=798 name=LNG Port-Harcourt II
A374,,88055874-84e3-4d74-91ad-82c4fe3d9a24,row_id=818 name=Maran Gas Achilles
A375,,e228f100-5d72-4132-aaf0-d658685b3338,row_id=820 name=Maran Gas Alexandria
A376,,d90b66e3-7e55-48f7-a3e3-2500ac73dc0f,row_id=836 name=Maran Gas Lindos
A377,,17edf3e5-68de-41fe-aff8-993748d82936,row_id=838 name=Maran Gas Mystras
A378,,90bc75d3-d9a9-4979-b742-7e76821d0265,row_id=844 name=Maran Gas Sparta
A379,,d4a77fd7-c127-40bb-8edb-86795ebbecc4,row_id=846 name=Maran Gas Troy
A380,,c5165b3b-e399-4a60-943d-f64435d2cfc2,row_id=952 name=Papua
A381,,b45bb457-5d1d-4026-8f22-e20a0afa1dd7,row_id=1059 name=Southern Cross
A382,,bf6517ce-d082-4c60-a472-f3c0c24ef4fa,row_id=469 name=Cesi Gladstone
A383,,3c7bfd6a-b5dc-4515-a570-8a1665e9ac49,row_id=475 name=Christophe De Margerie
A384,,14259371-3c81-4531-9f40-b90aa622c880,row_id=490 name=Clean Vision
A385,,2ae8b016-9730-4baa-90b2-a34fc0982dce,row_id=615 name=GasLog Geneva
A386,,9e91316a-5a64-43a8-96a9-d256eec6fd78,row_id=618 name=GasLog Gibraltar
A387,,32cf0bfb-f93e-4335-967e-a349262f95ab,row_id=620 name=GasLog Glasgow
A388,,e223798b-5a8d-4ac0-9bb0-0ed3a582e8e0,row_id=621 name=GasLog Greece
A389,,a1a9475a-38c5-4b3c-ba66-eed61e165a8c,row_id=685 name=Hoegh Grace
A390,,1831e710-2176-4ce2-919b-a3d5afe61583,row_id=740 name=Kumul
A391,,d73346df-a84d-46dd-b05c-c90d09446751,row_id=742 name=La Mancha Knutsen
A392,,8b6a4690-c84d-4d3d-85dc-3665558bc8d9,row_id=754 name=LNG Abalamabie
A393,,59e8f542-6256-496f-b562-4188ff6a9320,row_id=755 name=LNG Abuja II
A394,,0435d2cd-904e-4347-b5bd-58f96a273ff6,row_id=776 name=LNG Fukurokuju
A395,,cc271b06-fb0f-47c0-9fdc-938f410324e3,row_id=787 name=LNG Lagos II
A396,,0eab8a90-f16b-46f1-86e0-62439b548d2d,row_id=790 name=LNG Mars
A397,,983776c5-1a6b-4bc0-88b6-3e72eebec824,row_id=804 name=LNG Saturn
A398,,652502e1-6ad5-4623-8651-6b20d60348fe,row_id=819 name=Maran Gas Agamemnon
A399,,eca0e641-870a-4c06-ae0b-cbbd3043690a,row_id=822 name=Maran Gas Amphipolis
A400,,0b3732bb-81bb-4232-b3d6-62dce784a482,row_id=829 name=Maran Gas Hector
A401,,76248313-e16a-473f-a356-e461b13addb9,row_id=835 name=Maran Gas Leto
A402,,0059daa2-93c3-49f8-83a9-10fd129a6483,row_id=840 name=Maran Gas Pericles
A403,,3f9d716a-66ad-4e0e-8061-19f3b82324be,row_id=848 name=Maran Gas Vergina
A404,,69964c46-64b2-481b-afb1-23091cbef77a,row_id=850 name=Maria Energy
A405,,a028de8d-f649-48d6-9a0d-b1bb794dba45,row_id=961 name=Prachi
A406,,f6275f89-e345-4042-ae00-84bad9bacb65,row_id=988 name=Rioja Knutsen
A407,,1d1978e6-b41b-459e-ba4f-bfc163e3f766,row_id=1001 name=Seapeak Creole
A408,,795a84c9-a505-402e-8b94-5e238c221944,row_id=1010 name=Seapeak Oak
A409,,94537ca4-3139-4af9-ae00-5266f68e4f98,row_id=1025 name=Seri Camellia
A410,,9f82f2b9-4a17-4b0b-862a-f7d713adfafb,row_id=1080 name=Tessala
A411,,9c156d0c-b9ef-4fc0-b348-0bf58982084e,row_id=403 name=Asia Integrity
A412,,a59d37c8-8d27-4a14-a489-ebbf94e6eb22,row_id=404 name=Asia Venture
A413,,54d4e254-bfa2-45d2-9c49-db3c78598269,row_id=412 name=Bauhinia Spirit
A414,,707af4bc-a042-44d2-9355-63b712b3441b,row_id=417 name=Bishu Maru
A415,,aaf7a8b8-f2dd-4189-842d-8fb3c241aca1,row_id=420 name=Boris Vilkitsky
A416,,0d63ca3b-d7ce-45dd-8a65-876c8a601cca,row_id=440 name=BW Integrity
A417,,d84d79c6-d8ac-4f95-a9a0-1468962c98bd,row_id=468 name=Cesi Beihai
A418,,7268fd40-ab97-4b2d-9ee4-b043831d92e5,row_id=470 name=Cesi Qingdao
A419,,63f72eed-029c-432e-b034-dc0c1803d87e,row_id=471 name=Cesi Tianjin
A420,,cd1cf9bd-3b52-43e2-ab94-5ce207e7a759,row_id=536 name=Eduard Toll
A421,,b2747d08-133d-4dc7-9d7d-4ece5efe3776,row_id=593 name=Fedor Litke
A422,,37feba5e-ccd0-45dd-8411-2a3889c29736,row_id=684 name=Hoegh Giant
A423,,8eb6fe32-43bc-4e7e-a8d8-f9865dc23027,row_id=694 name=Hyundai Peacepia
A424,,2022c9e2-cc48-40a7-a9ab-82a9e91848df,row_id=695 name=Hyundai Princepia
A425,,4b3a03b3-0cc5-4b24-b2d9-61bf6033dcb3,row_id=814 name=Macoma
A426,,2591f196-1136-4a20-ac46-d16d6b69aff2,row_id=839 name=Maran Gas Olympias
A427,,cd345c4d-6695-417e-85b0-2abe9669d4ca,row_id=843 name=Maran Gas Roxana
A428,,3a4c98d8-edb3-42d2-9808-73429724ca15,row_id=847 name=Maran Gas Ulysses
A429,,88c73e51-0286-4398-bc50-48edbd2063ad,row_id=909 name=Murex
A430,,01580a56-bf59-4a87-bd22-25b8332f7f2d,row_id=941 name=Ougarta
A431,,d5d29131-8629-4573-b69e-26220b2afc80,row_id=950 name=Pan Asia
A432,,ce2a1933-6b63-49fb-b5c0-3ebf175f7f32,row_id=1011 name=Seapeak Vancouver
A433,,1d2806f7-813d-4276-a95d-6f2a4294573c,row_id=1027 name=Seri Cempaka
A434,,a3c483fb-8319-4d16-8985-18f6e1afc6f9,row_id=1028 name=Seri Cenderawasih
A435,,b7fb3082-e86f-445e-84cf-48d4a139d1d5,row_id=1042 name=SK Audace
A436,,6c23032e-58eb-4edb-b8f9-c288c01b8522,row_id=1049 name=SM Eagle
A437,,d5f8d721-5ef0-4f8b-8ae6-e390682a316a,row_id=1052 name=SM Seahawk
A438,,59b6d058-f93a-4a63-9055-5b1b4e9f640b,row_id=419 name=Boris Davydov
A439,,c2f48a9d-f134-44d8-8ac7-259d63b80a55,row_id=421 name=British Achiever
A440,,ba40e2ec-8058-48ec-a660-0ddc15f22c85,row_id=422 name=British Contributor
A441,,2ad2fd24-eb6a-4998-83fe-71b68d0d9137,row_id=425 name=British Partner
A442,,54641f5c-a630-4829-a1d3-9557fe7584b6,row_id=442 name=BW Lilac
A443,,680b69e1-dedd-47c1-8f92-19ea7087e4c3,row_id=452 name=BW Tulip
A444,,d06eb197-7fda-46db-8ceb-4c0b96c3a2d3,row_id=455 name=Castillo De Caldelas
A445,,56aec4e5-550c-4977-9993-67f1636355d9,row_id=456 name=Castillo De Merida
A446,,aeccc8d8-6bc0-4d85-89e1-8c72a5c5e19d,row_id=467 name=Cesi Lianyungang
A447,,acfa0f7c-3ab0-4d6d-97a7-69e9617d7a76,row_id=472 name=Cesi Wenzhou
A448,,6f187357-3a4e-4731-bb39-44a3ac3933a0,row_id=526 name=Diamond Gas Orchid
A449,,79e9d424-5522-4ee0-ad73-827ec9f3d649,row_id=527 name=Diamond Gas Rose
A450,,655ed522-50f7-4d21-aa48-ceb3870122fb,row_id=551 name=Energos Nanook
A451,,79375dc9-3e90-482e-8d37-f08633504b8a,row_id=568 name=Energy Liberty
A452,,2a0ba0d5-8513-4997-9237-5b009ab3ee99,row_id=574 name=Enshu Maru
A453,,f07a8ee9-7743-42b4-83c4-e2fb0d6383cb,row_id=600 name=Flex Endeavour
A454,,3a544ea7-52fb-4f09-8e10-132d22329588,row_id=601 name=Flex Enterprise
A455,,d0940a4f-950c-4819-bbe7-d10fe638a58b,row_id=603 name=Flex Rainbow
A456,,29f54dc3-adf1-4ca6-93f3-8bde3a8889ad,row_id=604 name=Flex Ranger
A457,,6003a801-7633-4096-b717-7524ff8282b0,row_id=616 name=GasLog Genoa
A458,,6baeec78-0511-44e6-ba57-b1bdd88e46d6,row_id=622 name=GasLog Hongkong
A459,,0ec1b3d2-82b7-4930-9887-71fc7a63e582,row_id=623 name=GasLog Houston
A460,,eb28729e-bede-427d-acbc-f4aec1c5f1ac,row_id=640 name=Georgiy Brusilov
A461,,9b8365f4-50cb-4610-b91a-f24ab89e1883,row_id=679 name=Hoegh Esperanza
A462,,bd93992a-7369-4eca-afc6-a01f9e87dbb3,row_id=683 name=Hoegh Gannet
A463,,7c13368d-48d3-401a-88a9-20e3989e566f,row_id=724 name=Kinisis
A464,,7eb79be8-0e46-427e-98f9-a30c40004743,row_id=782 name=LNG Juno
A465,,e426a3d3-f447-42cf-8ac1-012e22447ee9,row_id=803 name=LNG Sakura
A466,,78041837-04e6-4502-b36f-29938695db57,row_id=805 name=LNG Schneeweisschen
A467,,566aa4c9-89b4-4569-b116-819b1a834b30,row_id=815 name=Magdala
A468,,3848d878-e32e-4ca6-8eae-3886c02d5e82,row_id=845 name=Maran Gas Spetses
A469,,87b9c301-d9d6-4170-b6ca-c15682f2365a,row_id=851 name=Marshal Vasilevskiy
A470,,955381e7-f3ef-49bd-8396-9c5646057721,row_id=853 name=Marvel Eagle
A471,,1b7b430e-353e-4620-be9e-3c2a77228443,row_id=854 name=Marvel Falcon
A472,,73ff31c0-cd86-4d37-b07d-7392d5deda6c,row_id=855 name=Marvel Hawk
A473,,49795831-2ed0-4976-a566-3fe6b94eac99,row_id=861 name=Megara
A474,,97342799-0286-4af7-a647-d3a466ab31ca,row_id=911 name=Myrina
A475,,a355550b-3ae8-4406-a2fb-918e04dcdfc6,row_id=930 name=Oceanic Breeze
A476,,b8368155-9058-4207-a46d-8363547f3fe5,row_id=943 name=Pacific Breeze
A477,,26879696-4a14-497c-af63-4e4ffcec8ac2,row_id=945 name=Pacific Mimosa
A478,,cf245188-5d09-4a4a-987a-400430171252,row_id=949 name=Pan Americas
A479,,ffe836fe-1282-4e29-8e2e-03b50401a941,row_id=951 name=Pan Europe
A480,,e16deb90-e202-4443-a64b-b0a8ad408134,row_id=954 name=Patris
A481,,1484aded-455f-406f-b337-888b3a45ed5c,row_id=989 name=Rudolf Samoylovich
A482,,972bcde0-d954-4235-b3a8-9b1272859768,row_id=999 name=Seapeak Bahrain
A483,,7bc80a8f-0b12-48c6-883f-cad6224dcdf6,row_id=1003 name=Seapeak Glasgow
A484,,dcdc2e70-14a7-4958-99d4-ae54b872e2ac,row_id=1024 name=Seri Camar
A485,,f7cf50ee-add6-449d-b464-c222b653390d,row_id=1026 name=Seri Cemara
A486,,db0bfe2e-ebe8-4cc1-9311-bd6acbfbf2de,row_id=1043 name=SK Resolute
A487,,50c9c3f3-330e-473e-9e02-137d3e4f0c87,row_id=1044 name=SK Serenity
A488,,c5de3061-cfcf-46e6-81c2-34f5405b59a2,row_id=1045 name=SK Spica
A489,,85b12b0a-a9d2-4c97-9a10-a511338d1933,row_id=1104 name=Vladimir Rusanov
A490,,b9c08aa4-c56d-4596-992d-92173350a9e8,row_id=1105 name=Vladimir Vize
A491,,7cd8afd7-59f3-4d11-afe5-6f7288b90aa2,row_id=323 name=Adriano Knutsen
A492,,6ae8d04c-020f-4d00-97ea-51e33a7de12b,row_id=423 name=British Listener
A493,,b685a35c-2a94-46e7-a25d-972fa074c476,row_id=424 name=British Mentor
A494,,7ca9ded5-86f9-4ae8-9a27-58757e013b05,row_id=426 name=British Sponsor
A495,,b7e332e6-8071-4640-b206-12c2ef6576c1,row_id=430 name=Bushu Maru
A496,,b7c31e24-0701-457e-be7f-73536c238216,row_id=443 name=BW Magna
A497,,9bb80815-b444-4c21-90ee-760cafaedcf5,row_id=446 name=BW Pavilion Aranda
A498,,73b39050-8632-4c61-aa0a-17e769e0ceb5,row_id=528 name=Diamond Gas Sakura
A499,,9880beb6-3875-49b7-bc53-6397116dea92,row_id=563 name=Energy Glory
A500,,91472a35-e89d-4100-9fc1-1487e873dcbb,row_id=565 name=Energy Innovator
A501,,5cfa5034-8765-4838-84eb-ea23364ff48f,row_id=573 name=Energy Universe
A502,,cc90b51b-83e0-4802-86f7-eb2359401455,row_id=598 name=Flex Constellation
A503,,d0a197e2-9526-4b28-8de5-ccd5eab9d6f8,row_id=599 name=Flex Courageous
A504,,0ad991da-9ee5-4cce-ba96-263cd728e6a1,row_id=619 name=GasLog Gladstone
A505,,10e28b2b-350d-42ee-8c54-87b4e9907af9,row_id=634 name=GasLog Warsaw
A506,,489cf53f-2a8f-4eaa-b5c1-fb3681c980f1,row_id=641 name=Georgiy Ushakov
A507,,a8ce7f19-bc31-4912-8a5a-f387ca2d8242,row_id=681 name=Hoegh Galleon
A508,,128c5fb5-51d9-4295-a31d-c93ca654fa42,row_id=769 name=LNG Dubhe
A509,,c3c72f92-b0c2-402c-ae06-6a6edba1a3ef,row_id=781 name=LNG Jia Xing
A510,,4e6f0daa-de2a-4a2b-bd20-27ed7ffcd9e7,row_id=823 name=Maran Gas Andros
A511,,44094257-a108-4c41-8dd4-4a618c90c7b4,row_id=826 name=Maran Gas Chios
A512,,fc9f85c3-5c8a-4a9f-9d38-d5752af28146,row_id=830 name=Maran Gas Hydra
A513,,a1f35918-776e-4dae-8e24-c1a9327b4c04,row_id=852 name=Marvel Crane
A514,,627eb3fa-e1a5-4679-ab76-6cb6ef8c5665,row_id=856 name=Marvel Heron
A515,,bf6af902-91ff-4909-b8d5-fda9d29f24ff,row_id=857 name=Marvel Kite
A516,,41049684-9683-4bb5-8f21-ce629f176831,row_id=858 name=Marvel Pelican
A517,,f7fd3aff-d56e-45a0-aa1d-1a1b4e5172e2,row_id=918 name=Nikolay Urvantsev
A518,,ca05ff7c-cfcf-4a4f-9999-9e9413e6ed72,row_id=919 name=Nikolay Yevgenov
A519,,189d3936-c85c-4fe6-a80a-904d8f00e1c9,row_id=920 name=Nikolay Zubov
A520,,349b6d2c-5784-4995-9b12-91637e6376d2,row_id=922 name=Nohshu Maru
A521,,1664d399-29a5-49ff-b5ad-08e860f85f66,row_id=948 name=Pan Africa
A522,,23966c0e-116e-4026-9724-baa0013ddcc8,row_id=964 name=Prism Agility
A523,,8584102d-1c8f-4d1e-a50d-0efbd3c646e7,row_id=965 name=Prism Brilliance
A524,,5d2cf192-3280-4b6f-b58a-4ed4577400ad,row_id=986 name=Rias Baixas Knutsen
A525,,e7605f7f-e506-4232-85dc-0c9578bb38bc,row_id=1012 name=Seapeak Yamal
A526,,3368faaf-5f0f-4b97-a114-00720a0d2679,row_id=1038 name=Shinshu Maru
A527,,72c91693-08d3-4fcf-8c24-df083059dca7,row_id=1054 name=Sohshu Maru
A528,,27e72d33-4db3-4c5f-b951-194d9066d6ef,row_id=1086 name=Turquoise P
A529,,0e0beee1-f5bf-43fc-bc8b-66a0eeaa9879,row_id=1106 name=Vladimir Voronin
A530,,79bfa8ce-58a9-42f9-acff-6f12dd055182,row_id=1112 name=Woodside Chaney
A531,,158cb3f8-8aeb-450c-9fd4-d5556b51e559,row_id=1133 name=Woodside Rees Withers
A532,,3fc45e95-ade9-474a-8b92-9a8e2b1655cc,row_id=1137 name=Yakov Gakkel
A533,,0f5b3aed-45b6-424c-9a3b-9bfc7fe63d85,row_id=381 name=Amberjack LNG
A534,,22e24f13-3454-477a-b3a4-2a9d373c9521,row_id=395 name=Aristos I
A535,,3165d5a3-9333-41c2-b73d-047d4d5d18fb,row_id=418 name=Bonito LNG
A536,,ddcc4dd8-707f-4db7-9cc4-0cd89ff43955,row_id=444 name=BW Magnolia
A537,,ecffc266-35fb-42b7-bc18-dfc9b35dd1ab,row_id=447 name=BW Pavilion Aranthera
A538,,9b09e186-925c-4e47-90bb-5341f6de0e86,row_id=463 name=Celsius Copenhagen
A539,,954cb18c-dd54-4831-8223-73855524abf1,row_id=493 name=Cool Discoverer
A540,,845ef972-2152-4dca-a458-e46d55e5eda6,row_id=501 name=Coral Encanto
A541,,1faf27a5-8c8a-4522-b6b8-5bc0e0f4b50b,row_id=525 name=Diamond Gas Metropolis
A542,,8b3433f9-6078-4add-8718-1f1c313f7ca6,row_id=532 name=Dorado LNG
A543,,e6b4b6ac-1d8c-4483-a5c8-0aad9f8974b0,row_id=542 name=Elisa Larus
A544,,9e60873c-581a-4101-b1cb-5284ded2e4d9,row_id=570 name=Energy Pacific
A545,,e3029a05-44c7-40dd-abd2-6cb830be9cd1,row_id=583 name=Excelerate Sequoia
A546,,2169b087-0e9d-432b-b421-3d97345bf315,row_id=595 name=Flex Amber
A547,,9b4f3b87-7f08-4afb-99fe-9d2b2a85112e,row_id=596 name=Flex Artemis
A548,,794f0042-a96e-4b40-99dd-c662ae2415a7,row_id=597 name=Flex Aurora
A549,,7a90086e-bcfb-48a6-96a5-1784f2b2f9d3,row_id=605 name=Flex Resolute
A550,,12123d2a-0b60-44bc-abc4-ee3b1317c0a2,row_id=617 name=GasLog Georgetown
A551,,0c3dab78-b782-4d20-b1e6-de6197bafd8b,row_id=633 name=GasLog Wales
A552,,c9db02af-d88f-46aa-a62b-f82cee94d075,row_id=636 name=GasLog Westminster
A553,,6cc37d1a-5626-4d58-abde-f7973f1e9d06,row_id=638 name=GasLog Windsor
A554,,1a792b25-95fa-4301-a6f4-318dafea1fc7,row_id=644 name=Global Energy
A555,,28cdfc1f-7f6d-4762-9d2f-327fcc109c60,row_id=733 name=Kool Firn
A556,,cfae4c92-5ceb-45a2-9153-bdbd80ed4fdf,row_id=743 name=La Seine
A557,,eb8b7933-df14-4dd7-9577-0f1ae8be32cc,row_id=791 name=LNG Megrez
A558,,c1580448-8e1d-49b6-a023-376b3dfa448a,row_id=792 name=LNG Merak
A559,,ddbee1e0-4761-4848-83f0-f1575ba82727,row_id=796 name=LNG Phecda
A560,,8bc27875-8476-4268-a45d-59e98c3c7843,row_id=842 name=Maran Gas Psara
A561,,5d599f6f-1325-4373-9e2d-5efd0592bb04,row_id=955 name=Pearl LNG
A562,,aa243d49-cd47-4051-91c7-9da3ca306f9c,row_id=982 name=Qogir
A563,,3b5066f9-7dc8-4b0b-a37d-283094edb17a,row_id=993 name=La Perouse
A564,,cdc9a60c-8806-49b2-a01d-31c636ca8d93,row_id=1084 name=Traiano Knutsen
A565,,22579e5b-fa3b-4640-9696-6e2d2e489f1f,row_id=1094 name=Saros
A566,,6bc1c598-3884-4b50-81c3-e6777c5f34b2,row_id=1102 name=Vivit Americas LNG
A567,,59bc3097-101d-47ff-8d10-b13697b1c3a7,row_id=1113 name=Woodside Charles Allen
A568,,b529fcc2-df4c-4d8e-a4dc-c985dcb5e489,row_id=322 name=Adamastos
A569,,b2625ffa-7e4d-45b7-a3c3-2e4cbe051b63,row_id=393 name=Aristarchos
A570,,53ad8ab8-8f01-4c60-8a72-23a23f4761d1,row_id=394 name=Aristidis I
A571,,79f77aa7-c6eb-4225-b9f1-5f128598ba49,row_id=406 name=Asklipios
A572,,0a2e8fb2-8670-4104-b83b-b752834054f2,row_id=409 name=Attalos
A573,,408c4b0a-cc52-44db-9273-dad43996e4ac,row_id=439 name=BW Helios
A574,,8d9e175b-8d5b-43ae-9cc6-0f1031800ecc,row_id=441 name=BW Lesmes
A575,,12083e1a-f2f6-450f-a9e8-ec409204e4af,row_id=460 name=Celsius Canberra
A576,,3d3c1159-0f6d-4ccd-ad0e-deee2c705443,row_id=461 name=Celsius Carolina
A577,,3609d1b5-ccbd-404a-ae43-2ed12bb1a3a7,row_id=462 name=Celsius Charlotte
A578,,7613b26c-51a2-4442-a5ce-fd2d36f197dd,row_id=492 name=Cobia LNG
A579,,4759f889-1883-464a-874d-37d293286312,row_id=495 name=Cool Racer
A580,,61583c9c-3346-4c45-bc22-f170b40ff8e6,row_id=524 name=Diamond Gas Crystal
A581,,4ba2c8ee-46c7-4aaf-8549-560e8aba783f,row_id=529 name=Diamond Gas Victoria
A582,,584a693d-f6aa-44e6-8e49-3ba116839fcf,row_id=546 name=Energos Force
A583,,d2d97e0f-4014-457b-95af-74be2e1a0c46,row_id=553 name=Energos Power
A584,,3117b9ab-80b3-4212-afcc-6edf90508023,row_id=559 name=Energy Endeavour
A585,,656516d4-e8b7-4832-866f-0ff8fd46c78c,row_id=566 name=Energy Integrity
A586,,85767e81-1cdc-40fb-a1c3-8ba7fb3bc5cc,row_id=567 name=Energy Intelligence
A587,,19a17b8a-8dc5-4fbd-a02b-13fb1431e1bf,row_id=579 name=Ertugrul Gazi
A588,,f105d839-dd17-43e7-984c-5205e326b25e,row_id=602 name=Flex Freedom
A589,,b7b1301b-4983-430f-851c-ea4e4e68154e,row_id=606 name=Flex Vigilant
A590,,ea3f316d-2795-4b2c-8e01-6e87eaa205e2,row_id=607 name=Flex Volunteer
A591,,1e02bfeb-4f9b-44e1-a17e-bec2f42d8142,row_id=611 name=Gail Bhuwan
A592,,2838c37f-83d2-40f0-a7b8-8fead441e02e,row_id=614 name=GasLog Galveston
A593,,b285690e-8da9-4e9b-b6e3-94d04aab5786,row_id=635 name=GasLog Wellington
A594,,b80751f4-89dd-4183-ba51-7a69459b2828,row_id=637 name=GasLog Winchester
A595,,77a8624d-f1c1-4b70-bbd6-d75e16c787fd,row_id=645 name=Global Sea Spirit
A596,,b8e2dddf-3f57-4ad7-9563-6c02e930802c,row_id=647 name=Global Star
A597,,27827c3c-7d82-4b74-9330-2ac87df45e17,row_id=656 name=Grace Emelia
A598,,03b8e244-2b81-4082-b8b0-ad80c2a1c5dc,row_id=662 name=Gui Ying
A599,,73871357-d76b-437c-a6bb-138eef5925c5,row_id=668 name=Hellas Athina
A600,,bb84b28d-2272-4c53-9b7b-88f7a36bcea8,row_id=669 name=Hellas Diana
A601,,6a6e6b49-a31a-4ba3-9976-1a0a9392270e,row_id=705 name=Isabella
A602,,0317c590-2493-4de4-9183-3a965d31b8a6,row_id=707 name=Jawa Satu
A603,,4b34fd48-0017-438b-91b5-6d1ec47c355d,row_id=739 name=Kool Orca
A604,,dab2926b-d14c-4d28-b418-ac335610f48c,row_id=757 name=LNG Adventure
A605,,edc73ce2-38b2-4c05-abbd-b35b21fdb690,row_id=771 name=LNG Endeavour
A606,,d4c17a8b-a534-46f9-b15a-128189f346da,row_id=772 name=LNG Endurance
A607,,40582f54-2a19-4768-b9ad-5bfc9933a102,row_id=773 name=LNG Enterprise
A608,,7df40cc6-5b13-40a7-98f6-fa4eeb4c5a21,row_id=802 name=LNG Rosenrot
A609,,3435882f-749b-4b21-a6d7-285f4f358fe9,row_id=808 name=LNGships Athena
A610,,32ad0278-47a0-4a65-a720-2488f980d9d7,row_id=809 name=LNGships Empress
A611,,ace9ff66-acb1-49a0-8ea5-e61ddfc28139,row_id=810 name=LNGships Manhattan
A612,,75f6ad4c-a689-4c71-b262-eb1ec6309bdb,row_id=821 name=Maran Gas Amorgos
A613,,d446de19-191a-4da3-ac09-0b57d838d49f,row_id=831 name=Maran Gas Ithaca
A614,,91ad172b-cb75-4370-a3a0-938fd651586f,row_id=832 name=Maran Gas Kalymnos
A615,,d1e0ac37-6a3c-44e1-8f4b-7138f24279bd,row_id=860 name=Marvel Swan
A616,,7bc95e87-3531-48fe-86e7-4ad252a52770,row_id=881 name=Minerva Chios
A617,,6b927b47-19bd-4bff-a30d-ac316c6223e7,row_id=882 name=Minerva Kalymnos
A618,,85623707-9579-4ddc-a57e-4d18ecde1d8e,row_id=883 name=Minerva Limnos
A619,,8c7a0530-444a-4638-a5e2-ad9485c87781,row_id=884 name=Minerva Psara
A620,,7176c3fd-7957-4ac7-86fb-490eb691ce0a,row_id=886 name=MOL Hestia
A621,,ec28e8d7-49df-406e-a12a-887a9fa3cfd6,row_id=906 name=Mu Lan
A622,,bed90387-eb95-4c85-95ed-7f2e7be6ee7a,row_id=966 name=Prism Courage
A623,,41a33f7a-9037-458b-820a-5a6abdf7ba83,row_id=985 name=Ravenna Knutsen
A624,,a19a9b7a-74b3-46e8-8c0f-295d7651c421,row_id=1100 name=Vivit City LNG
A625,,13b17a79-2bf0-488f-ae68-4dd64788ea37,row_id=1140 name=Yiannis
A626,,25a1c196-9f42-4be4-9552-0e967b4486c8,row_id=376 name=Alicante Knutsen
A627,,8eb7c933-d764-4d7a-ae86-050c3466d9f2,row_id=435 name=BW Cassia
A628,,b1ffbfca-f61f-4f22-9f14-d53157c4f7b0,row_id=438 name=BW ENN Snow Lotus
A629,,7ff0252d-b597-4602-89f0-bdc53bdc1e3d,row_id=477 name=Clean Cajun
A630,,65382fca-b55a-4661-91af-1e9b3bb698c4,row_id=478 name=Clean Copano
A631,,a84f9afc-9fac-4686-a9a3-618adf43a120,row_id=503 name=Coral Nordic
A632,,22d846ff-b43f-4dee-a18b-2bf6f757f6d0,row_id=539 name=Elisa Aquila
A633,,37d31692-560d-4e2b-ae75-2fd9d3780080,row_id=646 name=Global Sealine
A634,,6fd06d8e-6c4b-40a4-bc8f-ddc2dd80a191,row_id=657 name=Grace Freesia
A635,,dd9b44e2-ffee-4690-99b0-426ef9aabc45,row_id=687 name=Huelva Knutsen
A636,,9163b347-ac6f-4f47-8775-233959c6e95e,row_id=713 name=John A Angelicoussis
A637,,c8d593f9-24d1-464c-9ec6-e13deb3a1d66,row_id=745 name=Lagenda Serenity
A638,,4e41bff2-1813-4145-8b18-10d3edc189c1,row_id=747 name=Lagenda Suria
A639,,af700fe5-0469-4313-b9c1-d12de4373c2f,row_id=816 name=Malaga Knutsen
A640,,3da12d39-e5c2-472e-8284-cbb9f7bfd9a9,row_id=880 name=Minerva Amorgos
A641,,097864b1-4dcb-4b02-912d-24b374243b58,row_id=932 name=Orion Bohemia
A642,,0f6e47bd-8527-4fe7-8669-206480a8c49d,row_id=936 name=Orion Monet
A643,,54aa66cf-3280-4499-b762-82029819bee0,row_id=937 name=Orion Sea
A644,,b1e0f804-e9bc-4fb4-8120-b359398c4e35,row_id=940 name=Orion Sun
A645,,c390cdde-08a2-454e-a313-8ce8b2ec0b78,row_id=967 name=Prism Diversity
A646,,56833931-bbb3-4a69-89d5-bce32349e532,row_id=992 name=Santander Knutsen
A647,,d543948b-54f3-4166-834f-8d145f8befc4,row_id=1036 name=Shaolin
A648,,6e07c8d8-c612-4d9c-aed9-e7a63bb8ff0e,row_id=1047 name=SM Albatross
A649,,2555f7c2-6714-4c92-9315-5fe6d0c1879f,row_id=1048 name=SM Bluebird
A650,,6a248388-6e05-4c43-94f1-936811d53a28,row_id=1079 name=Tenergy
A651,,f2d406a4-569d-4669-8251-2712a0beff92,row_id=1103 name=Vivit Arabia LNG
A652,,b0805084-7c35-4ccb-b7f3-183144defb05,row_id=1135 name=Wudang
A653,,6f48b3b4-ce18-40b7-9363-998ed48a3d1a,row_id=382 name=Amore Mio I
A654,,66e19d96-f35f-4a36-a305-0d34eb18356e,row_id=407 name=Asterix I
A655,,08630fb4-d7d4-4ff8-aed6-1e1d4b64a095,row_id=464 name=Celsius Geneva
A656,,d0f03c31-ee0c-4699-b88a-b42e8b5a30a7,row_id=465 name=Celsius Giza
A657,,b0e15582-dfa9-43d9-94f2-c976e19bd4b3,row_id=479 name=Clean Destiny
A658,,55cae023-3cc1-4981-a576-6f600ec1579e,row_id=486 name=Clean Resolution
A659,,5be4a87f-31cd-462b-8bf2-636c3beab0ae,row_id=502 name=Coral Evolutionist
A660,,009294a3-cd5a-4129-ad74-d7429d2fb1c8,row_id=521 name=Dapeng Princess
A661,,bbfa6caf-aa1c-4d07-a880-596238eb1bfc,row_id=543 name=Emei
A662,,d3c57625-5e5b-4c44-aa15-493b4f061803,row_id=561 name=Energy Fidelity
A663,,3ff5885f-e66f-4e92-b0e7-b748841b3389,row_id=592 name=Extremadura Knutsen
A664,,f7b30932-2e15-42ed-acd1-c8be3ee1c2f5,row_id=594 name=Ferrol Knutsen
A665,,92dcd535-f541-4fe0-bc0e-f3dbc559f592,row_id=651 name=Gordonwaters Knutsen
A666,,4f3c6c36-c6e7-46df-8be5-9c8a7803edea,row_id=661 name=Grazyna Gesicka
A667,,0688167f-7eb9-462e-98fc-b13833538ed7,row_id=741 name=Kunlun
A668,,d82535b3-a309-4e63-8f42-cbc88792a9cf,row_id=746 name=Lagenda Setia
A669,,e14a0599-ce39-442e-a0a6-26607be66eae,row_id=750 name=Lech Kaczynski
A670,,8e220d0a-bce7-4c8d-b5fc-3e104500ba3b,row_id=778 name=LNG Harmony
A671,,17b766d4-d74e-41d3-9493-19ccf603aa64,row_id=799 name=LNG Prosperity
A672,,82ea32ed-555b-4477-be04-95be76bb8166,row_id=837 name=Maran Gas Marseille
A673,,ae4f293b-a3fd-42b9-b671-ad0b58552043,row_id=908 name=Mulan Spirit
A674,,446f293e-e1cf-43a2-89cb-29dee67f53c6,row_id=914 name=New Apex
A675,,0b411dfb-4add-435f-8fa9-3a14cb6a773d,row_id=923 name=North Air
A676,,43199587-8814-4e81-af42-a3b592c1f5a4,row_id=935 name=Orion Jessica
A677,,f569891f-412d-42ea-ae01-c8fef48c93ea,row_id=953 name=Paris Knutsen
A678,,435c1074-cba6-4540-aefa-cf5aaaf3fa82,row_id=990 name=Saint Barbara
A679,,4d56c5c3-1297-40a7-b33b-e34edfa9d1b6,row_id=1029 name=Seri Damai
A680,,08ef47fc-94fa-4847-baf3-4b7d44993a8d,row_id=1030 name=Seri Daya
A681,,f660caf4-55b5-410a-acad-1c5da11cf06d,row_id=1050 name=SM Golden Eagle
A682,,75f0b56b-f807-4cdc-8676-3a877f5a0e99,row_id=1051 name=SM Kestrel
A683,,d0ea592e-0019-41be-a975-3d88550edb84,row_id=1101 name=Vivit Africa LNG
A684,,7361cfb9-8c4b-4b64-8948-de2a49badabc,row_id=1108 name=Wen Cheng
A685,,81e3c17d-095d-4dbe-8d3f-364be0bc6953,row_id=17 name=Rex Tillerson
A686,,5e51dd2e-a4e7-4746-8319-7602ea361a9f,row_id=18 name=Umm Ghuwailina
A687,,819da660-372f-484c-a9f6-5f8f2986a168,row_id=19 name=Hlaitan
A688,,40906e2b-820a-42b2-ba26-1f4bc66a3388,row_id=20 name=Huashan
A689,,77b33117-3826-4542-ba4f-c64f53a0f401,row_id=21 name=Kongtong
A690,,4b7fc909-a262-46cd-8750-c90fead9c8fc,row_id=22 name=Greenergy Ocean
A691,,83b665ff-08f6-41e6-953e-ea65bc6ce3ec,row_id=23 name=Greenergy Pearl
A692,,95a9aceb-83f5-41b4-894a-82f7114ee0a3,row_id=24 name=Pacific Success
A693,,09fb5069-f5f9-49eb-9cc1-a319ac755134,row_id=32 name=Maran Gas Nice
A694,,5c287f90-0b80-47c0-95a8-1b363cc4f9ab,row_id=33 name=Maran Gas Antibes
A695,,1f257e7f-007b-4de9-83b4-c0ae0fc8a2a7,row_id=34 name=HLS Cartagena
A696,,4968c964-6adf-4f27-a9a2-b2c334056de5,row_id=35 name=North Light
A697,,1ce1f4ff-65da-4b58-843e-8a4e7069e732,row_id=36 name=North Moon
A698,,b5c1b818-1abd-4e3f-9468-28851872fdd8,row_id=37 name=GasLog Italy
A699,,1191e951-e1c6-4853-98db-d5b8e916fa63,row_id=38 name=Marvel Swallow
A700,,10920fcf-f054-46ea-80f6-7320d48c9071,row_id=46 name=Nuaijah
A701,,d027baa9-db1c-4b4e-ba06-12390868124a,row_id=70 name=Celsius Gandhinagar
A702,,9310efd4-208c-47de-9952-52fab6f712f2,row_id=75 name=North Way
A703,,0f92644f-292b-45ac-b8b9-fc18c7be0e5e,row_id=77 name=Celsius Greenwich
A704,,c733a005-e8d3-4c65-9e8b-b6e6c1a26cd9,row_id=79 name=Celsius Granada
A705,,0568de60-186a-41cf-a15e-6c24aca51f83,row_id=87 name=Orion Spirit
A706,,4c9e006e-97d8-4415-a8e7-c6cb5a69a1ac,row_id=89 name=Orion Iris
A707,,4f428939-9545-4365-b5ca-38b12c9f9a6b,row_id=90 name=Id’Asah
A708,,4c637265-4dbf-42a1-b25f-b2cdaf83a41b,row_id=91 name=Umm Graybah
A709,,8ab72a01-788a-4e59-9b40-ecf928c729b2,row_id=101 name=Quest Kirishima
A710,,00104018-3df1-46a9-975c-5e270d0f7997,row_id=108 name=Athos LNG
A711,,caa906d5-e6a8-4c64-87a7-048cb80ae2bc,row_id=149 name=Al Shelila
A712,,789b75ba-dcef-4b2c-800a-342258d90f70,row_id=170 name=New Brave
A713,,16089e74-5bde-4589-8412-db5687f02541,row_id=171 name=New Nature
A714,,9b923b2b-a7b6-49b7-b4a0-0f1b8f28c461,row_id=172 name=New Green ST
A715,,c345d57b-3f2d-434d-8be4-1e61f1352db1,row_id=173 name=Clean Future
A716,,2d5e7a63-1daf-444d-8c6d-8eea120c799c,row_id=174 name=Puteri Santubong
A717,,0e2d68a2-4cdc-4554-97b8-d0a7c9310535,row_id=175 name=Puteri Sejinjang - 3
A718,,5dbd005e-5589-40bc-82c1-a60a49867e0a,row_id=176 name=Puteri Ledang
A719,,d7fd4175-4909-40e7-822a-e0ca44f0b483,row_id=177 name=Puteri Mahsuri
A720,,7140a4c5-59c8-4c98-850a-a44d6d245652,row_id=179 name=Assos
A721,,c29ce8b7-20bb-4edd-885f-deb3a5662416,row_id=225 name=Nantes Knutsen
A722,,600fcfdb-d838-415c-94cb-26532883944d,row_id=227 name=Energy Fortitude
A723,,35ac1fa1-5ac8-4a4e-8af1-b14be8a95098,row_id=228 name=Woodside Scarlet Ibis
A724,,7a9d6307-6430-41f2-9732-acf7cb3a8272,row_id=229 name=Marvel Dove
A725,,f126149b-d382-4202-a231-f549626e73f0,row_id=234 name=Kool Tiger
A726,,d87e8486-a728-4de4-b6b0-5771e209d2cd,row_id=325 name=Aktoras
A727,,111ce00f-1566-43d7-a4f0-e6c972c35563,row_id=355 name=Al Qaiyyah
A728,,05a4f95c-c077-424a-aff1-0a44bf21055d,row_id=385 name=Apostolos
A729,,d09e66c1-9aa3-4307-ba1a-19153ff76498,row_id=410 name=Axios II
A730,,9478be07-6504-453a-a953-f7a2d1407366,row_id=428 name=Bu Fintas
A731,,6dd427fb-dc2f-498e-9b0f-b7c5b414b64f,row_id=466 name=Celsius Glarus
A732,,ac8287df-7838-4662-9c30-49e2dd13e6b5,row_id=491 name=Clean Vitality
A733,,4fec3972-372a-4a77-8efa-378f8ebc3388,row_id=540 name=Elisa Ardea
A734,,4e960c9e-ce0d-406d-8749-259488eb6b8d,row_id=560 name=Energy Endurance
A735,,3f94b46c-5aa6-4fb0-9b2f-fe833a3fbd50,row_id=613 name=Gail Urja
A736,,7bad575a-f15d-4a31-8e40-c1bc858d39e5,row_id=678 name=HLS Bilbao
A737,,a9e49179-3e65-4387-9234-4ee199a49744,row_id=702 name=Ignacy Lukasiewicz
A738,,0492a580-a001-4d69-b9cb-8a6ff76a609d,row_id=777 name=LNG Geneva
A739,,119e16bb-681a-4575-b2d7-3ac072774322,row_id=833 name=Maran Gas Kastelorizo
A740,,9fbf53f2-8b23-435a-965c-14344d1d0918,row_id=834 name=Maran Gas Kimolos
A741,,44e13b5c-06a2-4987-87a3-353afb137603,row_id=859 name=Marvel Phoenix
A742,,5e98b685-47ed-4b5c-8ed5-5d52015d34ee,row_id=924 name=Voskhod
A743,,17cee5df-3b78-4b5d-a289-63766c297cc1,row_id=925 name=North Ocean
A744,,0e4db838-edd6-4f34-b86d-83ebc7bd8a3d,row_id=926 name=North Star
A745,,3d156eeb-d3a8-45bf-aef4-6e19d953c354,row_id=938 name=Orion Sinead
A746,,21f8bdb6-81cd-4444-ac57-96bd393c41de,row_id=977 name=Puteri Saadong
A747,,e78b5ed0-24cd-41c9-9fcd-f9c6c03a0b01,row_id=1097 name=Venture Bayou
A748,,0e0d506b-a539-4ce8-93ec-6391812f393c,row_id=1099 name=Venture Gator
A749,,9d1c139e-6efa-4407-8cad-fd71ffbf4d89,row_id=1 name=Al Rahba
A750,,875a95ab-f249-41ab-846b-f0a8b7a0c2b2,row_id=2 name=Al Reef
A751,,d37350c2-da57-45a3-802f-5ad37a90381f,row_id=39 name=Maran Gas Syros
A752,,ef5bf007-d467-4b52-9574-198fbf65630e,row_id=40 name=Danuta Siedzikowna-Inka
A753,,551a976d-4694-41d1-aad5-461fe870ca99,row_id=41 name=Rotmistrz Witold Pilecki
A754,,49f99fc0-7f89-4144-b604-551fe1c846af,row_id=42 name=Maran Gas Antiparos
A755,,c55228a9-76c8-4af6-aaf2-b4d0bb17f32b,row_id=59 name=Esteem Fuji
A756,,ca43417c-6a62-46eb-9caa-915bc55de1e3,row_id=93 name=Celsius Galway
A757,,471060ce-b547-4e31-91b8-f5a20e35b050,row_id=95 name=Celsius Galapagos
A758,,7fa4c722-b2ba-4926-99c1-3b3287e9cd6e,row_id=97 name=Orion Saint
A759,,36a94815-b6e9-4587-80aa-2c5f6ca111ee,row_id=104 name=Al Qassar
A760,,48df6dee-4890-4c4f-bfb7-0e9cee3b1fe0,row_id=105 name=Celsius Gaudeloupe
A761,,7f98da6e-5c90-4758-932b-160739f65adf,row_id=106 name=Puteri Pahang
A762,,4ed8fadb-a57a-4371-96d0-2a41ea297478,row_id=107 name=Umm Al Houl
A763,,f353f801-b000-446e-8aee-715bb7586db6,row_id=110 name=Imsaikah
A764,,329173e3-cd9a-429b-97c1-e91af15fe627,row_id=111 name=Leshatt
A765,,8d4d5b55-d29d-48f1-b3bd-b72c61cdaf80,row_id=112 name=Umm Al Hanaya
A766,,76a43668-fa37-4d5c-899b-60ee09f8dc2c,row_id=114 name=Al Sailiya
A767,,c9c05355-8461-4863-b0d2-83fda14b3c8a,row_id=115 name=Simsimah
A768,,df66c97a-4ea8-44ba-b6e2-39d981bf3312,row_id=116 name=Dana
A769,,f05ca21a-1ebd-4d53-bbe8-6e14dc9c83f9,row_id=117 name=Al Na'amah
A770,,e1527175-b675-4999-bd6a-14da67cec788,row_id=118 name=Umm Al Zubar
A771,,a323b92f-82b4-4c71-a051-0f950a8a48d5,row_id=121 name=Celsius Greenland
A772,,6a882310-590c-4cd3-8267-26f9ddb2f066,row_id=180 name=Puteri Sabah
A773,,3d8cec19-ecc9-4b3d-82e6-a2e3aa8da5de,row_id=182 name=Al Zore
A774,,07d76400-e08b-498f-90f8-fce1f4e33e29,row_id=183 name=Al Fat H
A775,,269c1bd5-df30-44ef-9d5a-0bc9252790a4,row_id=226 name=Zoe Knutsen
A776,,ac336a74-0fc5-4e4c-965e-d74cda686769,row_id=230 name=Amaryllis Knutsen
A777,,9702980f-3dc3-44a7-9970-132ea3a1cfc7,row_id=257 name=Limail
A778,,eb9cf5b9-b3fb-418b-b583-4e1e00fe19df,row_id=261 name=Al Tuwar
A779,,8b128d92-0b77-42a4-9d9b-1cd6306f02cd,row_id=262 name=Al Mashabiyyah
A780,,685d8552-f1b9-44d4-9145-33c1d083cdff,row_id=266 name=Greenergy Star
A781,,fb58d980-252a-4928-bce0-c3408829a4ad,row_id=267 name=Greenergy Moon
A782,,a06e8263-bedd-49e7-8e0b-1e60ead45641,row_id=276 name=Ocean Inspiration
A783,,b513c7c9-895e-48e7-9ba8-4d1197060380,row_id=277 name=Ocean Oasis
A784,,91fabb75-77d3-4bba-8903-c18e57d21fe3,row_id=288 name=Qingcheng
A785,,c1c600a5-1ab5-48e2-8b73-51a0fbe897ad,row_id=371 name=Al Kheesah
A786,,f234761c-707c-4be2-b4f3-e0178936e28f,row_id=432 name=BW Borealis
A787,,ff8aea94-2a44-431b-8bc1-6c5b63c1d3b7,row_id=445 name=BW Nivalis
A788,,6c2816e2-44df-4ed8-85d1-2c81d94fe7f4,row_id=482 name=Clean Levant
A789,,92b88409-bea7-40de-b523-b58946c57ed2,row_id=483 name=Clean Mistral
A790,,d491e092-d6ec-4183-8842-a442901f5511,row_id=488 name=Clean Sirocco
A791,,818d3935-de71-4c3f-b21f-238166c08bec,row_id=612 name=Gail Sagar
A792,,1a5c49c0-9b5f-4eeb-a217-a5e5ffcd8b80,row_id=670 name=HL Alyssa Warner
A793,,72450251-c5c6-4879-a110-ba82be55cb16,row_id=671 name=HL Edward Austin
A794,,7bbe0017-860e-4439-8032-a59f07825031,row_id=672 name=HL Fortuna
A795,,f8fc7bcd-33a7-4ea1-ae18-b3888bc08c3e,row_id=676 name=HL Sea Eagle
A796,,659e671e-88e2-4542-afe9-81acf4df706b,row_id=701 name=Ignacy Jan Paderewski
A797,,596f253c-5050-4c7f-ad15-8b29a2a7de6a,row_id=703 name=Ilya Mechnikov
A798,,1e270562-6ceb-4de3-8257-3a4c87bfb141,row_id=749 name=Lebrethah
A799,,392d97fc-b458-4862-8fa7-e64806e89e03,row_id=752 name=Lev Landau
A800,,689da4ea-d106-462c-aca6-819f0d6c6478,row_id=797 name=LNG Ping Hu
A801,,0d760f9f-3355-4099-adb8-4b65eaa764bc,row_id=849 name=Mareekh
A802,,0b14ff6c-9946-4d11-a70b-618609bacc30,row_id=864 name=Mesaieed
A803,,b6b02669-9f7c-4108-8692-929ea9be6032,row_id=885 name=MOL Azure
A804,,d8defd99-be5c-401c-a1a9-f8f61f414be6,row_id=915 name=New Oasis
A805,,77810e6e-5b9e-4a79-a105-f3d892d0fdc2,row_id=916 name=Nikolay Basov
A806,,8d93f2ff-a3e6-4447-8cc4-fce578f5ae16,row_id=917 name=Nikolay Semenov
A807,,5a45e84d-ed94-49fe-aac8-62da544b73a5,row_id=927 name=North Valley
A808,,34352486-55e9-465e-9b7a-188a1344c1b7,row_id=933 name=Orion Gaugin
A809,,8a87bf49-8f99-416d-b79f-8831d21fa6e0,row_id=934 name=Orion Hugo
A810,,47cb619a-473d-45ef-bd07-7f1c406e7762,row_id=939 name=Orion Sirius
A811,,70f32a2d-45cc-420d-9185-d2a656c7a85b,row_id=972 name=Puteri Mayang
A812,,902d20fd-5edb-49a1-b562-19cd78cad5c1,row_id=981 name=Pyotr Kapitsa
A813,,e9285882-a77f-4375-b936-dbdd4647a868,row_id=994 name=Sea Creation
A814,,c3c50f53-1f28-4dd8-9a0e-c48e06e8e0b9,row_id=995 name=Sea Energy
A815,,353df9e4-9ed8-494d-bb97-b79632551cbf,row_id=996 name=Sea Navigator
A816,,522344a5-e242-45d5-8919-c77ace2ead00,row_id=997 name=Sea Spirit
A817,,41954aa0-a03d-4cc7-b0a7-78fc31015f92,row_id=1091 name=Umm Swayyah
A818,,13466a99-9f8a-45b9-8a5b-ae42b0a8a52a,row_id=1096 name=Venture Acadia
A819,,63fca0f4-0610-4613-b367-82732ca42203,row_id=1098 name=Venture Creole
A820,,6605de4c-acff-4b18-84d0-03e82f32d66e,row_id=1107 name=Wadi Al Syl
A821,,5d4a9e7b-d459-4db9-a5e9-d7d0f87c8927,row_id=1111 name=Woodside Barrumbara
A822,,39181ee8-c139-4ab1-b093-23ebfdf42785,row_id=1132 name=Woodside Jirrubakura
A823,,5e1b043b-fd84-42f9-9ffe-0941e75c8fbc,row_id=1143 name=Zhores Alferov
A824,,30da29dc-3884-4276-9e35-d65021394251,row_id=3 name=Pyotr Stolypin
A825,,dca73faf-a37c-4a8d-8104-8007a3ac0b21,row_id=4 name=Sergei Witte
A826,,f9f42557-a91e-44f2-8f22-f263939fbebe,row_id=5 name=Hull 044 (Zvezda)
A827,,5d8faa64-06e6-426f-92e7-c5118e8e6b69,row_id=6 name=Konstantin Posiet
A828,,67c46cc6-a366-463b-9256-e6c90686de6d,row_id=7 name=Hull 046 (Zvezda)
A829,,cf4686b4-57e6-42a9-98f9-522921a4beae,row_id=8 name=Hull 047 (Zvezda)
A830,,2de0420f-a04b-4c4b-b160-110ef73a2c22,row_id=9 name=Hull 048 (Zvezda)
A831,,fd1625c8-59ab-42b4-b07a-996ec4b93fcf,row_id=10 name=Hull 049 (Zvezda)
A832,,42e92b3f-00b7-4d00-b37a-5e36591d7deb,row_id=11 name=Hull 050 (Zvezda)
A833,,3f763331-0690-4560-9147-a0fd3b41efe6,row_id=12 name=Hull 051 (Zvezda)
A834,,e79abb26-3ddd-40b1-ac0f-e31b41a04bfb,row_id=13 name=Hull 052 (Zvezda)
A835,,4e0a3b93-7b2e-4c33-b6a4-5ed611dbf5e0,row_id=14 name=Hull 053 (Zvezda)
A836,,81db664f-b8ce-4413-b76d-b8e3b2c2a817,row_id=15 name=Hull 054 (Zvezda)
A837,,89224789-f679-410f-aae2-d4251de2e61b,row_id=16 name=Hull 055 (Zvezda)
A838,,92a00400-b7f3-4d75-a85b-2e8c84144bae,row_id=25 name=Atlantic Success
A839,,cc1cbfa0-3632-48cd-bf0c-e6e29bf2a084,row_id=28 name=Hull 2393 (SHI)
A840,,36edbcc5-b98e-420c-85fb-2976327dddd2,row_id=29 name=Hull 2394 (SHI)
A841,,982d7ba0-adcc-4fcf-8026-6a5683b846c1,row_id=30 name=Hull 2395 (SHI)
A842,,03842716-7da9-4e34-a6da-cc165d7a4964,row_id=31 name=Hull 2396 (SHI)
A843,,c6573ed9-0ed8-4a0d-a79e-156f9529df8e,row_id=43 name=Venture Pelican
A844,,483c3e25-d6f6-4259-b4d5-7f55daa86db4,row_id=44 name=Venture Iberia
A845,,f88bc813-439e-4826-8f56-36d5362cccbc,row_id=45 name=Venture Cameron
A846,,1f29e36d-8d69-46e1-be81-8dc80e627077,row_id=47 name=Al Kharrarah
A847,,5d1b1ab9-8163-4e30-85b9-9cc65ed0355f,row_id=48 name=Archy Vanguard
A848,,cda8adc3-800f-41f6-b5b9-d170f3900c64,row_id=49 name=Harmonic Breeze
A849,,b0e150bf-5544-49b6-b3d7-4dfc3f59f3b6,row_id=50 name=Lake Modro
A850,,30ce2967-4bb1-4f0e-8533-c18c81e478f1,row_id=51 name=Lake Morskie Oko
A851,,5aca8ea9-46dd-444f-aad4-13975c6b2939,row_id=52 name=Hull 2558 (Hanwha)
A852,,79ae216b-9d07-4c97-a5f1-a66790fc4ba4,row_id=53 name=Al Sakhamah
A853,,70b7d780-c45a-42ce-ae05-5fe4b6cc6f85,row_id=54 name=Al Galayel
A854,,c9699386-13e4-4f28-96a6-c32263a41d9c,row_id=55 name=Bu Nakhlah
A855,,6de88b5b-2a63-44a9-9312-81d6d954e644,row_id=56 name=Al Sene
A856,,f8ef8a9a-2187-45da-822b-5b1733f454ce,row_id=57 name=Shafallah
A857,,cb6bd095-3b82-486e-868e-6da5c2d46d46,row_id=58 name=Hasbah
A858,,12be59bc-8913-4011-a9d5-cd64590d23ec,row_id=60 name=Esteem Cormorant
A859,,c4fd7f6d-938f-4576-9f58-217a14edcb42,row_id=61 name=Esteem Denali
A860,,45dc78bd-a65b-4c2f-9d70-e75771b6fc8b,row_id=62 name=Esteem Penguin
A861,,fa19d3f8-e620-46bf-a774-0466fa90254d,row_id=63 name=Seri Dian
A862,,2bfe688d-f744-4cc6-bead-405268821960,row_id=64 name=Seri Dayang
A863,,81b6ae93-1ab8-4fcd-b273-95d3b5699c94,row_id=65 name=Al Thurayya
A864,,319d5092-494a-4104-a667-46082797ec60,row_id=66 name=Al Majhoulah
A865,,b72ba253-bdb2-4997-9c35-55016d0d14cc,row_id=67 name=Venture Manatee
A866,,450ec4f8-7f40-462f-9e60-7b5dda334c52,row_id=68 name=Hull 2575 (Hanwha)
A867,,9bb98dd8-569b-4560-a2c7-8bfcdabd7364,row_id=69 name=Hull 2576 (Hanwha)
A868,,c8f52717-b321-434c-9562-a026aec164b7,row_id=71 name=Hull 2579 (Hanwha)
A869,,94cfa308-fa2f-4bb9-bda5-04e22a165989,row_id=109 name=Spirit LNG
A870,,8aa4dbb9-b167-4bdd-a9e7-3fa56bc17816,row_id=113 name=Qtaifan
A871,,94b80b5f-db19-4fe6-8992-caffcc7daef5,row_id=119 name=Umm Heesh
A872,,62ba7fb6-a3d3-4d89-b1cd-f055d4ff712d,row_id=120 name=Umm Al Shubrum
A873,,843dbad1-7281-4911-ad89-a09ab18b6d03,row_id=122 name=Minerva Eleonora
A874,,2fac1917-c441-4b2e-86b3-6a9b3d327cbc,row_id=123 name=Minerva Roxanne
A875,,7396f720-8efd-47e9-b153-a174c2beebe3,row_id=129 name=Gamy Vanguard
A876,,147a94a8-5a5c-4d3b-a2c1-88d782f14c2d,row_id=130 name=Hull 2663 (SHI)
A877,,f29e5c45-d26e-48f4-99de-b52b3426e87d,row_id=131 name=Diamond Gas Jade
A878,,1a530f69-8f15-4cc4-9f88-f33428ae923e,row_id=132 name=Toho Emerald
A879,,c41bf34e-5d7b-42fd-8ea1-3aefe9d6427c,row_id=137 name=Hull 2693 (SHI)
A880,,54d529d2-39c9-405d-b6f9-054e1b8eb9b4,row_id=141 name=Hull 2695 (SHI)
A881,,7bc8bcec-950a-4d3b-98fa-5c676c5e2c4d,row_id=144 name=E'saila
A882,,6d36a90b-7533-4d8c-9d91-9b9065d27d1f,row_id=145 name=Hull 2698 (SHI)
A883,,9aa62044-68a7-4bdb-99c8-387ddb518ed3,row_id=162 name=Hull 2717 (SHI)
A884,,bba668b1-c7ee-4073-9160-3a0a664a6218,row_id=181 name=Puteri Sarawak
A885,,900b5f5b-6cfd-4356-80c4-c87fb8e7b6a1,row_id=184 name=Barzan
A886,,fb106611-9cc1-4aac-9c76-3ce6ec5de423,row_id=185 name=Umm Wishah
A887,,6eb9b898-f874-4d38-93ca-c71f0ddfdb74,row_id=186 name=Al Nigyan
A888,,54c64635-3d04-4e7c-8d78-048db5d59d8d,row_id=187 name=Hull 3393 (HDHHI)
A889,,255a40dc-19ae-46ff-8162-d3722925ffee,row_id=188 name=Hull 3394 (HDHHI)
A890,,1ce36ff8-9067-46c4-9d58-eaf79f7fea42,row_id=189 name=Al Zuwair
A891,,6e3bf036-f0c0-41f7-b4ae-ffa9adbb0795,row_id=190 name=Sharq
A892,,68653630-6c8b-463b-8be1-f93125eff8c8,row_id=191 name=Hull 3397 (HDHHI)
A893,,c3e38d82-ac7f-46bf-8b7d-ebb1a211ef6f,row_id=192 name=Halwan
A894,,aea4626e-774d-45cf-87f9-f1b058c637ec,row_id=193 name=Al Thumaid
A895,,35a965b8-b9a6-4ce6-8de1-eb88f66bcd55,row_id=194 name=Al Mazrooah
A896,,525502c3-51f5-4ba8-8d10-b0628da3aa9c,row_id=195 name=Qaffal
A897,,be6da8d8-1a92-4466-91b3-06347270ba79,row_id=196 name=Excelerate Acadia
A898,,e35da1e3-3fbd-4c2e-8f79-43889eb3d306,row_id=197 name=Hull 3441 (HDHHI)
A899,,26c1b04e-f366-4537-bad8-8f326a9a3d8c,row_id=231 name=Parthenon LNG
A900,,8ae65a68-8fa9-43b5-8fa7-154400c93445,row_id=232 name=Puteri Selangor
A901,,04f3004e-9729-4fe8-a784-455b4fef317f,row_id=233 name=Puteri Terengganu
A902,,8d1f91da-8ca4-42a6-896b-452fa04b5a6c,row_id=235 name=Olympus LNG
A903,,7d7d5e8f-7c62-4f44-83e8-34c5291f87b8,row_id=236 name=Frontier LNG
A904,,0b3aafd0-5c90-422a-88cb-a5bc19c14ab0,row_id=237 name=Muscat LNG
A905,,45c1430c-4b3e-463e-8f09-2b842dda8d9e,row_id=238 name=Musandam LNG
A906,,4e2e80e2-5229-4ec3-b4e0-e81f93ce685d,row_id=241 name=Hull 8210 (HSHI)
A907,,7c92a980-8b57-45cb-8717-06718c76a8cc,row_id=251 name=Celsius Georgetown
A908,,99a5d38a-f75b-4f11-90fd-786b58a65e43,row_id=252 name=Hull CMHI-282-02
A909,,e547bf04-f9cd-4740-9441-4470baaea3e7,row_id=263 name=Fat'h Al Khair
A910,,4b61296c-51b3-4838-b9c2-1674aa959316,row_id=264 name=Mihzem
A911,,0e55cb46-b9e2-4384-baad-cba4148dde34,row_id=265 name=Idd Al Shargi
A912,,b4bb5740-f303-4726-a20d-e1e2b2f1333d,row_id=268 name=Greenergy Wind
A913,,25b75374-8cf8-4202-a4e5-9716d588cb9a,row_id=269 name=Greenergy Cloud
A914,,ca946c2c-856f-42f2-a494-1014682c0493,row_id=270 name=Greenergy River
A915,,a9e025fc-e301-49cb-8d8f-9040e30543af,row_id=271 name=Greenergy Sea
A916,,1c8e3f36-ab78-42e8-a073-5f27f6ad29b2,row_id=272 name=Greenergy Whale
A917,,ddb3a42f-a13c-4e3c-95a4-a54743277751,row_id=273 name=Hull H1889A
A918,,124f2180-73f3-4ed5-b708-825a5bfda751,row_id=274 name=Hull H1890A
A919,,3671ad1a-51d6-4348-b215-6d800eec5114,row_id=275 name=Hull H1891A
A920,,db0f5a20-ff92-4ba0-8f05-7e19a87daa18,row_id=278 name=Puteri Johor
A921,,820e0694-4148-4026-91a9-1d3f58ab1946,row_id=279 name=Puteri Kedah
A922,,e0533bbe-8041-42b9-8e08-6473c5759144,row_id=281 name=Hull H1897A
A923,,18933580-8744-422d-9380-5507950c8737,row_id=289 name=Tianshan
A924,,133a59db-23ce-447b-90d1-729150f8a6de,row_id=318 name=Yangze LNG 01
A925,,504c866c-bd97-49c3-ab6b-d7f6938c1dbc,row_id=319 name=Hull YZJ2022-1476
A926,,22995c73-cdaf-4739-9e71-c56ead824793,row_id=324 name=Agamemnon
A927,,ccf19557-dcb6-4682-bee4-ea59eecf95f3,row_id=372 name=Al-Slaimi
A928,,ee9765d9-56a1-47ff-aea6-6acd6a12049f,row_id=373 name=Alcaios I
A929,,04f8c83d-a9bc-4466-9d44-1bd9ab3cb476,row_id=375 name=Aleksey Kosygin
A930,,a5c81a8a-c28f-40da-8ccd-6e42ffebb1ac,row_id=384 name=Antaios I
A931,,b45e1a28-97f4-43d0-9c49-950267f6f2f3,row_id=386 name=Archimidis
A932,,730ed0fe-5444-4cfc-9389-ff348c621fe9,row_id=476 name=Clean Brownsville
A933,,1c474c1f-d3fd-46e7-a5d7-6faabb3dfc7b,row_id=515 name=Dalian No 1 G175K-4
A934,,4eabdda5-b53e-4fd6-91db-6447b986b18e,row_id=516 name=Dalian No 1 G175K-6
A935,,ce5fc208-db4f-4a00-9f02-1748b12ff384,row_id=517 name=Sea Charity
A936,,894639ea-595c-4c40-854e-9cd17a6860b8,row_id=674 name=HL Puffin
A937,,9a80ebac-fb0e-4afd-8be2-55c93985e5cf,row_id=708 name=Al Sadaf
A938,,33d5d3e5-29fe-4705-9668-e90cfc51de5b,row_id=709 name=Arada
A939,,bffc90ef-2497-40be-a953-8542fc5757dd,row_id=710 name=Al Taweelah
A940,,1f67ed2e-fab2-4e21-8153-a98ad7405994,row_id=714 name=Josef Pilsudski
A941,,5f81520e-042c-4ccf-b26e-ad97dfb5e25b,row_id=976 name=Puteri Perak
A942,,9482bd03-c2a9-45d3-986f-6ec18912eb4f,row_id=978 name=Puteri Perlis
A943,,49a413b5-358a-4533-b9be-80edaeda0a6c,"row_id=1092 name=Hudong-Zhonghua (CNOOC, CMES, NYK 3)"
A944,,9a61e446-ff33-4a51-862f-46d05ed6ac5d,row_id=26 name=Mediterranean Success
A945,,944f356e-088b-45f4-b2bf-5d0b1f293196,row_id=27 name=Caribbean Success
A946,,58fe6da4-234c-40a7-90dc-e9be4064e672,row_id=72 name=Hull 2580
A947,,e0557d5c-8c2e-42f4-9158-5a13140234ce,row_id=73 name=Hull 2581 (Hanwha)
A948,,56cc49d6-e55c-42cb-84e8-632d52e0bd02,row_id=74 name=Maran Gas Poliegos
A949,,ab582acb-aef0-490c-adcd-e9c716130760,row_id=76 name=Hull 2583 (Hanwha)
A950,,c502ab10-5f4a-437d-ad3d-9ce1bc7c0a92,row_id=78 name=Hull 2584 (Hanwha)
A951,,919527d5-b981-44e8-9c90-a4823d388446,row_id=99 name=Hull 2602 (Hanwha)
A952,,4fb6abe1-3eb4-427e-9bd0-f62e4679f72d,row_id=100 name=Hull 2603 (Hanwha)
A953,,7c294367-984a-4461-b247-36a92d46a5a2,row_id=102 name=Hull 2606 (Hanwha)
A954,,ef3454dc-0214-4940-af1b-7978131490dc,row_id=103 name=Hull 2607 (Hanwha)
A955,,617374ef-ed23-433f-9b20-409be2eec42f,row_id=124 name=Hull 2656 (SHI)
A956,,7952e660-e817-4d25-bc7a-0948be867a32,row_id=125 name=Hull 2657 (SHI)
A957,,32f821b6-94c7-418e-aac3-d98920c61c7a,row_id=126 name=Hull 2658 (SHI)
A958,,4bfb9179-d158-4f10-b2be-97a7576225de,row_id=127 name=Hull 2659 (SHI)
A959,,b27a5ed9-865b-43ae-bd33-0f9d6f18f6e4,row_id=128 name=Hull 2660 (SHI)
A960,,ee87782b-270d-4618-97ab-014dd28d0de9,row_id=135 name=Barthy Vanguard
A961,,1eee48dc-e158-4044-b62c-d81e79733a7f,row_id=147 name=Al Seej
A962,,13882a6e-6e4c-43f3-a9e0-6ad803524f60,row_id=156 name=Hull 2709 (SHI)
A963,,5a457098-6dd0-4177-b678-db73a806f503,row_id=157 name=Hull 2710 (SHI)
A964,,c37208e8-cdbc-490f-a65a-6bb7e4c5439e,row_id=163 name=Hull 2729 (Hanwha)
A965,,14dd0fa7-745c-4dfc-a633-b959c889a559,row_id=164 name=Hull 2752 (SHI)
A966,,0ad2f1d6-3c23-4a16-ba4a-6f86356aba83,row_id=198 name=Hull 3442 (HDHHI)
A967,,5c30db06-701a-4363-9bad-eb86ed67ddc7,row_id=199 name=Hull 3443 (HDHHI)
A968,,69319f45-5621-4a91-98a4-9517bcf672bf,row_id=200 name=Hull 3444 (HDHHI)
A969,,9211f3bb-2d22-45a1-95f5-cb259664f51e,row_id=201 name=Clean Astraeus
A970,,001806c5-e6e1-410b-94a6-7ecb671bf37c,row_id=202 name=Clean Azeus
A971,,a5a63e77-0050-4ee6-acc3-03a3fce60d03,row_id=203 name=Hull 3454 (HDHHI)
A972,,b0cfc18a-5995-4054-84af-0473349eb292,row_id=204 name=Hull 3455 (HDHHI)
A973,,f8222251-702e-42f5-938a-bf4bad6a7bb1,row_id=207 name=Al Ghuwair
A974,,5d0fc3e9-d518-48f9-9b62-3239e84491b5,row_id=208 name=Wadi Sultana
A975,,36232630-e208-4c6d-9a47-17315bbe7a71,row_id=209 name=Lesha
A976,,95dab497-7ca3-404b-a71a-33fb7c643d3b,row_id=210 name=Al Jazi
A977,,3225a4a9-aff4-49b2-b206-2252aac51ac1,row_id=211 name=Al Mashrab
A978,,749aafc9-4347-45ea-9f13-117694599db7,row_id=212 name=Al Mirzam
A979,,2883dcfa-e67c-459e-a977-331b4ada6190,row_id=213 name=Maqdeem
A980,,6486997a-947c-447e-8dc9-38fa8a1c5d57,row_id=214 name=Al Rufaa
A981,,41ff67a8-5f42-4697-8332-e78e92ae96d5,row_id=215 name=Al Nekhsh
A982,,ad63e3c5-fdc3-44be-a7c9-2ded87024d9e,row_id=216 name=Leh'saien
A983,,06aa3e10-50ae-4cd3-855f-19ccb441401d,row_id=217 name=Le'shara
A984,,d7c6bf67-c615-455b-9b93-fcc5162b065a,row_id=218 name=Librega
A985,,342e97c2-c899-4e3c-9a0e-6dcc08aa9f72,row_id=219 name=Eshairej
A986,,54cbd4bc-5429-44ff-948a-719dbddb103a,row_id=220 name=Mneefa
A987,,56d14ab3-473c-463c-9820-41e8438c704a,row_id=221 name=Ezhara
A988,,026ef02d-b2e7-47ea-917f-6699fad6e0eb,row_id=239 name=Diamond Gas Nexus
A989,,3ffe55fb-337d-4150-b7f0-792c9c13e724,row_id=240 name=Grace Himawari
A990,,f11eadac-386e-40f9-b622-6447787c72db,row_id=242 name=Grace Gerbera
A991,,12f13a5b-642e-4137-b931-1400eb8dae2c,row_id=243 name=Ferdy Vanguard
A992,,097d1ecf-6d49-4228-bfc2-82db4f0eca74,row_id=248 name=Hull 8262 (HSHI)
A993,,cae4d463-166a-4657-84cf-a64fd9034fa9,row_id=249 name=Hull 8263 (HSHI)
A994,,a0165094-9e1c-4900-b3ff-09d2fa9bb965,row_id=250 name=Hull 8276 (Hanwha)
A995,,927034db-310e-47bb-b9ff-2ebe4d2dd2f6,row_id=253 name=Hull CMHI-282-03
A996,,70ad3b19-5a73-4caf-9959-455abdd823bb,row_id=254 name=Hull CMHI-282-04
A997,,e8acdbf4-d788-41f9-b8d6-6763c685bae3,row_id=255 name=Hull CMHI-282-05
A998,,477df14a-7be8-4aa3-8be0-8633278c8de4,row_id=256 name=Hull CMHI-282-06
A999,,0d530a84-a19c-4e6c-9cd9-fc1f999ce211,row_id=258 name=Al Sabsab
A1000,,6f1f8274-b88c-4dc3-9da7-593f342adfaf,row_id=259 name=Al Fanar
A1001,,68bb22da-94d9-48c8-aa33-feaa6a66ba02,row_id=260 name=Hull H1796A
A1002,,9b0ed931-3a63-4846-863a-92676a21dc51,row_id=280 name=Puteri Kelantan
A1003,,22ae042e-faf0-433a-88a8-432b1d4ac2c8,row_id=387 name=Archon
A1004,,ce94fff7-d09c-41db-8b6a-d2f2587f0395,row_id=408 name=Athlos
A1005,,816166ad-ff4e-40f5-8495-c5e1e822df0c,row_id=487 name=Clean Rio Grande
A1006,,be641b79-1e2c-4572-a942-4e1a0349225e,row_id=489 name=Clean Texas
A1007,,df9ff8dc-2cfb-4502-a2a4-4727491cfefa,row_id=507 name=Prime Creativity
A1008,,d772cfd9-0b82-4c0d-897b-9688ed1a51ea,row_id=510 name=Alliance Venture
A1009,,59ca4386-de72-4097-be86-e3ab51ece19d,row_id=513 name=Dalian No 1 G175K-16
A1010,,cd5f3fbc-8b2c-4e21-8907-53f32d085007,row_id=514 name=Dalian No 1 G175K-17
A1011,,fa06b346-3802-4b65-93d0-f5525c5bf23e,row_id=518 name=Dalian No 1 G175K-8
A1012,,d120da95-cc9b-4733-8288-867166f0e997,row_id=519 name=Prime Unity
A1013,,5d127fdf-e6a6-433c-920f-b7b713af07a0,row_id=541 name=Elisa Halcyon
A1014,,4781eb35-653d-4cc3-aea5-65ab8ffedfd8,row_id=639 name=Solidarity
A1015,,7a915085-50ad-47c1-845f-22c8c3afe3b6,row_id=711 name=Prime Purity
A1016,,77279099-6d3d-4024-9047-f1626a6b6905,row_id=712 name=Prime Beauty
A1017,,2a04203a-13ec-44e7-877e-7d086f950c88,row_id=80 name=Al Nasraniya
A1018,,a911177c-96bd-4334-887e-d3aa92b1b666,row_id=81 name=Al Yousifiya
A1019,,53f20251-d84c-4e2d-acc3-60272f51a9ea,row_id=82 name=Athba
A1020,,631552de-8665-4c96-abfb-a3433fe53633,row_id=83 name=E Qab
A1021,,68c01b2c-cbad-4cd1-b75a-4ff93e37cb6b,row_id=84 name=Ghash Sham
A1022,,d7594810-66d1-498e-8d17-2a5b1c5dd85a,row_id=85 name=Al Egdah
A1023,,168d4c0e-842e-466b-bf59-d12ac4908875,row_id=86 name=Al Khbaib
A1024,,79c47c00-790b-4b22-9ddc-e763b90cf69b,row_id=88 name=Khowzan
A1025,,67eec928-6d05-46c4-bd48-a498efa580b4,row_id=92 name=Hull 2598 (Hanwha)
A1026,,74191ebe-9003-4b7a-9eb2-c7f9a6d40790,row_id=94 name=Hull 2599 (Hanwha)
A1027,,e4453e6f-9f59-4b1e-a183-fe0271e77f6e,row_id=96 name=Hull 2600 (Hanwha)
A1028,,93cdde88-bc43-452d-92a1-ed055f81bddc,row_id=98 name=Hull 2601 (Hanwha)
A1029,,b0331000-591b-4959-a58d-7cef3cf3ad21,row_id=133 name=Hull 2668 (SHI)
A1030,,effd8a4c-bd58-4304-8c3f-4fcbfce1e60e,row_id=134 name=Hull 2669 (SHI)
A1031,,9f31e461-181d-4859-91e9-68d2fcca0eb1,row_id=136 name=Al Ghafat
A1032,,17c8d86a-f706-453c-91c2-6af4c7e882d4,row_id=138 name=Al Sidriya
A1033,,6e9b2745-3c3a-4c45-a99a-382efa8802fb,row_id=139 name=Lekhraib
A1034,,99436ba0-e3b0-4119-a5c0-8a58138a9b76,row_id=140 name=Ain Snan
A1035,,ebd46ece-5996-418e-8fe7-9fdc5a4bd7b5,row_id=142 name=Al Wasmi
A1036,,49c07ddd-08a0-4502-a910-f6f0a37c82f5,row_id=143 name=Wadi Al Askar
A1037,,a46e8d01-6d1d-4546-962c-fe3f7c6ccd9f,row_id=146 name=Al Shaheen
A1038,,9f163014-fbcd-43e1-b9db-f3b971823ae8,row_id=148 name=Hull 2701 (SHI)
A1039,,6faf4259-ea41-4c25-a8ff-7f094e2959cc,row_id=150 name=Libsayer
A1040,,95c25dbf-1e15-4f66-95ab-df25ab1609fb,row_id=151 name=Hull 2703 (SHI)
A1041,,529f938a-d4d8-40c3-97cc-e2380af02a44,row_id=152 name=Hull 2704 (SHI)
A1042,,6954d7bc-8741-4e1d-a500-481b3ae4d533,row_id=153 name=Hull 2705 (SHI)
A1043,,6ee5ded0-9522-43a3-8053-048bc2676c6d,row_id=154 name=Al Nouf
A1044,,a11b335c-d18a-45df-b845-388dedfb5875,row_id=155 name=Hull 2707 (SHI)
A1045,,65f91441-efcf-45d0-95c8-f0808f59f163,row_id=158 name=Hull 2711 (SHI)
A1046,,6d66d3ba-bf26-42a0-8a19-46f09519a032,row_id=159 name=Hull 2712 (SHI)
A1047,,48ea7937-637f-4d87-a47d-7dcd3f7fca3b,row_id=160 name=Hull 2713 (SHI)
A1048,,5f39cb9d-3031-4098-9293-df14d8c91248,row_id=161 name=Hull 2714 (SHI)
A1049,,d5320145-4f92-4d89-b72f-a4c5f35b727e,row_id=165 name=Hull 2753 (SHI)
A1050,,730b24ed-4d22-452d-bbb3-c8d64f194552,row_id=166 name=Hull 2754 (SHI)
A1051,,d59df766-a33e-4281-8ac7-5fb4558cbc51,row_id=167 name=Hull 2755 (SHI)
A1052,,12ab1ee4-5478-4fd2-90df-1c22c84264a4,row_id=168 name=Hull 2756 (SHI)
A1053,,6234b3b7-8416-4342-9ccd-af60c6384a01,row_id=169 name=Hull 2757 (SHI)
A1054,,ccce0701-a839-49f0-a040-2ac257ce7515,row_id=178 name=Hull 3501 (HDHHI)
A1055,,5bad1aed-26ef-4528-a101-024342fd7663,row_id=205 name=Hull 3456 (HDHHI)
A1056,,c2556913-1ed3-462b-9a98-4416f7b6e3c5,row_id=206 name=Hull 3457 (HDHHI)
A1057,,3bda42fa-3f32-4a31-8833-bcf0d062ffc2,row_id=222 name=Izghawa
A1058,,f926017c-6d63-446f-b102-d78c05d99bb8,row_id=223 name=Al Wa'ab
A1059,,b8d24695-faf3-4d75-b662-714c0a79c17e,row_id=224 name=Hull 3502 (HDHHI)
A1060,,9ddf9023-213f-4bd2-af33-f50cae0e46fd,row_id=244 name=Hull 8254 (HSHI)
A1061,,2975025f-9430-47f9-a882-9dae06943b0a,row_id=245 name=Hull 8255 (HSHI)
A1062,,f6cc4c07-dafb-456c-ad68-ea3bc521655e,row_id=246 name=Hull 8256 (HSHI)
A1063,,b1707a34-3ef2-4cc8-b55a-31d76c67a3d9,row_id=247 name=Hull 8257 (HSHI)
A1064,,fe4e90c2-c0c3-4cb1-bcf8-d6299118c38d,row_id=282 name=Hull H1898A
A1065,,f0c28148-b868-4078-9041-ab1ea68a0707,row_id=283 name=Hull H1899A
A1066,,3085bfb5-1819-4c33-8fd9-5d3d26e49c83,row_id=284 name=Hull H1900A
A1067,,f46f4301-2bca-4dd2-812c-1cf0db0b4afd,row_id=285 name=Hull H1901A
A1068,,fbce183a-49c8-4bf7-b43f-ddedfd555803,row_id=286 name=Hull H1902A
A1069,,bf8f7811-0308-466a-b2d9-478d490265da,row_id=287 name=Hull H1903A
A1070,,b94fb71d-0154-4b52-b445-e0cda27f3aff,row_id=295 name=Hull H1917A
A1071,,8fe3f5f7-aba4-427c-8fb6-a8ee92336760,row_id=298 name=Hull H1920A
A1072,,48d8a802-5bea-417f-beae-3cfd7ec988dd,row_id=299 name=Hull H1921A
A1073,,87d951d3-b19c-46b6-803f-a418a3d99773,row_id=301 name=Hull H1923A
A1074,,4e56c6ea-9986-4d8c-a56b-4912bb82fd8f,row_id=309 name=Hull H1956A
A1075,,445f3366-5945-4342-ac58-45be680e4e2a,row_id=314 name=Hull 8327 (HSHI)
A1076,,8c9668a9-a630-4385-8601-c9cba3c6608c,row_id=315 name=Hull 8328 (HSHI)
A1077,,b060a274-cd11-4cb6-a810-7023b03d1cc5,row_id=316 name=Hull 8329 (HSHI)
A1078,,4b63b5be-3ee0-46ca-af4b-8124a6baddd3,row_id=317 name=Hull Unknown 04 (HSHI)
A1079,,544f06d4-11ec-4aae-acc1-7cb37c781d78,row_id=508 name=Prime Glory
A1080,,374e9c49-407d-4c65-9b0c-4c027dad6b30,row_id=509 name=Friendship Venture
A1081,,e16a995a-f547-4c44-9ef6-8b9ffd96c045,row_id=511 name=Dalian No 1 G175K-14
A1082,,28b41426-55ea-4528-b727-35d6ad69bff7,row_id=512 name=Dalian No 1 G175K-15
A1083,,dbec1d3b-12f7-4597-8aa0-8549df6be285,row_id=666 name=Hanwha Philly 1
A1084,,5812286b-da4e-4722-8aa0-a82291a176b4,row_id=1041 name=Singapore FSRU
A1085,,013fccc8-7e80-421c-b3d0-44e1c8d56196,row_id=1144 name=Hanwha Philly SY Philadelphia 2608
A1086,,141df60d-519c-4b8e-9c96-c1f689b1cfbc,row_id=1145 name=Hanwha Philly SY Philadelphia 2609
A1087,,e0918da7-c90e-4151-9a5c-567d469c255a,row_id=1146 name=Hanwha Ocean Geoje 2614
A1088,,317aa023-4f59-4e2a-a852-334457777bff,row_id=1147 name=Hanwha Ocean Geoje 2615
A1089,,c466b099-8756-4f16-b399-49ff21daeda7,row_id=1148 name=HD Hyundai Samho Yeongam H8340
A1090,,603b9645-ab96-4c5b-b908-3efc5ca195d1,row_id=1149 name=HD Hyundai Samho Yeongam H8341
A1091,,3a417fb8-ba79-4d6b-a2fe-aecfca97928d,row_id=1150 name=Samsung HI 2775
A1092,,c9b25da7-8373-494b-89a1-931a31310cb4,row_id=1151 name=Samsung HI 2776
A1093,,41e766cb-a80d-4c8b-ac84-d50cb5b725e8,row_id=1152 name=HD Hyundai HI (HHI) Ulsan 3635
A1094,,fb7483aa-7360-4552-aced-3c51bd3ff1c3,row_id=1153 name=HD Hyundai HI (HHI) Ulsan 3636
A1095,,cd8b6ce0-0b5f-4af3-9072-8b00b4947f93,row_id=1156 name=Samsung HI 2773
A1096,,ab22511a-9f7e-44f2-8ff3-8095ce5ee4e4,row_id=1158 name=Jiangnan Shipyard Shanghai H2950
A1097,,72ff5fd7-40c9-49ce-9d85-d6d036a790d0,row_id=1159 name=Jiangnan Shipyard Shanghai H2951
A1098,,df0fd836-b8f1-48cf-b912-996dca822790,row_id=1162 name=Samsung HI 2781
A1099,,0f87769b-2b50-4d08-b669-31b00fb422ff,row_id=1166 name=Samsung HI 2777
A1100,,650ddaa7-f439-4d61-b09f-d4f261627307,row_id=1167 name=HD Hyundai HI (HHI) Ulsan 3643
A1101,,9f151e4a-0f8c-42d8-943f-bfd4835c5d8a,row_id=1168 name=Jiangnan Shipyard Shanghai H2971
A1102,,9e37c382-87d8-4543-b744-51ac3dadf606,row_id=1169 name=Jiangnan Shipyard Shanghai H2972
A1103,,029ab928-5300-4f04-93eb-166bc63ca2e5,row_id=1170 name=Samsung HI 2783
A1104,,228c93e3-1024-4c4d-afe3-969d4184dd0b,row_id=1171 name=Samsung HI 2791
A1105,,6d814672-ec65-49af-bb6c-845b2ff813d6,row_id=1175 name=Hanwha Ocean Geoje 2616
A1106,,43a1a089-2267-48fe-8dd6-12a185be5b93,row_id=1176 name=Hanwha Ocean Geoje 2617
A1107,,61a682fb-b602-4534-86fd-c8e9ff43f93a,row_id=1177 name=Hanwha Ocean Geoje 2618
A1108,,f51da5ac-d817-4c6a-84ae-1d38e622938a,row_id=1178 name=Hanwha Ocean Geoje 2619
A1109,,e4527ad4-f455-43f8-969d-6dba8a88e7b4,row_id=1182 name=Hudong-Zhonghua (TMS Cardiff Gas 1)
A1110,,c62b0f86-076e-4c99-9286-d3737e262532,row_id=1183 name=Hudong-Zhonghua (TMS Cardiff Gas 2)
A1111,,abeb7bdb-7f75-42e2-9afd-d9cabe22125b,row_id=1184 name=Hudong-Zhonghua (TMS Cardiff Gas 3)
A1112,,79df7ac4-6c6c-487a-9539-f3df003da66b,row_id=1185 name=Hudong-Zhonghua (TMS Cardiff Gas 4)
A1113,,f12f692c-1c26-4435-a67f-791b02c18402,row_id=1186 name=Hyundai Samho HI 8366
A1114,,dd4135fa-da24-4a8a-a186-c93c0a7f1667,row_id=1189 name=HD Hyundai Samho (Hyundai Glovis 1)
A1115,,967ea187-8c2f-4dcd-b492-a38e59ba4f3e,row_id=1193 name=HD Hyundai Samho (Capital Clean ECC 1)
A1116,,5b07c3e9-6659-4cce-9cdd-932fc3f144c7,row_id=1216 name=Hull CMHI-282-07
A1117,,c8602564-cb70-4807-b2df-5276cde8265a,row_id=1217 name=Hull CMHI-282-08
A1118,,6f0648c0-7ecf-4775-8367-9b4888f63f0b,row_id=1218 name=Samsung HI (unknown shipowner 1)
A1119,,7028d287-b3b1-4c11-b90c-e00f1d438d2d,row_id=291 name=Hull H1913A
A1120,,79687cbc-580f-4443-b0f2-fb26af94a238,row_id=292 name=Hull H1914A
A1121,,f4e61771-aae2-40b0-ab7c-ead787d254a9,row_id=294 name=Hull H1916A
A1122,,8b802d7b-48dd-441c-8381-c98a595124d0,row_id=296 name=Hull H1918A
A1123,,d01b9d51-ffe0-4926-8a55-646915bcc673,row_id=297 name=Hull H1919A
A1124,,6d0494e7-bc75-412b-821f-fc01bb606bfb,row_id=300 name=Hull H1922A
A1125,,6d307ee1-a594-42f8-ae93-5931a9ed14be,row_id=302 name=Hull H1924A
A1126,,4ee01317-4676-4e26-8f87-ddf2e838231d,row_id=304 name=Hull H1926A
A1127,,ee23fd7a-9fd3-445f-8272-83f14beb6cb5,row_id=305 name=Hull H1927A
A1128,,a7661c0f-2b05-4987-b3b0-5a91763710b3,row_id=306 name=Hull H1928A
A1129,,0bddbfcb-ee6a-4f86-854e-e6086f730491,row_id=307 name=Hull H1929A
A1130,,c4fbd181-e3c6-4042-89e1-8b92e89152f0,row_id=1154 name=HD Hyundai HI (HHI) Ulsan 3637
A1131,,51db193f-5dc9-45f4-b08f-c90d5d363eaa,row_id=1155 name=HD Hyundai HI (HHI) Ulsan 3638
A1132,,d26e6f42-ff89-4ae3-b92a-0a684096add7,row_id=1157 name=Samsung HI 2774
A1133,,92849f58-6403-440b-bb5b-827e85fcd2e5,row_id=1160 name=Jiangnan Shipyard Shanghai H2952
A1134,,ddaa2b2d-1384-4302-bf88-486c12ed5a40,row_id=1161 name=Jiangnan Shipyard Shanghai H2953
A1135,,c19cd8b1-8d1a-496c-94ac-4edbee751648,row_id=1163 name=Samsung HI 2782
A1136,,f013ec6c-23e0-44cf-91fd-8adcacb64b0c,row_id=1164 name=Hanwha Ocean Geoje 2623
A1137,,8301dd30-f081-4932-a8db-f2e71a6abb31,row_id=1165 name=Hanwha Ocean Geoje 2624
A1138,,c09eb75e-4a92-48d2-a9ef-a057410980fc,row_id=1172 name=Hanwha Ocean Geoje 2625
A1139,,7945988c-233b-4166-b91b-dff77fa60dd2,row_id=1173 name=Hanwha Ocean Geoje 2626
A1140,,37aabfb3-7390-4b66-aa8c-8b83244b64ea,row_id=1174 name=Samsung HI 2794
A1141,,7261580c-7f8e-443b-8b40-1ca691480d3f,row_id=1179 name=Hanwha Ocean Geoje 2620
A1142,,5283bfc9-71bf-44cf-8ad9-c1910402ee4b,row_id=1180 name=Hanwha Ocean Geoje 2621
A1143,,862f14d3-aeee-4626-9d8f-c5a520801fde,row_id=1181 name=Hanwha Ocean Geoje 2622
A1144,,390c53b3-b290-4eb5-b9ea-b639768e430d,row_id=1187 name=Hyundai Samho HI 8367
A1145,,d8dc5cbb-ccd9-4c85-9520-4696ecb3c72d,row_id=1188 name=Hyundai Samho HI 8368
A1146,,c10b81ad-dedb-4a7d-8796-e8bc0123b92b,row_id=1190 name=Hudong-Zhonghua (Bonny Gas Transport 1)
A1147,,b2cce65a-224e-428e-8b9e-4c7d96c687c1,row_id=1191 name=Hudong-Zhonghua (Bonny Gas Transport 2)
A1148,,21cdb439-ce85-4cf7-b822-bb30834caff2,row_id=1192 name=Hudong-Zhonghua (Bonny Gas Transport 3)
A1149,,6d41c613-0c26-4dc7-a869-44b79b255709,row_id=1194 name=HD Hyundai Samho (Capital Clean ECC 2)
A1150,,49a6acac-790b-41a2-9c9d-1fee8a12beb9,row_id=1195 name=HD Hyundai Samho (Capital Clean ECC 3)
A1151,,0644bed2-55c0-4006-9628-0b11dd9a2a09,row_id=1196 name=Hudong-Zhonghua (MISC 1)
A1152,,69af9316-44a9-4af8-aa2b-d475485a4be6,row_id=1197 name=Hudong-Zhonghua (MISC 2)
A1153,,e15a1281-f1e9-42ac-a82f-612a7b576384,row_id=1199 name=Hudong-Zhonghua (MISC 4)
A1154,,da30d9aa-ca38-4f4f-9c63-a55494eea7e8,"row_id=1201 name=HD Hyundai HI (HHI) Ulsan (NYK, Ocean Yield 1)"
A1155,,1b70a90b-3d08-453e-b935-d33a159f40fe,"row_id=1202 name=HD Hyundai HI (HHI) Ulsan (NYK, Ocean Yield 2)"
A1156,,5600fd4c-c59e-48e2-b54b-ffdc00ce7159,"row_id=1203 name=HD Hyundai HI (HHI) Ulsan (NYK, Ocean Yield 3)"
A1157,,127e7c6a-b9a5-4b1b-92b2-081ddde4b1e6,"row_id=1204 name=HD Hyundai HI (HHI) Ulsan (NYK, Ocean Yield 4)"
A1158,,20254bb9-3695-4108-95eb-1402db287bc9,row_id=1205 name=Hanwha Ocean (Knutsen OAS 1)
A1159,,d4a2d2e9-c424-40e0-a60c-6c6c73174178,row_id=1206 name=Samsung HI (MISC FSRU)
A1160,,4f55879c-5f54-45dc-9e85-ddd802273262,row_id=1207 name=Samsung HI (TMS Cardiff Gas 1)
A1161,,ec147acf-d253-4e38-9620-f93599aa855f,row_id=1208 name=Samsung HI (TMS Cardiff Gas 2)
A1162,,700ebb13-8e6b-47bb-add3-19f51a4fb477,row_id=1209 name=Samsung HI (Seapeak 1)
A1163,,1c38803d-30f9-4b79-91f3-7f26524b5576,row_id=1210 name=Samsung HI (Seapeak 2)
A1164,,d2ee1661-9421-42af-a7ff-e98e1272a97d,row_id=1211 name=Samsung HI (Seapeak 3)
A1165,,4b183f99-2b6b-4e7b-9b24-449b2cb6aa17,row_id=1212 name=HD Hyundai Samho (BW LNG 1)
A1166,,47f70cda-f6d4-4efc-b4b2-4f26b417b3ca,row_id=1213 name=HD Hyundai Samho (BW LNG 2)
A1167,,2e16e336-c052-4788-bd22-36b435d10f9e,row_id=1214 name=HD Hyundai HI (HHI) (Hayfin 1)
A1168,,e69f224d-abb9-45ee-b443-46b5dbaf3423,row_id=1215 name=HD Hyundai HI (HHI) (Hayfin 2)
A1169,,1576f918-28e2-4029-860f-7dc63f832d53,row_id=1219 name=Hanwha Ocean (Knutsen)
A1170,,2a6f329d-7b1b-4087-8d82-2f2be9817b7c,row_id=1227 name=Hull 2808 (SHI)
A1171,,e5f6c789-6729-4491-a066-3b2d3edb8db9,row_id=303 name=Hull H1925A
A1172,,f144992e-ef54-4398-b575-4ce0b4d01a16,row_id=311 name=Hull H1958A
A1173,,0c647c57-c523-4d1d-93b8-b4836f557555,row_id=312 name=Hull H1959A
A1174,,921d0fbb-9c38-4710-8eb2-2d40e35cab50,row_id=1198 name=Hudong-Zhonghua (MISC 3)
A1175,,8ff24920-fa33-43fb-857c-98faca100a2b,row_id=1200 name=Hudong-Zhonghua (MISC 5)
A1176,,71757247-8c7a-4c26-bb7b-58a5687b9c8c,row_id=290 name=Hull H1912A
A1177,,0d2fd471-7ef8-40a0-9b36-28d4fc47c94d,row_id=293 name=Hull H1915A
A1178,,2f84ce5c-2628-40c0-9d3a-54eaabb5b0fc,row_id=313 name=Hull H1960A
A1179,,95822930-6d40-473d-b888-6955cd434361,row_id=1220 name=Jiangnan (COSCO 1)
A1180,,5cca60e4-dac7-463f-a0ab-e7d45fb915be,row_id=1221 name=Jiangnan (COSCO 2)
A1181,,82e10f09-91ef-4759-9ebe-283b50960f20,row_id=1222 name=Jiangnan (COSCO 3)
A1182,,886964bd-d8e5-40d0-b0e1-83e68fdbe855,row_id=1223 name=Jiangnan (COSCO 4)
A1183,,4786e3eb-f543-4069-be0e-1a0e8568323b,row_id=578 name=Equinor 4
A1184,,9c803209-255a-4cf8-b4dd-e0373584548f,row_id=888 name=Mozambique LNG 01
A1185,,dc8486a4-4991-4451-af14-6d2f72333824,row_id=889 name=Mozambique LNG 02
A1186,,a146bfd4-698e-4953-be14-dd20772b0346,row_id=890 name=Mozambique LNG 03
A1187,,3f03f424-1676-4849-96d3-cba737086981,row_id=891 name=Mozambique LNG 04
A1188,,29c558ba-931a-46d4-9c71-58e78b157a97,row_id=892 name=Mozambique LNG 05
A1189,,3f258213-45f6-4319-b0c9-477625938420,row_id=893 name=Mozambique LNG 06
A1190,,19e255bd-df3e-4f8c-b24b-b9fe8dc7cecc,row_id=894 name=Mozambique LNG 07
A1191,,73fa7727-62df-4283-b86d-3e2ef31692aa,row_id=895 name=Mozambique LNG 08
A1192,,90d492b5-861d-42e2-aeed-1249982ca883,row_id=896 name=Mozambique LNG 09
A1193,,741aa3c1-554b-49d6-80a6-453815352b19,row_id=897 name=Mozambique LNG 10
A1194,,3e9a58c4-a928-4a1d-9751-500a5ef0ccf0,row_id=898 name=Mozambique LNG 11
A1195,,bd8cc039-16c9-48e6-b3d6-ede3b6c0f710,row_id=899 name=Mozambique LNG 12
A1196,,800833b0-a691-4aee-b923-c0ab3a370f40,row_id=900 name=Mozambique LNG 13
A1197,,497c7e25-4489-4701-b6c3-0083ac613e56,row_id=901 name=Mozambique LNG 14
A1198,,59551ff4-2a53-442f-abe0-e987f059c0fd,row_id=902 name=Mozambique LNG 15
A1199,,7a336d80-d43d-4d1a-a3bc-18fe0cb75a25,row_id=903 name=Mozambique LNG 16
A1200,,878fc1de-669c-46f5-ad02-54364f105c70,row_id=904 name=Mozambique LNG 17
A1201,,4cfe3520-4acf-40b5-a1d3-b5ea0608b957,row_id=308 name=Hull H1955A
A1202,,3a1cad28-e922-4f11-9df4-799e8f3ee166,row_id=310 name=Hull H1957A
A1203,,57873b3e-ccba-4423-a603-2985904eaa90,row_id=667 name=Hanwha Philly 2
A1204,,9a86083e-4570-4890-8947-38345c27565c,row_id=1118 name=Woodside Energy 04
A1205,,2bc20fb1-687e-4896-b47e-cc43c709fc55,row_id=1119 name=Woodside Energy 05
A1206,,344a0b07-5837-4da9-8acc-7e8fde9a9a6d,row_id=1120 name=Woodside Energy 06
A1207,,cd86e423-cba3-4d19-ab1e-d7b8a8bd9d3d,row_id=1121 name=Woodside Energy 07
A1208,,f6e25a0e-56a6-4879-ae03-f2ae31b59700,row_id=1122 name=Woodside Energy 08
A1209,,ac5165f8-36f2-4f3b-ba1a-789472e18d73,row_id=1123 name=Woodside Energy 09
A1210,,daf5bc8b-2eba-4064-95c1-d75680c4dcf8,row_id=1124 name=Woodside Energy 10
A1211,,a3282568-b8de-4ccd-a077-94804e151948,row_id=1125 name=Woodside Energy 11
A1212,,f8f6c7cb-4e70-45fa-9f71-64b7aedcc247,row_id=1126 name=Woodside Energy 12
A1213,,195b6a18-41d9-40ac-ae55-1c1592f2d946,row_id=1127 name=Woodside Energy 13
A1214,,5111ca83-3dad-4383-8e30-4883d7a3332f,row_id=1128 name=Woodside Energy 14
A1215,,cb9c80e6-ece0-40ff-8e5e-2d1305e8308b,row_id=1129 name=Woodside Energy 15
A1216,,c7bb41e0-d207-4d27-afa7-840fcd9bfabf,row_id=1130 name=Woodside Energy 16
A1217,,3bec6d39-7edb-4813-b068-ae79590d3212,"row_id=1224 name=Hudong-Zhonghua (CNOOC, CMES, NYK 4)"
A1218,,707a2710-9177-44fb-9d28-cd6c76bd401e,"row_id=1225 name=Hudong-Zhonghua (CNOOC, CMES, NYK 5)"
A1219,,a1266b82-21b7-4bed-aade-b93481896996,"row_id=1226 name=Hudong-Zhonghua (CNOOC, CMES, NYK 6)"
A1220,,2eac57d2-a9f1-42cc-8f99-c559d2db6d14,row_id= name=Samsung HI (Dynagas 1)
A1221,,73d524e8-e53a-4756-a666-cb7fffd1f507,row_id= name=Samsung HI (Dynagas 2)
A1222,,fa553117-e225-45a9-811d-4ba0a623913a,row_id= name=Samsung HI (Dynagas 3)
A1223,,f48d86b0-7a03-4492-af1a-e65f9446f420,row_id= name=Samsung HI (Dynagas 4)
A1224,,cadd349f-070f-45bc-94c6-51f093fba2cc,row_id= name=Hull 3644 (HDHHI)
A1225,,e14dfe12-497e-477a-ad98-58c6d979c8e3,row_id= name=HD Hyundai HI (HDHHI) Ulsan (unknown shipowner)
A1226,,fa4e429f-5b90-4601-be84-8b417e691a43,row_id= name=Hull H2706 (Jiangnan)
A1227,,1cbc9809-03f1-4ee9-a596-98f9d539e803,row_id= name=Hull H2707 (Jiangnan)
A1228,,2c9968d3-091f-49b5-9a2f-ce1b36df7c71,row_id= name=Hull H2708 (Jiangnan)
A1229,,679488e9-bcf3-4f70-aa21-4f3eefb559ac,row_id= name=Hull H2709 (Jiangnan)
A1230,,fc29abaa-ad1c-4f8e-8e94-61c6b3f6eb42,row_id= name=Hull H2858 (Jiangnan)
A1231,,157f55ff-61f7-4c57-a6a6-7f58f7104e1c,row_id= name=Hull H2859 (Jiangnan)
A1232,,d4bbf9e4-1036-478e-9c7a-156a33d7cc7a,unassigned (new appended row)
A1233,,7f02d207-e9ba-4ed1-a9a7-534a39941398,unassigned (new appended row)
A1234,,62e8720c-e6c0-44d2-86fc-10a4e789bb92,unassigned (new appended row)
A1235,,87cc57e5-a8f4-4cf2-8b30-f49b20726cc6,unassigned (new appended row)
A1236,,c8de6769-1086-41a6-9d87-7b1359b10963,unassigned (new appended row)
A1237,,9c3d76ac-86d8-4edd-81da-eddee7d45252,unassigned (new appended row)
A1238,,dc531eba-b51a-4e3e-a393-e855052e3ea0,unassigned (new appended row)
A1239,,0be6f7b8-18f9-4494-adaf-11bb10715dfd,unassigned (new appended row)
A1240,,892591f5-1f3c-4179-addf-3216e839f316,unassigned (new appended row)
A1241,,ecae1e48-81d5-4335-b501-d8fef77e7f7e,unassigned (new appended row)
A1242,,320b0192-b17e-46b1-8c99-922f24fdc71f,unassigned (new appended row)
A1243,,c2b3dfb2-88d9-47b0-a9af-6f58fcf19525,unassigned (new appended row)
A1244,,23d935f5-5dd4-4958-8ede-a26389356c6e,unassigned (new appended row)
A1245,,29c7db9c-764a-466e-ba36-556ae3f1f012,unassigned (new appended row)
A1246,,b7f4fca1-52ef-43cb-9061-32394628a1d6,unassigned (new appended row)
A1247,,131b1529-ae84-4677-ad5c-6910275a5c60,unassigned (new appended row)
A1248,,05e3bc47-f10c-43ec-a0bb-e48ab676dd54,unassigned (new appended row)
A1249,,e8a73e29-0194-47f4-a186-34b7e904137c,unassigned (new appended row)
A1250,,abc6d47c-31f5-4326-af12-fa288fa59fe0,unassigned (new appended row)
A1251,,cb2cadaf-0a81-4af4-a231-e935b32d2217,unassigned (new appended row)
