id,kind,row_id,cluster_id,column,confidence,derivable,default,decision,proposed_value,note
721|Cargo type,fill,721,,Cargo type,G,False,accept,accept,spherical,"blank in backend; IGU prints 'Spherical' [IGU 2026 Appendix 3 fleet table, PDF p"
721|Propulsion type,fill,721,,Propulsion type,G,False,accept,accept,steam,"blank in backend; IGU prints 'Steam' [IGU 2026 Appendix 3 fleet table, PDF p.77;"
721|Capacity,fill,721,,Capacity,G,False,accept,accept,125000,"blank in backend; IGU prints 125000 [IGU 2026 Appendix 3 fleet table, PDF p.77; "
721|Capacity units,fill,721,,Capacity units,G,False,accept,accept,cbm,derivable companion of the Capacity fill (no [ref] column)
721|Name,fill,721,,Name,Y,False,hold,accept,LNGT Antarctica,'Karmol LNGT Powership Antarctica' -> 'LNGT Antarctica': current name by IMO loo
811|Name,fill,811,,Name,Y,False,hold,accept,KLNGTP Americas,"'LNGT Americas' -> 'KLNGTP Americas': vesseltracker.com (live AIS name, IMO 9045"
971|Name,fill,971,,Name,G,False,accept,accept,American Energy,renamed / restyled since the load: 'Puteri Intan' -> IGU 2026 'American Energy (
535|Name,fill,535,,Name,G,False,accept,accept,Arctic Vostok,renamed / restyled since the load: 'East Energy' -> IGU 2026 'Arctic Vostok' (IG
1004|Name,fill,1004,,Name,Y,False,hold,accept,Gas Polaris,'Seapeak Hispania' -> 'Gas Polaris': marinetraffic.org and vesseltracker.com (IM
562|Name,fill,562,,Name,G,False,accept,accept,Arunika Jaya,renamed / restyled since the load: 'Energy Frontier' -> IGU 2026 'Arunika Jaya' 
648|Name,fill,648,,Name,G,False,accept,accept,SC Serenity,renamed / restyled since the load: 'Golar Arctic' -> IGU 2026 'SC SERENITY' (IGU
866|Name,fill,866,,Name,G,False,accept,accept,Arctic Metagaz,"'Metagas Everest' -> 'Arctic Metagaz': shipvault, marinetraffic.org and vesseltr"
416|Vessel type,fill,416,,Vessel type,Y,False,hold,hold,FSU,'conventional' -> 'FSU' per IGU 2026 (igu_changed; IGU 2025: 'Conventional') — F
686|Name,fill,686,,Name,G,False,accept,accept,Hongkong Energy,backend name defect 'Hongkong'; IGU prints 'Hongkong Energy' in both editions [I
686|Status,fill,686,,Status,Y,False,hold,hold,scrapped,'active' -> 'scrapped': shipvault (status SCRAPPED) and vesseltracker.com (heade
801|Name,fill,801,,Name,G,False,accept,accept,Gas Garuda,renamed / restyled since the load: 'LNG River Orashi' -> IGU 2026 'Gas Garuda (e
958|Name,fill,958,,Name,G,False,accept,accept,Arctic Pioneer,renamed / restyled since the load: 'Pioneer Spirit' -> IGU 2026 'Arctic Pioneer 
459|Name,fill,459,,Name,Y,False,hold,accept,LNG Scorpio,'CCH LNG' -> 'LNG Scorpio': marinetraffic.org and vesseltracker.com (IMO 9307205
1062|Name,fill,1062,,Name,G,False,accept,accept,Blue Dragon I,renamed / restyled since the load: 'Stena Blue Sky' -> IGU 2026 'Blue Dragon I' 
869|Name,fill,869,,Name,G,False,accept,accept,Shandong Redwood,renamed / restyled since the load: 'Methane Heather Sally' -> IGU 2026 'Shandong
377|Name,fill,377,,Name,G,False,accept,accept,LNGT Karadeniz,renamed / restyled since the load: 'Alto Acrux' -> IGU 2026 'LNGT Karadeniz' (IG
374|Vessel type,fill,374,,Vessel type,Y,False,hold,hold,FSRU,'conventional' -> 'FSRU' per IGU 2026 (backend_differs; IGU 2025: 'FSRU') [IGU 2
437|Name,fill,437,,Name,G,False,accept,accept,BW ENN Crystal Sky,backend name defect 'BW ENN Crystal'; IGU prints 'BW ENN Crystal Sky' in both ed
649|Name,fill,649,,Name,G,False,accept,accept,Italis LNG,renamed / restyled since the load: 'Golar Tundra' -> IGU 2026 'Italis LNG (ex-Go
467|Name,fill,467,,Name,G,False,accept,accept,Cesi Lianyungang,backend name defect 'Cesi'; IGU prints 'Cesi Lianyungang' in both editions [IGU 
568|Vessel type,fill,568,,Vessel type,G,False,accept,accept,conventional,load corruption (`Supporting` bled from the wrapped 'Self-Supporting Prismatic' 
568|Propulsion type,fill,568,,Propulsion type,G,False,accept,accept,DFDE,load corruption ('prismatic conventional DFDE'); IGU prints 'DFDE' in both editi
679|Name,fill,679,,Name,G,False,accept,accept,Hoegh Esperanza,backend name defect 'Hoegh'; IGU prints 'Hoegh Esperanza' in both editions [IGU 
563|Vessel type,fill,563,,Vessel type,G,False,accept,accept,conventional,load corruption (`Supporting` bled from the wrapped 'Self-Supporting Prismatic' 
563|Propulsion type,fill,563,,Propulsion type,G,False,accept,accept,DFDE,load corruption ('prismatic conventional DFDE'); IGU prints 'DFDE' in both editi
565|Vessel type,fill,565,,Vessel type,G,False,accept,accept,conventional,load corruption (`Supporting` bled from the wrapped 'Self-Supporting Prismatic' 
565|Propulsion type,fill,565,,Propulsion type,G,False,accept,accept,DFDE,load corruption ('prismatic conventional DFDE'); IGU prints 'DFDE' in both editi
573|Vessel type,fill,573,,Vessel type,G,False,accept,accept,conventional,load corruption (`Supporting` bled from the wrapped 'Self-Supporting Prismatic' 
573|Propulsion type,fill,573,,Propulsion type,G,False,accept,accept,DFDE,load corruption ('prismatic conventional DFDE'); IGU prints 'DFDE' in both editi
599|Cargo type,fill,599,,Cargo type,G,False,accept,accept,membrane,'spherical' -> 'Membrane': IGU changed its own value this edition [IGU 2026 Appe
781|Vessel type,fill,781,,Vessel type,G,False,accept,accept,small-scale,load corruption (`Supporting` bled from the wrapped 'Self-Supporting Prismatic' 
781|Propulsion type,fill,781,,Propulsion type,G,False,accept,accept,DFDE,load corruption ('prismatic small-scale DFDE'); IGU prints 'DFDE' in both editio
993|Name,fill,993,,Name,G,False,accept,accept,La Perouse,renamed / restyled since the load: 'SCF La Perouse' -> IGU 2026 'La Perouse (ex-
559|Name,fill,559,,Name,G,False,accept,accept,Energy Endeavour,backend name defect 'Energy Endeavor'; IGU prints 'Energy Endeavour' in both edi
924|Name,fill,924,,Name,G,False,accept,accept,Voskhod,renamed / restyled since the load: 'North Mountain' -> IGU 2026 'Voskhod' (IGU 2
39|Vessel type,fill,39,,Vessel type,G,False,accept,accept,conventional,"blank in backend; IGU prints 'Conventional' [IGU 2026 Appendix 3 fleet table, PD"
39|Cargo type,fill,39,,Cargo type,G,False,accept,accept,membrane,"blank in backend; IGU prints 'Membrane' [IGU 2026 Appendix 3 fleet table, PDF p."
40|Vessel type,fill,40,,Vessel type,G,False,accept,accept,conventional,blank in backend; IGU prints 'Conventional' [IGU 2026 Appendix 4 orderbook table
40|Delivery year,fill,40,,Delivery year,G,False,accept,accept,2026,backend 2025 cannot be right — IGU 2026 (fleet at end-2025) still had the vessel
40|Previous delivery year(s),fill,40,,Previous delivery year(s),G,False,accept,accept,2025,former Delivery year 2025 (now proposed 2026) — decide with the Delivery year li
40|Delivery delayed,fill,40,,Delivery delayed,G,False,accept,accept,yes,derived: Delivery year 2025 -> 2026 — decide with the Delivery year line
41|Vessel type,fill,41,,Vessel type,G,False,accept,accept,conventional,blank in backend; IGU prints 'Conventional' [IGU 2026 Appendix 4 orderbook table
41|Delivery year,fill,41,,Delivery year,G,False,accept,accept,2026,backend 2025 cannot be right — IGU 2026 (fleet at end-2025) still had the vessel
41|Previous delivery year(s),fill,41,,Previous delivery year(s),G,False,accept,accept,2025,former Delivery year 2025 (now proposed 2026) — decide with the Delivery year li
41|Delivery delayed,fill,41,,Delivery delayed,G,False,accept,accept,yes,derived: Delivery year 2025 -> 2026 — decide with the Delivery year line
42|Vessel type,fill,42,,Vessel type,G,False,accept,accept,conventional,blank in backend; IGU prints 'Conventional' [IGU 2026 Appendix 4 orderbook table
42|Delivery year,fill,42,,Delivery year,G,False,accept,accept,2026,backend 2025 cannot be right — IGU 2026 (fleet at end-2025) still had the vessel
42|Previous delivery year(s),fill,42,,Previous delivery year(s),G,False,accept,accept,2025,former Delivery year 2025 (now proposed 2026) — decide with the Delivery year li
42|Delivery delayed,fill,42,,Delivery delayed,G,False,accept,accept,yes,derived: Delivery year 2025 -> 2026 — decide with the Delivery year line
59|Vessel type,fill,59,,Vessel type,G,False,accept,accept,conventional,"blank in backend; IGU prints 'Conventional' [IGU 2026 Appendix 3 fleet table, PD"
59|Cargo type,fill,59,,Cargo type,G,False,accept,accept,membrane,"blank in backend; IGU prints 'Membrane' [IGU 2026 Appendix 3 fleet table, PDF p."
93|Vessel type,fill,93,,Vessel type,G,False,accept,accept,conventional,"blank in backend; IGU prints 'Conventional' [IGU 2026 Appendix 3 fleet table, PD"
93|Cargo type,fill,93,,Cargo type,G,False,accept,accept,membrane,"blank in backend; IGU prints 'Membrane' [IGU 2026 Appendix 3 fleet table, PDF p."
95|Vessel type,fill,95,,Vessel type,G,False,accept,accept,conventional,"blank in backend; IGU prints 'Conventional' [IGU 2026 Appendix 3 fleet table, PD"
95|Cargo type,fill,95,,Cargo type,G,False,accept,accept,membrane,"blank in backend; IGU prints 'Membrane' [IGU 2026 Appendix 3 fleet table, PDF p."
97|Vessel type,fill,97,,Vessel type,G,False,accept,accept,conventional,"blank in backend; IGU prints 'Conventional' [IGU 2026 Appendix 3 fleet table, PD"
97|Cargo type,fill,97,,Cargo type,G,False,accept,accept,membrane,"blank in backend; IGU prints 'Membrane' [IGU 2026 Appendix 3 fleet table, PDF p."
104|Vessel type,fill,104,,Vessel type,G,False,accept,accept,conventional,"blank in backend; IGU prints 'Conventional' [IGU 2026 Appendix 3 fleet table, PD"
104|Cargo type,fill,104,,Cargo type,G,False,accept,accept,membrane,"blank in backend; IGU prints 'Membrane' [IGU 2026 Appendix 3 fleet table, PDF p."
105|Vessel type,fill,105,,Vessel type,G,False,accept,accept,conventional,"blank in backend; IGU prints 'Conventional' [IGU 2026 Appendix 3 fleet table, PD"
105|Cargo type,fill,105,,Cargo type,G,False,accept,accept,membrane,"blank in backend; IGU prints 'Membrane' [IGU 2026 Appendix 3 fleet table, PDF p."
106|Vessel type,fill,106,,Vessel type,G,False,accept,accept,conventional,"blank in backend; IGU prints 'Conventional' [IGU 2026 Appendix 3 fleet table, PD"
106|Cargo type,fill,106,,Cargo type,G,False,accept,accept,membrane,"blank in backend; IGU prints 'Membrane' [IGU 2026 Appendix 3 fleet table, PDF p."
106|Propulsion type,fill,106,,Propulsion type,G,False,accept,accept,ME-GA,'X-DF' -> 'ME-GA': IGU changed its own value this edition (IGU 2025: 'X-DF') [IG
107|Vessel type,fill,107,,Vessel type,G,False,accept,accept,conventional,"blank in backend; IGU prints 'Conventional' [IGU 2026 Appendix 3 fleet table, PD"
107|Cargo type,fill,107,,Cargo type,G,False,accept,accept,membrane,"blank in backend; IGU prints 'Membrane' [IGU 2026 Appendix 3 fleet table, PDF p."
110|Vessel type,fill,110,,Vessel type,G,False,accept,accept,conventional,"blank in backend; IGU prints 'Conventional' [IGU 2026 Appendix 3 fleet table, PD"
110|Cargo type,fill,110,,Cargo type,G,False,accept,accept,membrane,"blank in backend; IGU prints 'Membrane' [IGU 2026 Appendix 3 fleet table, PDF p."
111|Vessel type,fill,111,,Vessel type,G,False,accept,accept,conventional,"blank in backend; IGU prints 'Conventional' [IGU 2026 Appendix 3 fleet table, PD"
111|Cargo type,fill,111,,Cargo type,G,False,accept,accept,membrane,"blank in backend; IGU prints 'Membrane' [IGU 2026 Appendix 3 fleet table, PDF p."
112|Vessel type,fill,112,,Vessel type,G,False,accept,accept,conventional,"blank in backend; IGU prints 'Conventional' [IGU 2026 Appendix 3 fleet table, PD"
112|Cargo type,fill,112,,Cargo type,G,False,accept,accept,membrane,"blank in backend; IGU prints 'Membrane' [IGU 2026 Appendix 3 fleet table, PDF p."
112|Propulsion type,fill,112,,Propulsion type,G,False,accept,accept,X-DF,'ME-GA' -> 'X-DF': IGU changed its own value this edition (IGU 2025: 'ME-GA') [I
114|Vessel type,fill,114,,Vessel type,G,False,accept,accept,conventional,"blank in backend; IGU prints 'Conventional' [IGU 2026 Appendix 3 fleet table, PD"
114|Cargo type,fill,114,,Cargo type,G,False,accept,accept,membrane,"blank in backend; IGU prints 'Membrane' [IGU 2026 Appendix 3 fleet table, PDF p."
115|Vessel type,fill,115,,Vessel type,G,False,accept,accept,conventional,"blank in backend; IGU prints 'Conventional' [IGU 2026 Appendix 3 fleet table, PD"
115|Cargo type,fill,115,,Cargo type,G,False,accept,accept,membrane,"blank in backend; IGU prints 'Membrane' [IGU 2026 Appendix 3 fleet table, PDF p."
116|Vessel type,fill,116,,Vessel type,G,False,accept,accept,conventional,blank in backend; IGU prints 'Conventional' [IGU 2026 Appendix 4 orderbook table
116|Delivery year,fill,116,,Delivery year,G,False,accept,accept,2026,backend 2025 cannot be right — IGU 2026 (fleet at end-2025) still had the vessel
116|Previous delivery year(s),fill,116,,Previous delivery year(s),G,False,accept,accept,2025,former Delivery year 2025 (now proposed 2026) — decide with the Delivery year li
116|Delivery delayed,fill,116,,Delivery delayed,G,False,accept,accept,yes,derived: Delivery year 2025 -> 2026 — decide with the Delivery year line
117|Vessel type,fill,117,,Vessel type,G,False,accept,accept,conventional,blank in backend; IGU prints 'Conventional' [IGU 2026 Appendix 4 orderbook table
117|Delivery year,fill,117,,Delivery year,G,False,accept,accept,2026,backend 2025 cannot be right — IGU 2026 (fleet at end-2025) still had the vessel
117|Previous delivery year(s),fill,117,,Previous delivery year(s),G,False,accept,accept,2025,former Delivery year 2025 (now proposed 2026) — decide with the Delivery year li
117|Delivery delayed,fill,117,,Delivery delayed,G,False,accept,accept,yes,derived: Delivery year 2025 -> 2026 — decide with the Delivery year line
118|Vessel type,fill,118,,Vessel type,G,False,accept,accept,conventional,blank in backend; IGU prints 'Conventional' [IGU 2026 Appendix 4 orderbook table
118|Delivery year,fill,118,,Delivery year,G,False,accept,accept,2026,backend 2025 cannot be right — IGU 2026 (fleet at end-2025) still had the vessel
118|Previous delivery year(s),fill,118,,Previous delivery year(s),G,False,accept,accept,2025,former Delivery year 2025 (now proposed 2026) — decide with the Delivery year li
118|Delivery delayed,fill,118,,Delivery delayed,G,False,accept,accept,yes,derived: Delivery year 2025 -> 2026 — decide with the Delivery year line
121|Vessel type,fill,121,,Vessel type,G,False,accept,accept,conventional,blank in backend; IGU prints 'Conventional' [IGU 2026 Appendix 4 orderbook table
121|Delivery year,fill,121,,Delivery year,G,False,accept,accept,2026,backend 2025 cannot be right — IGU 2026 (fleet at end-2025) still had the vessel
121|Previous delivery year(s),fill,121,,Previous delivery year(s),G,False,accept,accept,2025,former Delivery year 2025 (now proposed 2026) — decide with the Delivery year li
121|Delivery delayed,fill,121,,Delivery delayed,G,False,accept,accept,yes,derived: Delivery year 2025 -> 2026 — decide with the Delivery year line
180|Vessel type,fill,180,,Vessel type,G,False,accept,accept,conventional,"blank in backend; IGU prints 'Conventional' [IGU 2026 Appendix 3 fleet table, PD"
180|Cargo type,fill,180,,Cargo type,G,False,accept,accept,membrane,"blank in backend; IGU prints 'Membrane' [IGU 2026 Appendix 3 fleet table, PDF p."
182|Vessel type,fill,182,,Vessel type,G,False,accept,accept,conventional,"blank in backend; IGU prints 'Conventional' [IGU 2026 Appendix 3 fleet table, PD"
182|Cargo type,fill,182,,Cargo type,G,False,accept,accept,membrane,"blank in backend; IGU prints 'Membrane' [IGU 2026 Appendix 3 fleet table, PDF p."
183|Vessel type,fill,183,,Vessel type,G,False,accept,accept,conventional,blank in backend; IGU prints 'Conventional' [IGU 2026 Appendix 4 orderbook table
183|Delivery year,fill,183,,Delivery year,G,False,accept,accept,2026,backend 2025 cannot be right — IGU 2026 (fleet at end-2025) still had the vessel
183|Previous delivery year(s),fill,183,,Previous delivery year(s),G,False,accept,accept,2025,former Delivery year 2025 (now proposed 2026) — decide with the Delivery year li
183|Delivery delayed,fill,183,,Delivery delayed,G,False,accept,accept,yes,derived: Delivery year 2025 -> 2026 — decide with the Delivery year line
226|Vessel type,fill,226,,Vessel type,G,False,accept,accept,conventional,"blank in backend; IGU prints 'Conventional' [IGU 2026 Appendix 3 fleet table, PD"
226|Cargo type,fill,226,,Cargo type,G,False,accept,accept,membrane,"blank in backend; IGU prints 'Membrane' [IGU 2026 Appendix 3 fleet table, PDF p."
230|Vessel type,fill,230,,Vessel type,G,False,accept,accept,conventional,"blank in backend; IGU prints 'Conventional' [IGU 2026 Appendix 3 fleet table, PD"
230|Cargo type,fill,230,,Cargo type,G,False,accept,accept,membrane,"blank in backend; IGU prints 'Membrane' [IGU 2026 Appendix 3 fleet table, PDF p."
257|Vessel type,fill,257,,Vessel type,G,False,accept,accept,conventional,"blank in backend; IGU prints 'Conventional' [IGU 2026 Appendix 3 fleet table, PD"
257|Cargo type,fill,257,,Cargo type,G,False,accept,accept,membrane,"blank in backend; IGU prints 'Membrane' [IGU 2026 Appendix 3 fleet table, PDF p."
261|Vessel type,fill,261,,Vessel type,G,False,accept,accept,conventional,"blank in backend; IGU prints 'Conventional' [IGU 2026 Appendix 3 fleet table, PD"
261|Cargo type,fill,261,,Cargo type,G,False,accept,accept,membrane,"blank in backend; IGU prints 'Membrane' [IGU 2026 Appendix 3 fleet table, PDF p."
262|Vessel type,fill,262,,Vessel type,G,False,accept,accept,conventional,"blank in backend; IGU prints 'Conventional' [IGU 2026 Appendix 3 fleet table, PD"
262|Cargo type,fill,262,,Cargo type,G,False,accept,accept,membrane,"blank in backend; IGU prints 'Membrane' [IGU 2026 Appendix 3 fleet table, PDF p."
266|Vessel type,fill,266,,Vessel type,G,False,accept,accept,conventional,"blank in backend; IGU prints 'Conventional' [IGU 2026 Appendix 3 fleet table, PD"
266|Cargo type,fill,266,,Cargo type,G,False,accept,accept,membrane,"blank in backend; IGU prints 'Membrane' [IGU 2026 Appendix 3 fleet table, PDF p."
266|Name,fill,266,,Name,G,False,accept,accept,Greenergy Star,renamed / restyled since the load: 'Greenenergy Star' -> IGU 2026 'Greenergy Sta
267|Vessel type,fill,267,,Vessel type,G,False,accept,accept,conventional,"blank in backend; IGU prints 'Conventional' [IGU 2026 Appendix 3 fleet table, PD"
267|Cargo type,fill,267,,Cargo type,G,False,accept,accept,membrane,"blank in backend; IGU prints 'Membrane' [IGU 2026 Appendix 3 fleet table, PDF p."
267|Name,fill,267,,Name,G,False,accept,accept,Greenergy Moon,renamed / restyled since the load: 'Greenenergy Moon' -> IGU 2026 'GREENERGY MOO
276|Vessel type,fill,276,,Vessel type,G,False,accept,accept,conventional,"blank in backend; IGU prints 'Conventional' [IGU 2026 Appendix 3 fleet table, PD"
276|Cargo type,fill,276,,Cargo type,G,False,accept,accept,membrane,"blank in backend; IGU prints 'Membrane' [IGU 2026 Appendix 3 fleet table, PDF p."
277|Vessel type,fill,277,,Vessel type,G,False,accept,accept,conventional,"blank in backend; IGU prints 'Conventional' [IGU 2026 Appendix 3 fleet table, PD"
277|Cargo type,fill,277,,Cargo type,G,False,accept,accept,membrane,"blank in backend; IGU prints 'Membrane' [IGU 2026 Appendix 3 fleet table, PDF p."
288|Vessel type,fill,288,,Vessel type,G,False,accept,accept,conventional,"blank in backend; IGU prints 'Conventional' [IGU 2026 Appendix 3 fleet table, PD"
288|Cargo type,fill,288,,Cargo type,G,False,accept,accept,membrane,"blank in backend; IGU prints 'Membrane' [IGU 2026 Appendix 3 fleet table, PDF p."
371|Vessel type,fill,371,,Vessel type,G,False,accept,accept,conventional,"blank in backend; IGU prints 'Conventional' [IGU 2026 Appendix 3 fleet table, PD"
371|Cargo type,fill,371,,Cargo type,G,False,accept,accept,membrane,"blank in backend; IGU prints 'Membrane' [IGU 2026 Appendix 3 fleet table, PDF p."
371|Name,fill,371,,Name,Y,False,hold,hold,Al Kheesah,'Al-Kheesha' -> 'Al Kheesah': spelling only (`Al-Kheesha` vs IGU `Al Kheesah`) —
371|Propulsion type,fill,371,,Propulsion type,G,False,accept,accept,X-DF,'ME-GA' -> 'X-DF': IGU changed its own value this edition (IGU 2025: 'ME-GA') [I
432|Vessel type,fill,432,,Vessel type,G,False,accept,accept,conventional,blank in backend; IGU prints 'Conventional' [IGU 2026 Appendix 4 orderbook table
432|Delivery year,fill,432,,Delivery year,G,False,accept,accept,2026,backend 2025 cannot be right — IGU 2026 (fleet at end-2025) still had the vessel
432|Previous delivery year(s),fill,432,,Previous delivery year(s),G,False,accept,accept,2025,former Delivery year 2025 (now proposed 2026) — decide with the Delivery year li
432|Delivery delayed,fill,432,,Delivery delayed,G,False,accept,accept,yes,derived: Delivery year 2025 -> 2026 — decide with the Delivery year line
445|Vessel type,fill,445,,Vessel type,G,False,accept,accept,conventional,blank in backend; IGU prints 'Conventional' [IGU 2026 Appendix 4 orderbook table
445|Delivery year,fill,445,,Delivery year,G,False,accept,accept,2026,backend 2025 cannot be right — IGU 2026 (fleet at end-2025) still had the vessel
445|Previous delivery year(s),fill,445,,Previous delivery year(s),G,False,accept,accept,2025,former Delivery year 2025 (now proposed 2026) — decide with the Delivery year li
445|Delivery delayed,fill,445,,Delivery delayed,G,False,accept,accept,yes,derived: Delivery year 2025 -> 2026 — decide with the Delivery year line
482|Vessel type,fill,482,,Vessel type,G,False,accept,accept,conventional,"blank in backend; IGU prints 'Conventional' [IGU 2026 Appendix 3 fleet table, PD"
482|Cargo type,fill,482,,Cargo type,G,False,accept,accept,membrane,"blank in backend; IGU prints 'Membrane' [IGU 2026 Appendix 3 fleet table, PDF p."
482|Propulsion type,fill,482,,Propulsion type,G,False,accept,accept,ME-GA,'X-DF' -> 'ME-GA': IGU changed its own value this edition (IGU 2025: 'X-DF') [IG
483|Vessel type,fill,483,,Vessel type,G,False,accept,accept,conventional,"blank in backend; IGU prints 'Conventional' [IGU 2026 Appendix 3 fleet table, PD"
483|Cargo type,fill,483,,Cargo type,G,False,accept,accept,membrane,"blank in backend; IGU prints 'Membrane' [IGU 2026 Appendix 3 fleet table, PDF p."
483|Propulsion type,fill,483,,Propulsion type,G,False,accept,accept,ME-GA,'X-DF' -> 'ME-GA': IGU changed its own value this edition (IGU 2025: 'X-DF') [IG
488|Vessel type,fill,488,,Vessel type,G,False,accept,accept,conventional,blank in backend; IGU prints 'Conventional' [IGU 2026 Appendix 4 orderbook table
488|Name,fill,488,,Name,G,False,accept,accept,Clean Sirocco,renamed / restyled since the load: 'Clean Srocco' -> IGU 2026 'Clean Sirocco' (I
488|Delivery year,fill,488,,Delivery year,G,False,accept,accept,2026,backend 2025 cannot be right — IGU 2026 (fleet at end-2025) still had the vessel
488|Previous delivery year(s),fill,488,,Previous delivery year(s),G,False,accept,accept,2025,former Delivery year 2025 (now proposed 2026) — decide with the Delivery year li
488|Delivery delayed,fill,488,,Delivery delayed,G,False,accept,accept,yes,derived: Delivery year 2025 -> 2026 — decide with the Delivery year line
612|Vessel type,fill,612,,Vessel type,G,False,accept,accept,conventional,"blank in backend; IGU prints 'Conventional' [IGU 2026 Appendix 3 fleet table, PD"
612|Cargo type,fill,612,,Cargo type,G,False,accept,accept,membrane,"blank in backend; IGU prints 'Membrane' [IGU 2026 Appendix 3 fleet table, PDF p."
670|Vessel type,fill,670,,Vessel type,G,False,accept,accept,conventional,"blank in backend; IGU prints 'Conventional' [IGU 2026 Appendix 3 fleet table, PD"
670|Cargo type,fill,670,,Cargo type,G,False,accept,accept,membrane,"blank in backend; IGU prints 'Membrane' [IGU 2026 Appendix 3 fleet table, PDF p."
670|Propulsion type,fill,670,,Propulsion type,G,False,accept,accept,X-DF,'ME-GA' -> 'X-DF': IGU changed its own value this edition (IGU 2025: 'ME-GA') [I
671|Vessel type,fill,671,,Vessel type,G,False,accept,accept,conventional,"blank in backend; IGU prints 'Conventional' [IGU 2026 Appendix 3 fleet table, PD"
671|Cargo type,fill,671,,Cargo type,G,False,accept,accept,membrane,"blank in backend; IGU prints 'Membrane' [IGU 2026 Appendix 3 fleet table, PDF p."
672|Vessel type,fill,672,,Vessel type,G,False,accept,accept,conventional,"blank in backend; IGU prints 'Conventional' [IGU 2026 Appendix 3 fleet table, PD"
672|Cargo type,fill,672,,Cargo type,G,False,accept,accept,membrane,"blank in backend; IGU prints 'Membrane' [IGU 2026 Appendix 3 fleet table, PDF p."
676|Vessel type,fill,676,,Vessel type,G,False,accept,accept,conventional,"blank in backend; IGU prints 'Conventional' [IGU 2026 Appendix 3 fleet table, PD"
676|Cargo type,fill,676,,Cargo type,G,False,accept,accept,membrane,"blank in backend; IGU prints 'Membrane' [IGU 2026 Appendix 3 fleet table, PDF p."
701|Vessel type,fill,701,,Vessel type,G,False,accept,accept,conventional,"blank in backend; IGU prints 'Conventional' [IGU 2026 Appendix 3 fleet table, PD"
701|Cargo type,fill,701,,Cargo type,G,False,accept,accept,membrane,"blank in backend; IGU prints 'Membrane' [IGU 2026 Appendix 3 fleet table, PDF p."
703|Vessel type,fill,703,,Vessel type,G,False,accept,accept,icebreaker,"blank in backend; IGU prints 'Icebreaker' [IGU 2026 Appendix 4 orderbook table, "
703|Status,fill,703,,Status,Y,False,hold,hold,on order,"backend `active`, IGU 2026 still lists the vessel in the orderbook (shipvault le"
703|Delivery year,fill,703,,Delivery year,Y,False,hold,hold,2027,rides with the Status change: IGU orderbook delivery year 2027 (backend 2025) [I
703|Previous delivery year(s),fill,703,,Previous delivery year(s),Y,False,hold,hold,2025,former Delivery year 2025 (now proposed 2027) — decide with the Delivery year li
703|Delivery delayed,fill,703,,Delivery delayed,Y,False,hold,hold,yes,derived: Delivery year 2025 -> 2027 — decide with the Delivery year line
749|Vessel type,fill,749,,Vessel type,G,False,accept,accept,conventional,"blank in backend; IGU prints 'Conventional' [IGU 2026 Appendix 3 fleet table, PD"
749|Cargo type,fill,749,,Cargo type,G,False,accept,accept,membrane,"blank in backend; IGU prints 'Membrane' [IGU 2026 Appendix 3 fleet table, PDF p."
752|Vessel type,fill,752,,Vessel type,G,False,accept,accept,icebreaker,"blank in backend; IGU prints 'Icebreaker' [IGU 2026 Appendix 4 orderbook table, "
752|Status,fill,752,,Status,Y,False,hold,hold,on order,"backend `active`, IGU 2026 still lists the vessel in the orderbook (shipvault le"
752|Delivery year,fill,752,,Delivery year,Y,False,hold,hold,2027,rides with the Status change: IGU orderbook delivery year 2027 (backend 2025) [I
752|Previous delivery year(s),fill,752,,Previous delivery year(s),Y,False,hold,hold,2025,former Delivery year 2025 (now proposed 2027) — decide with the Delivery year li
752|Delivery delayed,fill,752,,Delivery delayed,Y,False,hold,hold,yes,derived: Delivery year 2025 -> 2027 — decide with the Delivery year line
797|Vessel type,fill,797,,Vessel type,G,False,accept,accept,conventional,blank in backend; IGU prints 'Conventional' [IGU 2026 Appendix 4 orderbook table
797|Delivery year,fill,797,,Delivery year,G,False,accept,accept,2026,backend 2025 cannot be right — IGU 2026 (fleet at end-2025) still had the vessel
797|Previous delivery year(s),fill,797,,Previous delivery year(s),G,False,accept,accept,2025,former Delivery year 2025 (now proposed 2026) — decide with the Delivery year li
797|Delivery delayed,fill,797,,Delivery delayed,G,False,accept,accept,yes,derived: Delivery year 2025 -> 2026 — decide with the Delivery year line
849|Vessel type,fill,849,,Vessel type,G,False,accept,accept,conventional,"blank in backend; IGU prints 'Conventional' [IGU 2026 Appendix 3 fleet table, PD"
849|Cargo type,fill,849,,Cargo type,G,False,accept,accept,membrane,"blank in backend; IGU prints 'Membrane' [IGU 2026 Appendix 3 fleet table, PDF p."
864|Vessel type,fill,864,,Vessel type,G,False,accept,accept,conventional,"blank in backend; IGU prints 'Conventional' [IGU 2026 Appendix 3 fleet table, PD"
864|Cargo type,fill,864,,Cargo type,G,False,accept,accept,membrane,"blank in backend; IGU prints 'Membrane' [IGU 2026 Appendix 3 fleet table, PDF p."
885|Vessel type,fill,885,,Vessel type,G,False,accept,accept,conventional,"blank in backend; IGU prints 'Conventional' [IGU 2026 Appendix 3 fleet table, PD"
885|Cargo type,fill,885,,Cargo type,G,False,accept,accept,membrane,"blank in backend; IGU prints 'Membrane' [IGU 2026 Appendix 3 fleet table, PDF p."
915|Vessel type,fill,915,,Vessel type,G,False,accept,accept,conventional,"blank in backend; IGU prints 'Conventional' [IGU 2026 Appendix 3 fleet table, PD"
915|Cargo type,fill,915,,Cargo type,G,False,accept,accept,membrane,"blank in backend; IGU prints 'Membrane' [IGU 2026 Appendix 3 fleet table, PDF p."
916|Vessel type,fill,916,,Vessel type,G,False,accept,accept,icebreaker,"blank in backend; IGU prints 'Icebreaker' [IGU 2026 Appendix 4 orderbook table, "
916|Status,fill,916,,Status,Y,False,hold,hold,on order,"backend `active`, IGU 2026 still lists the vessel in the orderbook (shipvault le"
916|Delivery year,fill,916,,Delivery year,Y,False,hold,hold,2027,rides with the Status change: IGU orderbook delivery year 2027 (backend 2025) [I
916|Previous delivery year(s),fill,916,,Previous delivery year(s),Y,False,hold,hold,2025,former Delivery year 2025 (now proposed 2027) — decide with the Delivery year li
916|Delivery delayed,fill,916,,Delivery delayed,Y,False,hold,hold,yes,derived: Delivery year 2025 -> 2027 — decide with the Delivery year line
917|Vessel type,fill,917,,Vessel type,G,False,accept,accept,icebreaker,"blank in backend; IGU prints 'Icebreaker' [IGU 2026 Appendix 4 orderbook table, "
917|Status,fill,917,,Status,Y,False,hold,hold,on order,"backend `active`, IGU 2026 still lists the vessel in the orderbook (shipvault le"
917|Delivery year,fill,917,,Delivery year,Y,False,hold,hold,2027,rides with the Status change: IGU orderbook delivery year 2027 (backend 2025) [I
917|Previous delivery year(s),fill,917,,Previous delivery year(s),Y,False,hold,hold,2025,former Delivery year 2025 (now proposed 2027) — decide with the Delivery year li
917|Delivery delayed,fill,917,,Delivery delayed,Y,False,hold,hold,yes,derived: Delivery year 2025 -> 2027 — decide with the Delivery year line
927|Vessel type,fill,927,,Vessel type,G,False,accept,accept,conventional,"blank in backend; IGU prints 'Conventional' [IGU 2026 Appendix 3 fleet table, PD"
927|Cargo type,fill,927,,Cargo type,G,False,accept,accept,membrane,"blank in backend; IGU prints 'Membrane' [IGU 2026 Appendix 3 fleet table, PDF p."
933|Vessel type,fill,933,,Vessel type,G,False,accept,accept,conventional,"blank in backend; IGU prints 'Conventional' [IGU 2026 Appendix 3 fleet table, PD"
933|Cargo type,fill,933,,Cargo type,G,False,accept,accept,membrane,"blank in backend; IGU prints 'Membrane' [IGU 2026 Appendix 3 fleet table, PDF p."
934|Vessel type,fill,934,,Vessel type,G,False,accept,accept,conventional,"blank in backend; IGU prints 'Conventional' [IGU 2026 Appendix 3 fleet table, PD"
934|Cargo type,fill,934,,Cargo type,G,False,accept,accept,membrane,"blank in backend; IGU prints 'Membrane' [IGU 2026 Appendix 3 fleet table, PDF p."
939|Vessel type,fill,939,,Vessel type,G,False,accept,accept,conventional,"blank in backend; IGU prints 'Conventional' [IGU 2026 Appendix 3 fleet table, PD"
939|Cargo type,fill,939,,Cargo type,G,False,accept,accept,membrane,"blank in backend; IGU prints 'Membrane' [IGU 2026 Appendix 3 fleet table, PDF p."
972|Vessel type,fill,972,,Vessel type,G,False,accept,accept,conventional,"blank in backend; IGU prints 'Conventional' [IGU 2026 Appendix 3 fleet table, PD"
972|Cargo type,fill,972,,Cargo type,G,False,accept,accept,membrane,"blank in backend; IGU prints 'Membrane' [IGU 2026 Appendix 3 fleet table, PDF p."
981|Vessel type,fill,981,,Vessel type,G,False,accept,accept,icebreaker,"blank in backend; IGU prints 'Icebreaker' [IGU 2026 Appendix 4 orderbook table, "
981|Status,fill,981,,Status,Y,False,hold,hold,on order,"backend `active`, IGU 2026 still lists the vessel in the orderbook (shipvault le"
981|Delivery year,fill,981,,Delivery year,Y,False,hold,hold,2027,rides with the Status change: IGU orderbook delivery year 2027 (backend 2025) [I
981|Previous delivery year(s),fill,981,,Previous delivery year(s),Y,False,hold,hold,2025,former Delivery year 2025 (now proposed 2027) — decide with the Delivery year li
981|Delivery delayed,fill,981,,Delivery delayed,Y,False,hold,hold,yes,derived: Delivery year 2025 -> 2027 — decide with the Delivery year line
994|Vessel type,fill,994,,Vessel type,G,False,accept,accept,conventional,blank in backend; IGU prints 'Conventional' [IGU 2026 Appendix 4 orderbook table
994|Delivery year,fill,994,,Delivery year,G,False,accept,accept,2026,backend 2025 cannot be right — IGU 2026 (fleet at end-2025) still had the vessel
994|Previous delivery year(s),fill,994,,Previous delivery year(s),G,False,accept,accept,2025,former Delivery year 2025 (now proposed 2026) — decide with the Delivery year li
994|Delivery delayed,fill,994,,Delivery delayed,G,False,accept,accept,yes,derived: Delivery year 2025 -> 2026 — decide with the Delivery year line
995|Vessel type,fill,995,,Vessel type,G,False,accept,accept,conventional,blank in backend; IGU prints 'Conventional' [IGU 2026 Appendix 4 orderbook table
995|Status,fill,995,,Status,Y,False,hold,accept,on order,"backend `active`, IGU 2026 still lists the vessel in the orderbook (shipvault le"
995|Delivery year,fill,995,,Delivery year,Y,False,hold,accept,2026,rides with the Status change: IGU orderbook delivery year 2026 (backend 2025) [I
995|Previous delivery year(s),fill,995,,Previous delivery year(s),Y,False,hold,accept,2025,former Delivery year 2025 (now proposed 2026) — decide with the Delivery year li
995|Delivery delayed,fill,995,,Delivery delayed,Y,False,hold,accept,yes,derived: Delivery year 2025 -> 2026 — decide with the Delivery year line
996|Vessel type,fill,996,,Vessel type,G,False,accept,accept,conventional,blank in backend; IGU prints 'Conventional' [IGU 2026 Appendix 4 orderbook table
996|Delivery year,fill,996,,Delivery year,G,False,accept,accept,2026,backend 2025 cannot be right — IGU 2026 (fleet at end-2025) still had the vessel
996|Previous delivery year(s),fill,996,,Previous delivery year(s),G,False,accept,accept,2025,former Delivery year 2025 (now proposed 2026) — decide with the Delivery year li
996|Delivery delayed,fill,996,,Delivery delayed,G,False,accept,accept,yes,derived: Delivery year 2025 -> 2026 — decide with the Delivery year line
997|Vessel type,fill,997,,Vessel type,G,False,accept,accept,conventional,"blank in backend; IGU prints 'Conventional' [IGU 2026 Appendix 3 fleet table, PD"
997|Cargo type,fill,997,,Cargo type,G,False,accept,accept,membrane,"blank in backend; IGU prints 'Membrane' [IGU 2026 Appendix 3 fleet table, PDF p."
1091|Vessel type,fill,1091,,Vessel type,G,False,accept,accept,conventional,"blank in backend; IGU prints 'Conventional' [IGU 2026 Appendix 3 fleet table, PD"
1091|Cargo type,fill,1091,,Cargo type,G,False,accept,accept,membrane,"blank in backend; IGU prints 'Membrane' [IGU 2026 Appendix 3 fleet table, PDF p."
1096|Vessel type,fill,1096,,Vessel type,G,False,accept,accept,conventional,"blank in backend; IGU prints 'Conventional' [IGU 2026 Appendix 3 fleet table, PD"
1096|Cargo type,fill,1096,,Cargo type,G,False,accept,accept,membrane,"blank in backend; IGU prints 'Membrane' [IGU 2026 Appendix 3 fleet table, PDF p."
1098|Vessel type,fill,1098,,Vessel type,G,False,accept,accept,conventional,"blank in backend; IGU prints 'Conventional' [IGU 2026 Appendix 3 fleet table, PD"
1098|Cargo type,fill,1098,,Cargo type,G,False,accept,accept,membrane,"blank in backend; IGU prints 'Membrane' [IGU 2026 Appendix 3 fleet table, PDF p."
1107|Vessel type,fill,1107,,Vessel type,G,False,accept,accept,conventional,"blank in backend; IGU prints 'Conventional' [IGU 2026 Appendix 3 fleet table, PD"
1107|Cargo type,fill,1107,,Cargo type,G,False,accept,accept,membrane,"blank in backend; IGU prints 'Membrane' [IGU 2026 Appendix 3 fleet table, PDF p."
1111|Vessel type,fill,1111,,Vessel type,G,False,accept,accept,conventional,"blank in backend; IGU prints 'Conventional' [IGU 2026 Appendix 3 fleet table, PD"
1111|Cargo type,fill,1111,,Cargo type,G,False,accept,accept,membrane,"blank in backend; IGU prints 'Membrane' [IGU 2026 Appendix 3 fleet table, PDF p."
1132|Vessel type,fill,1132,,Vessel type,G,False,accept,accept,conventional,"blank in backend; IGU prints 'Conventional' [IGU 2026 Appendix 3 fleet table, PD"
1132|Cargo type,fill,1132,,Cargo type,G,False,accept,accept,membrane,"blank in backend; IGU prints 'Membrane' [IGU 2026 Appendix 3 fleet table, PDF p."
1143|Vessel type,fill,1143,,Vessel type,G,False,accept,accept,icebreaker,"blank in backend; IGU prints 'Icebreaker' [IGU 2026 Appendix 4 orderbook table, "
1143|Status,fill,1143,,Status,Y,False,hold,hold,on order,"backend `active`, IGU 2026 still lists the vessel in the orderbook (shipvault le"
1143|Delivery year,fill,1143,,Delivery year,Y,False,hold,hold,2027,rides with the Status change: IGU orderbook delivery year 2027 (backend 2025) [I
1143|Previous delivery year(s),fill,1143,,Previous delivery year(s),Y,False,hold,hold,2025,former Delivery year 2025 (now proposed 2027) — decide with the Delivery year li
1143|Delivery delayed,fill,1143,,Delivery delayed,Y,False,hold,hold,yes,derived: Delivery year 2025 -> 2027 — decide with the Delivery year line
43|Vessel type,fill,43,,Vessel type,G,False,accept,accept,conventional,"blank in backend; IGU prints 'Conventional' [IGU 2026 Appendix 3 fleet table, PD"
43|Cargo type,fill,43,,Cargo type,G,False,accept,accept,membrane,"blank in backend; IGU prints 'Membrane' [IGU 2026 Appendix 3 fleet table, PDF p."
43|Propulsion type,fill,43,,Propulsion type,G,False,accept,accept,ME-GA,'ME-GI' -> 'ME-GA': IGU changed its own value this edition (IGU 2025: 'ME-GI') [
44|Vessel type,fill,44,,Vessel type,G,False,accept,accept,conventional,"blank in backend; IGU prints 'Conventional' [IGU 2026 Appendix 3 fleet table, PD"
44|Cargo type,fill,44,,Cargo type,G,False,accept,accept,membrane,"blank in backend; IGU prints 'Membrane' [IGU 2026 Appendix 3 fleet table, PDF p."
44|Capacity,fill,44,,Capacity,G,False,accept,accept,174000,200000 -> 174000: IGU changed its own value this edition [IGU 2026 Appendix 3 fl
44|Propulsion type,fill,44,,Propulsion type,G,False,accept,accept,ME-GA,'ME-GI' -> 'ME-GA': IGU changed its own value this edition (IGU 2025: 'ME-GI') [
45|Vessel type,fill,45,,Vessel type,G,False,accept,accept,conventional,blank in backend; IGU prints 'Conventional' [IGU 2026 Appendix 4 orderbook table
47|Vessel type,fill,47,,Vessel type,G,False,accept,accept,conventional,"blank in backend; IGU prints 'Conventional' [IGU 2026 Appendix 3 fleet table, PD"
47|Cargo type,fill,47,,Cargo type,G,False,accept,accept,membrane,"blank in backend; IGU prints 'Membrane' [IGU 2026 Appendix 3 fleet table, PDF p."
48|Vessel type,fill,48,,Vessel type,G,False,accept,accept,conventional,"blank in backend; IGU prints 'Conventional' [IGU 2026 Appendix 3 fleet table, PD"
48|Cargo type,fill,48,,Cargo type,G,False,accept,accept,membrane,"blank in backend; IGU prints 'Membrane' [IGU 2026 Appendix 3 fleet table, PDF p."
49|Vessel type,fill,49,,Vessel type,G,False,accept,accept,conventional,blank in backend; IGU prints 'Conventional' [IGU 2026 Appendix 4 orderbook table
50|Vessel type,fill,50,,Vessel type,G,False,accept,accept,conventional,blank in backend; IGU prints 'Conventional' [IGU 2026 Appendix 4 orderbook table
51|Vessel type,fill,51,,Vessel type,G,False,accept,accept,conventional,blank in backend; IGU prints 'Conventional' [IGU 2026 Appendix 4 orderbook table
52|Vessel type,fill,52,,Vessel type,G,False,accept,accept,conventional,blank in backend; IGU prints 'Conventional' [IGU 2026 Appendix 4 orderbook table
53|Vessel type,fill,53,,Vessel type,G,False,accept,accept,conventional,"blank in backend; IGU prints 'Conventional' [IGU 2026 Appendix 3 fleet table, PD"
53|Cargo type,fill,53,,Cargo type,G,False,accept,accept,membrane,"blank in backend; IGU prints 'Membrane' [IGU 2026 Appendix 3 fleet table, PDF p."
54|Vessel type,fill,54,,Vessel type,G,False,accept,accept,conventional,"blank in backend; IGU prints 'Conventional' [IGU 2026 Appendix 3 fleet table, PD"
54|Cargo type,fill,54,,Cargo type,G,False,accept,accept,membrane,"blank in backend; IGU prints 'Membrane' [IGU 2026 Appendix 3 fleet table, PDF p."
55|Vessel type,fill,55,,Vessel type,G,False,accept,accept,conventional,"blank in backend; IGU prints 'Conventional' [IGU 2026 Appendix 3 fleet table, PD"
55|Cargo type,fill,55,,Cargo type,G,False,accept,accept,membrane,"blank in backend; IGU prints 'Membrane' [IGU 2026 Appendix 3 fleet table, PDF p."
56|Vessel type,fill,56,,Vessel type,G,False,accept,accept,conventional,"blank in backend; IGU prints 'Conventional' [IGU 2026 Appendix 3 fleet table, PD"
56|Cargo type,fill,56,,Cargo type,G,False,accept,accept,membrane,"blank in backend; IGU prints 'Membrane' [IGU 2026 Appendix 3 fleet table, PDF p."
57|Vessel type,fill,57,,Vessel type,G,False,accept,accept,conventional,"blank in backend; IGU prints 'Conventional' [IGU 2026 Appendix 3 fleet table, PD"
57|Cargo type,fill,57,,Cargo type,G,False,accept,accept,membrane,"blank in backend; IGU prints 'Membrane' [IGU 2026 Appendix 3 fleet table, PDF p."
58|Vessel type,fill,58,,Vessel type,G,False,accept,accept,conventional,blank in backend; IGU prints 'Conventional' [IGU 2026 Appendix 4 orderbook table
60|Vessel type,fill,60,,Vessel type,G,False,accept,accept,conventional,blank in backend; IGU prints 'Conventional' [IGU 2026 Appendix 4 orderbook table
61|Vessel type,fill,61,,Vessel type,G,False,accept,accept,conventional,blank in backend; IGU prints 'Conventional' [IGU 2026 Appendix 4 orderbook table
62|Vessel type,fill,62,,Vessel type,G,False,accept,accept,conventional,blank in backend; IGU prints 'Conventional' [IGU 2026 Appendix 4 orderbook table
63|Vessel type,fill,63,,Vessel type,G,False,accept,accept,conventional,blank in backend; IGU prints 'Conventional' [IGU 2026 Appendix 4 orderbook table
64|Vessel type,fill,64,,Vessel type,G,False,accept,accept,conventional,blank in backend; IGU prints 'Conventional' [IGU 2026 Appendix 4 orderbook table
65|Vessel type,fill,65,,Vessel type,G,False,accept,accept,conventional,blank in backend; IGU prints 'Conventional' [IGU 2026 Appendix 4 orderbook table
66|Vessel type,fill,66,,Vessel type,G,False,accept,accept,conventional,blank in backend; IGU prints 'Conventional' [IGU 2026 Appendix 4 orderbook table
67|Vessel type,fill,67,,Vessel type,G,False,accept,accept,conventional,blank in backend; IGU prints 'Conventional' [IGU 2026 Appendix 4 orderbook table
68|Vessel type,fill,68,,Vessel type,G,False,accept,accept,conventional,blank in backend; IGU prints 'Conventional' [IGU 2026 Appendix 4 orderbook table
69|Vessel type,fill,69,,Vessel type,G,False,accept,accept,conventional,blank in backend; IGU prints 'Conventional' [IGU 2026 Appendix 4 orderbook table
71|Vessel type,fill,71,,Vessel type,G,False,accept,accept,conventional,blank in backend; IGU prints 'Conventional' [IGU 2026 Appendix 4 orderbook table
109|Vessel type,fill,109,,Vessel type,G,False,accept,accept,conventional,blank in backend; IGU prints 'Conventional' [IGU 2026 Appendix 4 orderbook table
113|Vessel type,fill,113,,Vessel type,G,False,accept,accept,conventional,"blank in backend; IGU prints 'Conventional' [IGU 2026 Appendix 3 fleet table, PD"
113|Cargo type,fill,113,,Cargo type,G,False,accept,accept,membrane,"blank in backend; IGU prints 'Membrane' [IGU 2026 Appendix 3 fleet table, PDF p."
119|Vessel type,fill,119,,Vessel type,G,False,accept,accept,conventional,blank in backend; IGU prints 'Conventional' [IGU 2026 Appendix 4 orderbook table
120|Vessel type,fill,120,,Vessel type,G,False,accept,accept,conventional,blank in backend; IGU prints 'Conventional' [IGU 2026 Appendix 4 orderbook table
122|Vessel type,fill,122,,Vessel type,G,False,accept,accept,conventional,blank in backend; IGU prints 'Conventional' [IGU 2026 Appendix 4 orderbook table
123|Vessel type,fill,123,,Vessel type,G,False,accept,accept,conventional,blank in backend; IGU prints 'Conventional' [IGU 2026 Appendix 4 orderbook table
129|Vessel type,fill,129,,Vessel type,G,False,accept,accept,conventional,blank in backend; IGU prints 'Conventional' [IGU 2026 Appendix 4 orderbook table
130|Vessel type,fill,130,,Vessel type,G,False,accept,accept,conventional,blank in backend; IGU prints 'Conventional' [IGU 2026 Appendix 4 orderbook table
131|Vessel type,fill,131,,Vessel type,G,False,accept,accept,conventional,blank in backend; IGU prints 'Conventional' [IGU 2026 Appendix 4 orderbook table
132|Vessel type,fill,132,,Vessel type,G,False,accept,accept,conventional,blank in backend; IGU prints 'Conventional' [IGU 2026 Appendix 4 orderbook table
137|Vessel type,fill,137,,Vessel type,G,False,accept,accept,conventional,blank in backend; IGU prints 'Conventional' [IGU 2026 Appendix 4 orderbook table
141|Vessel type,fill,141,,Vessel type,G,False,accept,accept,conventional,blank in backend; IGU prints 'Conventional' [IGU 2026 Appendix 4 orderbook table
144|Vessel type,fill,144,,Vessel type,G,False,accept,accept,conventional,blank in backend; IGU prints 'Conventional' [IGU 2026 Appendix 4 orderbook table
145|Vessel type,fill,145,,Vessel type,G,False,accept,accept,conventional,blank in backend; IGU prints 'Conventional' [IGU 2026 Appendix 4 orderbook table
162|Vessel type,fill,162,,Vessel type,G,False,accept,accept,conventional,blank in backend; IGU prints 'Conventional' [IGU 2026 Appendix 4 orderbook table
181|Vessel type,fill,181,,Vessel type,G,False,accept,accept,conventional,"blank in backend; IGU prints 'Conventional' [IGU 2026 Appendix 3 fleet table, PD"
181|Cargo type,fill,181,,Cargo type,G,False,accept,accept,membrane,"blank in backend; IGU prints 'Membrane' [IGU 2026 Appendix 3 fleet table, PDF p."
184|Vessel type,fill,184,,Vessel type,G,False,accept,accept,conventional,blank in backend; IGU prints 'Conventional' [IGU 2026 Appendix 4 orderbook table
185|Vessel type,fill,185,,Vessel type,G,False,accept,accept,conventional,blank in backend; IGU prints 'Conventional' [IGU 2026 Appendix 4 orderbook table
186|Vessel type,fill,186,,Vessel type,G,False,accept,accept,conventional,blank in backend; IGU prints 'Conventional' [IGU 2026 Appendix 4 orderbook table
187|Vessel type,fill,187,,Vessel type,G,False,accept,accept,conventional,blank in backend; IGU prints 'Conventional' [IGU 2026 Appendix 4 orderbook table
188|Vessel type,fill,188,,Vessel type,G,False,accept,accept,conventional,blank in backend; IGU prints 'Conventional' [IGU 2026 Appendix 4 orderbook table
189|Vessel type,fill,189,,Vessel type,G,False,accept,accept,conventional,"blank in backend; IGU prints 'Conventional' [IGU 2026 Appendix 3 fleet table, PD"
189|Cargo type,fill,189,,Cargo type,G,False,accept,accept,membrane,"blank in backend; IGU prints 'Membrane' [IGU 2026 Appendix 3 fleet table, PDF p."
190|Vessel type,fill,190,,Vessel type,G,False,accept,accept,conventional,"blank in backend; IGU prints 'Conventional' [IGU 2026 Appendix 3 fleet table, PD"
190|Cargo type,fill,190,,Cargo type,G,False,accept,accept,membrane,"blank in backend; IGU prints 'Membrane' [IGU 2026 Appendix 3 fleet table, PDF p."
191|Vessel type,fill,191,,Vessel type,G,False,accept,accept,conventional,blank in backend; IGU prints 'Conventional' [IGU 2026 Appendix 4 orderbook table
192|Vessel type,fill,192,,Vessel type,G,False,accept,accept,conventional,blank in backend; IGU prints 'Conventional' [IGU 2026 Appendix 4 orderbook table
193|Vessel type,fill,193,,Vessel type,G,False,accept,accept,conventional,blank in backend; IGU prints 'Conventional' [IGU 2026 Appendix 4 orderbook table
194|Vessel type,fill,194,,Vessel type,G,False,accept,accept,conventional,blank in backend; IGU prints 'Conventional' [IGU 2026 Appendix 4 orderbook table
195|Vessel type,fill,195,,Vessel type,G,False,accept,accept,conventional,blank in backend; IGU prints 'Conventional' [IGU 2026 Appendix 4 orderbook table
196|Vessel type,fill,196,,Vessel type,G,False,accept,accept,FSRU,"blank in backend; IGU prints 'FSRU' [IGU 2026 Appendix 4 orderbook table, PDF p."
197|Vessel type,fill,197,,Vessel type,G,False,accept,accept,conventional,blank in backend; IGU prints 'Conventional' [IGU 2026 Appendix 4 orderbook table
231|Vessel type,fill,231,,Vessel type,G,False,accept,accept,conventional,blank in backend; IGU prints 'Conventional' [IGU 2026 Appendix 4 orderbook table
232|Vessel type,fill,232,,Vessel type,G,False,accept,accept,conventional,"blank in backend; IGU prints 'Conventional' [IGU 2026 Appendix 3 fleet table, PD"
232|Cargo type,fill,232,,Cargo type,G,False,accept,accept,membrane,"blank in backend; IGU prints 'Membrane' [IGU 2026 Appendix 3 fleet table, PDF p."
233|Vessel type,fill,233,,Vessel type,G,False,accept,accept,conventional,"blank in backend; IGU prints 'Conventional' [IGU 2026 Appendix 3 fleet table, PD"
233|Cargo type,fill,233,,Cargo type,G,False,accept,accept,membrane,"blank in backend; IGU prints 'Membrane' [IGU 2026 Appendix 3 fleet table, PDF p."
235|Vessel type,fill,235,,Vessel type,G,False,accept,accept,conventional,blank in backend; IGU prints 'Conventional' [IGU 2026 Appendix 4 orderbook table
236|Vessel type,fill,236,,Vessel type,G,False,accept,accept,conventional,blank in backend; IGU prints 'Conventional' [IGU 2026 Appendix 4 orderbook table
237|Vessel type,fill,237,,Vessel type,G,False,accept,accept,conventional,blank in backend; IGU prints 'Conventional' [IGU 2026 Appendix 4 orderbook table
238|Vessel type,fill,238,,Vessel type,G,False,accept,accept,conventional,blank in backend; IGU prints 'Conventional' [IGU 2026 Appendix 4 orderbook table
241|Vessel type,fill,241,,Vessel type,G,False,accept,accept,conventional,blank in backend; IGU prints 'Conventional' [IGU 2026 Appendix 4 orderbook table
251|Vessel type,fill,251,,Vessel type,G,False,accept,accept,conventional,blank in backend; IGU prints 'Conventional' [IGU 2026 Appendix 4 orderbook table
252|Vessel type,fill,252,,Vessel type,G,False,accept,accept,conventional,blank in backend; IGU prints 'Conventional' [IGU 2026 Appendix 4 orderbook table
263|Vessel type,fill,263,,Vessel type,G,False,accept,accept,conventional,"blank in backend; IGU prints 'Conventional' [IGU 2026 Appendix 3 fleet table, PD"
263|Cargo type,fill,263,,Cargo type,G,False,accept,accept,membrane,"blank in backend; IGU prints 'Membrane' [IGU 2026 Appendix 3 fleet table, PDF p."
263|Name,fill,263,,Name,G,False,accept,accept,Fat'h Al Khair,'Hull H1799A' -> 'Fat'h Al Khair': shipvault and marinetraffic.org print the apo
264|Vessel type,fill,264,,Vessel type,G,False,accept,accept,conventional,"blank in backend; IGU prints 'Conventional' [IGU 2026 Appendix 3 fleet table, PD"
264|Cargo type,fill,264,,Cargo type,G,False,accept,accept,membrane,"blank in backend; IGU prints 'Membrane' [IGU 2026 Appendix 3 fleet table, PDF p."
265|Vessel type,fill,265,,Vessel type,G,False,accept,accept,conventional,"blank in backend; IGU prints 'Conventional' [IGU 2026 Appendix 3 fleet table, PD"
265|Cargo type,fill,265,,Cargo type,G,False,accept,accept,membrane,"blank in backend; IGU prints 'Membrane' [IGU 2026 Appendix 3 fleet table, PDF p."
268|Vessel type,fill,268,,Vessel type,G,False,accept,accept,conventional,blank in backend; IGU prints 'Conventional' [IGU 2026 Appendix 4 orderbook table
269|Vessel type,fill,269,,Vessel type,G,False,accept,accept,conventional,blank in backend; IGU prints 'Conventional' [IGU 2026 Appendix 4 orderbook table
270|Vessel type,fill,270,,Vessel type,G,False,accept,accept,conventional,blank in backend; IGU prints 'Conventional' [IGU 2026 Appendix 4 orderbook table
271|Vessel type,fill,271,,Vessel type,G,False,accept,accept,conventional,blank in backend; IGU prints 'Conventional' [IGU 2026 Appendix 4 orderbook table
271|Name,fill,271,,Name,G,False,accept,accept,Greenergy Sea,spelling: 'Greenenergy Sea' -> IGU 'Greenergy Sea' [IGU 2026 Appendix 4 orderboo
272|Vessel type,fill,272,,Vessel type,G,False,accept,accept,conventional,blank in backend; IGU prints 'Conventional' [IGU 2026 Appendix 4 orderbook table
272|Name,fill,272,,Name,G,False,accept,accept,Greenergy Whale,spelling: 'Greenenergy Whale' -> IGU 'Greenergy Whale' [IGU 2026 Appendix 4 orde
273|Vessel type,fill,273,,Vessel type,G,False,accept,accept,conventional,blank in backend; IGU prints 'Conventional' [IGU 2026 Appendix 4 orderbook table
274|Vessel type,fill,274,,Vessel type,G,False,accept,accept,conventional,blank in backend; IGU prints 'Conventional' [IGU 2026 Appendix 4 orderbook table
275|Vessel type,fill,275,,Vessel type,G,False,accept,accept,conventional,blank in backend; IGU prints 'Conventional' [IGU 2026 Appendix 4 orderbook table
278|Vessel type,fill,278,,Vessel type,G,False,accept,accept,conventional,blank in backend; IGU prints 'Conventional' [IGU 2026 Appendix 4 orderbook table
279|Vessel type,fill,279,,Vessel type,G,False,accept,accept,conventional,blank in backend; IGU prints 'Conventional' [IGU 2026 Appendix 4 orderbook table
281|Vessel type,fill,281,,Vessel type,G,False,accept,accept,conventional,blank in backend; IGU prints 'Conventional' [IGU 2026 Appendix 4 orderbook table
289|Vessel type,fill,289,,Vessel type,G,False,accept,accept,conventional,blank in backend; IGU prints 'Conventional' [IGU 2026 Appendix 4 orderbook table
318|Vessel type,fill,318,,Vessel type,G,False,accept,accept,conventional,blank in backend; IGU prints 'Conventional' [IGU 2026 Appendix 4 orderbook table
319|Vessel type,fill,319,,Vessel type,G,False,accept,accept,conventional,blank in backend; IGU prints 'Conventional' [IGU 2026 Appendix 4 orderbook table
324|Vessel type,fill,324,,Vessel type,G,False,accept,accept,conventional,blank in backend; IGU prints 'Conventional' [IGU 2026 Appendix 4 orderbook table
372|Vessel type,fill,372,,Vessel type,G,False,accept,accept,conventional,"blank in backend; IGU prints 'Conventional' [IGU 2026 Appendix 3 fleet table, PD"
372|Cargo type,fill,372,,Cargo type,G,False,accept,accept,membrane,"blank in backend; IGU prints 'Membrane' [IGU 2026 Appendix 3 fleet table, PDF p."
373|Vessel type,fill,373,,Vessel type,G,False,accept,accept,conventional,blank in backend; IGU prints 'Conventional' [IGU 2026 Appendix 4 orderbook table
375|Vessel type,fill,375,,Vessel type,G,False,accept,accept,icebreaker,"blank in backend; IGU prints 'Icebreaker' [IGU 2026 Appendix 3 fleet table, PDF "
375|Cargo type,fill,375,,Cargo type,G,False,accept,accept,membrane,blank in backend; IGU prints 'Membrane'; batch 4 (data-fill) proposes the same v
375|Propulsion type,fill,375,,Propulsion type,Y,False,hold,hold,TFDE,'DFDE' -> 'TFDE' per IGU 2026 — TFDE is not a value the backend uses today (DFDE
375|Status,fill,375,,Status,G,False,accept,accept,active,backend `on order`; IGU 2026 lists the vessel in the active fleet table (deliver
375|Delivery year,fill,375,,Delivery year,G,False,accept,accept,2025,backend 2026 -> 2025 (IGU fleet table delivery year) [IGU 2026 Appendix 3 fleet 
384|Vessel type,fill,384,,Vessel type,G,False,accept,accept,conventional,blank in backend; IGU prints 'Conventional' [IGU 2026 Appendix 4 orderbook table
386|Vessel type,fill,386,,Vessel type,G,False,accept,accept,conventional,blank in backend; IGU prints 'Conventional' [IGU 2026 Appendix 4 orderbook table
476|Vessel type,fill,476,,Vessel type,G,False,accept,accept,conventional,blank in backend; IGU prints 'Conventional' [IGU 2026 Appendix 4 orderbook table
515|Vessel type,fill,515,,Vessel type,G,False,accept,accept,conventional,blank in backend; IGU prints 'Conventional' [IGU 2026 Appendix 4 orderbook table
516|Vessel type,fill,516,,Vessel type,G,False,accept,accept,conventional,blank in backend; IGU prints 'Conventional' [IGU 2026 Appendix 4 orderbook table
517|Vessel type,fill,517,,Vessel type,G,False,accept,accept,conventional,blank in backend; IGU prints 'Conventional' [IGU 2026 Appendix 4 orderbook table
674|Vessel type,fill,674,,Vessel type,G,False,accept,accept,conventional,"blank in backend; IGU prints 'Conventional' [IGU 2026 Appendix 3 fleet table, PD"
674|Cargo type,fill,674,,Cargo type,G,False,accept,accept,membrane,"blank in backend; IGU prints 'Membrane' [IGU 2026 Appendix 3 fleet table, PDF p."
674|Propulsion type,fill,674,,Propulsion type,G,False,accept,accept,X-DF,'ME-GA' -> 'X-DF': IGU changed its own value this edition (IGU 2025: 'ME-GA') [I
708|Vessel type,fill,708,,Vessel type,G,False,accept,accept,conventional,"blank in backend; IGU prints 'Conventional' [IGU 2026 Appendix 3 fleet table, PD"
708|Cargo type,fill,708,,Cargo type,G,False,accept,accept,membrane,"blank in backend; IGU prints 'Membrane' [IGU 2026 Appendix 3 fleet table, PDF p."
709|Vessel type,fill,709,,Vessel type,G,False,accept,accept,conventional,blank in backend; IGU prints 'Conventional' [IGU 2026 Appendix 4 orderbook table
710|Vessel type,fill,710,,Vessel type,G,False,accept,accept,conventional,blank in backend; IGU prints 'Conventional' [IGU 2026 Appendix 4 orderbook table
714|Vessel type,fill,714,,Vessel type,G,False,accept,accept,conventional,"blank in backend; IGU prints 'Conventional' [IGU 2026 Appendix 3 fleet table, PD"
714|Cargo type,fill,714,,Cargo type,G,False,accept,accept,membrane,"blank in backend; IGU prints 'Membrane' [IGU 2026 Appendix 3 fleet table, PDF p."
976|Vessel type,fill,976,,Vessel type,G,False,accept,accept,conventional,"blank in backend; IGU prints 'Conventional' [IGU 2026 Appendix 3 fleet table, PD"
976|Cargo type,fill,976,,Cargo type,G,False,accept,accept,membrane,"blank in backend; IGU prints 'Membrane' [IGU 2026 Appendix 3 fleet table, PDF p."
976|Propulsion type,fill,976,,Propulsion type,G,False,accept,accept,ME-GA,'X-DF' -> 'ME-GA': IGU changed its own value this edition (IGU 2025: 'X-DF') [IG
978|Vessel type,fill,978,,Vessel type,G,False,accept,accept,conventional,blank in backend; IGU prints 'Conventional' [IGU 2026 Appendix 4 orderbook table
73|Vessel type,fill,73,,Vessel type,G,False,accept,accept,conventional,blank in backend; IGU prints 'Conventional' [IGU 2026 Appendix 4 orderbook table
76|Vessel type,fill,76,,Vessel type,G,False,accept,accept,conventional,blank in backend; IGU prints 'Conventional' [IGU 2026 Appendix 4 orderbook table
99|Vessel type,fill,99,,Vessel type,G,False,accept,accept,conventional,blank in backend; IGU prints 'Conventional' [IGU 2026 Appendix 4 orderbook table
100|Vessel type,fill,100,,Vessel type,G,False,accept,accept,conventional,blank in backend; IGU prints 'Conventional' [IGU 2026 Appendix 4 orderbook table
124|Vessel type,fill,124,,Vessel type,G,False,accept,accept,conventional,blank in backend; IGU prints 'Conventional' [IGU 2026 Appendix 4 orderbook table
125|Vessel type,fill,125,,Vessel type,G,False,accept,accept,conventional,blank in backend; IGU prints 'Conventional' [IGU 2026 Appendix 4 orderbook table
126|Vessel type,fill,126,,Vessel type,G,False,accept,accept,conventional,blank in backend; IGU prints 'Conventional' [IGU 2026 Appendix 4 orderbook table
127|Vessel type,fill,127,,Vessel type,G,False,accept,accept,conventional,blank in backend; IGU prints 'Conventional' [IGU 2026 Appendix 4 orderbook table
128|Vessel type,fill,128,,Vessel type,G,False,accept,accept,conventional,blank in backend; IGU prints 'Conventional' [IGU 2026 Appendix 4 orderbook table
135|Vessel type,fill,135,,Vessel type,G,False,accept,accept,conventional,blank in backend; IGU prints 'Conventional' [IGU 2026 Appendix 4 orderbook table
147|Vessel type,fill,147,,Vessel type,G,False,accept,accept,conventional,blank in backend; IGU prints 'Conventional' [IGU 2026 Appendix 4 orderbook table
156|Vessel type,fill,156,,Vessel type,G,False,accept,accept,conventional,blank in backend; IGU prints 'Conventional' [IGU 2026 Appendix 4 orderbook table
157|Vessel type,fill,157,,Vessel type,G,False,accept,accept,conventional,blank in backend; IGU prints 'Conventional' [IGU 2026 Appendix 4 orderbook table
198|Vessel type,fill,198,,Vessel type,G,False,accept,accept,conventional,blank in backend; IGU prints 'Conventional' [IGU 2026 Appendix 4 orderbook table
199|Vessel type,fill,199,,Vessel type,G,False,accept,accept,conventional,blank in backend; IGU prints 'Conventional' [IGU 2026 Appendix 4 orderbook table
200|Vessel type,fill,200,,Vessel type,G,False,accept,accept,conventional,blank in backend; IGU prints 'Conventional' [IGU 2026 Appendix 4 orderbook table
201|Vessel type,fill,201,,Vessel type,G,False,accept,accept,conventional,blank in backend; IGU prints 'Conventional' [IGU 2026 Appendix 4 orderbook table
202|Vessel type,fill,202,,Vessel type,G,False,accept,accept,conventional,blank in backend; IGU prints 'Conventional' [IGU 2026 Appendix 4 orderbook table
203|Vessel type,fill,203,,Vessel type,G,False,accept,accept,conventional,blank in backend; IGU prints 'Conventional' [IGU 2026 Appendix 4 orderbook table
204|Vessel type,fill,204,,Vessel type,G,False,accept,accept,conventional,blank in backend; IGU prints 'Conventional' [IGU 2026 Appendix 4 orderbook table
207|Vessel type,fill,207,,Vessel type,G,False,accept,accept,conventional,blank in backend; IGU prints 'Conventional' [IGU 2026 Appendix 4 orderbook table
208|Vessel type,fill,208,,Vessel type,G,False,accept,accept,conventional,blank in backend; IGU prints 'Conventional' [IGU 2026 Appendix 4 orderbook table
209|Vessel type,fill,209,,Vessel type,G,False,accept,accept,conventional,blank in backend; IGU prints 'Conventional' [IGU 2026 Appendix 4 orderbook table
210|Vessel type,fill,210,,Vessel type,G,False,accept,accept,conventional,blank in backend; IGU prints 'Conventional' [IGU 2026 Appendix 4 orderbook table
211|Vessel type,fill,211,,Vessel type,G,False,accept,accept,conventional,blank in backend; IGU prints 'Conventional' [IGU 2026 Appendix 4 orderbook table
212|Vessel type,fill,212,,Vessel type,G,False,accept,accept,conventional,blank in backend; IGU prints 'Conventional' [IGU 2026 Appendix 4 orderbook table
213|Vessel type,fill,213,,Vessel type,G,False,accept,accept,conventional,blank in backend; IGU prints 'Conventional' [IGU 2026 Appendix 4 orderbook table
214|Vessel type,fill,214,,Vessel type,G,False,accept,accept,conventional,blank in backend; IGU prints 'Conventional' [IGU 2026 Appendix 4 orderbook table
215|Vessel type,fill,215,,Vessel type,G,False,accept,accept,conventional,blank in backend; IGU prints 'Conventional' [IGU 2026 Appendix 4 orderbook table
216|Vessel type,fill,216,,Vessel type,G,False,accept,accept,conventional,blank in backend; IGU prints 'Conventional' [IGU 2026 Appendix 4 orderbook table
217|Vessel type,fill,217,,Vessel type,G,False,accept,accept,conventional,blank in backend; IGU prints 'Conventional' [IGU 2026 Appendix 4 orderbook table
218|Vessel type,fill,218,,Vessel type,G,False,accept,accept,conventional,blank in backend; IGU prints 'Conventional' [IGU 2026 Appendix 4 orderbook table
219|Vessel type,fill,219,,Vessel type,G,False,accept,accept,conventional,blank in backend; IGU prints 'Conventional' [IGU 2026 Appendix 4 orderbook table
220|Vessel type,fill,220,,Vessel type,G,False,accept,accept,conventional,blank in backend; IGU prints 'Conventional' [IGU 2026 Appendix 4 orderbook table
221|Vessel type,fill,221,,Vessel type,G,False,accept,accept,conventional,blank in backend; IGU prints 'Conventional' [IGU 2026 Appendix 4 orderbook table
239|Vessel type,fill,239,,Vessel type,G,False,accept,accept,conventional,blank in backend; IGU prints 'Conventional' [IGU 2026 Appendix 4 orderbook table
240|Vessel type,fill,240,,Vessel type,G,False,accept,accept,conventional,blank in backend; IGU prints 'Conventional' [IGU 2026 Appendix 4 orderbook table
242|Vessel type,fill,242,,Vessel type,G,False,accept,accept,conventional,blank in backend; IGU prints 'Conventional' [IGU 2026 Appendix 4 orderbook table
243|Vessel type,fill,243,,Vessel type,G,False,accept,accept,conventional,blank in backend; IGU prints 'Conventional' [IGU 2026 Appendix 4 orderbook table
248|Vessel type,fill,248,,Vessel type,G,False,accept,accept,conventional,blank in backend; IGU prints 'Conventional' [IGU 2026 Appendix 4 orderbook table
249|Vessel type,fill,249,,Vessel type,G,False,accept,accept,conventional,blank in backend; IGU prints 'Conventional' [IGU 2026 Appendix 4 orderbook table
253|Vessel type,fill,253,,Vessel type,G,False,accept,accept,conventional,blank in backend; IGU prints 'Conventional' [IGU 2026 Appendix 4 orderbook table
254|Vessel type,fill,254,,Vessel type,G,False,accept,accept,conventional,blank in backend; IGU prints 'Conventional' [IGU 2026 Appendix 4 orderbook table
255|Vessel type,fill,255,,Vessel type,G,False,accept,accept,conventional,blank in backend; IGU prints 'Conventional' [IGU 2026 Appendix 4 orderbook table
256|Vessel type,fill,256,,Vessel type,G,False,accept,accept,conventional,blank in backend; IGU prints 'Conventional' [IGU 2026 Appendix 4 orderbook table
258|Vessel type,fill,258,,Vessel type,G,False,accept,accept,conventional,blank in backend; IGU prints 'Conventional' [IGU 2026 Appendix 4 orderbook table
259|Vessel type,fill,259,,Vessel type,G,False,accept,accept,conventional,blank in backend; IGU prints 'Conventional' [IGU 2026 Appendix 4 orderbook table
260|Vessel type,fill,260,,Vessel type,G,False,accept,accept,conventional,blank in backend; IGU prints 'Conventional' [IGU 2026 Appendix 4 orderbook table
280|Vessel type,fill,280,,Vessel type,G,False,accept,accept,conventional,blank in backend; IGU prints 'Conventional' [IGU 2026 Appendix 4 orderbook table
387|Vessel type,fill,387,,Vessel type,G,False,accept,accept,conventional,blank in backend; IGU prints 'Conventional' [IGU 2026 Appendix 4 orderbook table
408|Vessel type,fill,408,,Vessel type,G,False,accept,accept,conventional,blank in backend; IGU prints 'Conventional' [IGU 2026 Appendix 4 orderbook table
408|Propulsion type,fill,408,,Propulsion type,G,False,accept,accept,X-DF,"blank in backend; IGU prints 'X-DF' [IGU 2026 Appendix 4 orderbook table, PDF p."
408|Capacity,fill,408,,Capacity,G,False,accept,accept,174000,blank in backend; IGU prints 174000; batch 4 (data-fill) proposes the same value
408|Capacity units,fill,408,,Capacity units,G,False,accept,accept,cbm,derivable companion of the Capacity fill (no [ref] column)
487|Vessel type,fill,487,,Vessel type,G,False,accept,accept,conventional,blank in backend; IGU prints 'Conventional' [IGU 2026 Appendix 4 orderbook table
489|Vessel type,fill,489,,Vessel type,G,False,accept,accept,conventional,blank in backend; IGU prints 'Conventional' [IGU 2026 Appendix 4 orderbook table
507|Vessel type,fill,507,,Vessel type,G,False,accept,accept,conventional,blank in backend; IGU prints 'Conventional' [IGU 2026 Appendix 4 orderbook table
510|Vessel type,fill,510,,Vessel type,G,False,accept,accept,conventional,blank in backend; IGU prints 'Conventional' [IGU 2026 Appendix 4 orderbook table
513|Vessel type,fill,513,,Vessel type,G,False,accept,accept,conventional,blank in backend; IGU prints 'Conventional' [IGU 2026 Appendix 4 orderbook table
514|Vessel type,fill,514,,Vessel type,G,False,accept,accept,conventional,blank in backend; IGU prints 'Conventional' [IGU 2026 Appendix 4 orderbook table
518|Vessel type,fill,518,,Vessel type,G,False,accept,accept,conventional,blank in backend; IGU prints 'Conventional' [IGU 2026 Appendix 4 orderbook table
519|Vessel type,fill,519,,Vessel type,G,False,accept,accept,conventional,blank in backend; IGU prints 'Conventional' [IGU 2026 Appendix 4 orderbook table
541|Vessel type,fill,541,,Vessel type,G,False,accept,accept,conventional,"blank in backend; IGU prints 'Conventional' [IGU 2026 Appendix 3 fleet table, PD"
541|Cargo type,fill,541,,Cargo type,G,False,accept,accept,membrane,"blank in backend; IGU prints 'Membrane' [IGU 2026 Appendix 3 fleet table, PDF p."
639|Vessel type,fill,639,,Vessel type,G,False,accept,accept,FSRU,blank in backend; IGU prints 'FSRU'; batch 4 (data-fill) proposes the same value
711|Vessel type,fill,711,,Vessel type,G,False,accept,accept,conventional,blank in backend; IGU prints 'Conventional' [IGU 2026 Appendix 4 orderbook table
712|Vessel type,fill,712,,Vessel type,G,False,accept,accept,conventional,blank in backend; IGU prints 'Conventional' [IGU 2026 Appendix 4 orderbook table
80|Vessel type,fill,80,,Vessel type,G,False,accept,accept,conventional,blank in backend; IGU prints 'Conventional'; batch 4 (data-fill) proposes the sa
81|Vessel type,fill,81,,Vessel type,G,False,accept,accept,conventional,blank in backend; IGU prints 'Conventional'; batch 4 (data-fill) proposes the sa
82|Vessel type,fill,82,,Vessel type,G,False,accept,accept,conventional,blank in backend; IGU prints 'Conventional'; batch 4 (data-fill) proposes the sa
83|Vessel type,fill,83,,Vessel type,G,False,accept,accept,conventional,blank in backend; IGU prints 'Conventional'; batch 4 (data-fill) proposes the sa
84|Vessel type,fill,84,,Vessel type,G,False,accept,accept,conventional,blank in backend; IGU prints 'Conventional'; batch 4 (data-fill) proposes the sa
85|Vessel type,fill,85,,Vessel type,G,False,accept,accept,conventional,blank in backend; IGU prints 'Conventional'; batch 4 (data-fill) proposes the sa
86|Vessel type,fill,86,,Vessel type,G,False,accept,accept,conventional,blank in backend; IGU prints 'Conventional'; batch 4 (data-fill) proposes the sa
88|Vessel type,fill,88,,Vessel type,G,False,accept,accept,conventional,blank in backend; IGU prints 'Conventional'; batch 4 (data-fill) proposes the sa
133|Vessel type,fill,133,,Vessel type,G,False,accept,accept,conventional,blank in backend; IGU prints 'Conventional' [IGU 2026 Appendix 4 orderbook table
134|Vessel type,fill,134,,Vessel type,G,False,accept,accept,conventional,blank in backend; IGU prints 'Conventional' [IGU 2026 Appendix 4 orderbook table
136|Vessel type,fill,136,,Vessel type,G,False,accept,accept,conventional,blank in backend; IGU prints 'Conventional' [IGU 2026 Appendix 4 orderbook table
138|Vessel type,fill,138,,Vessel type,G,False,accept,accept,conventional,blank in backend; IGU prints 'Conventional' [IGU 2026 Appendix 4 orderbook table
139|Vessel type,fill,139,,Vessel type,G,False,accept,accept,conventional,blank in backend; IGU prints 'Conventional' [IGU 2026 Appendix 4 orderbook table
140|Vessel type,fill,140,,Vessel type,G,False,accept,accept,conventional,blank in backend; IGU prints 'Conventional' [IGU 2026 Appendix 4 orderbook table
142|Vessel type,fill,142,,Vessel type,G,False,accept,accept,conventional,blank in backend; IGU prints 'Conventional' [IGU 2026 Appendix 4 orderbook table
143|Vessel type,fill,143,,Vessel type,G,False,accept,accept,conventional,blank in backend; IGU prints 'Conventional' [IGU 2026 Appendix 4 orderbook table
146|Vessel type,fill,146,,Vessel type,G,False,accept,accept,conventional,blank in backend; IGU prints 'Conventional' [IGU 2026 Appendix 4 orderbook table
148|Vessel type,fill,148,,Vessel type,G,False,accept,accept,conventional,blank in backend; IGU prints 'Conventional' [IGU 2026 Appendix 4 orderbook table
150|Vessel type,fill,150,,Vessel type,G,False,accept,accept,conventional,blank in backend; IGU prints 'Conventional' [IGU 2026 Appendix 4 orderbook table
151|Vessel type,fill,151,,Vessel type,G,False,accept,accept,conventional,blank in backend; IGU prints 'Conventional' [IGU 2026 Appendix 4 orderbook table
152|Vessel type,fill,152,,Vessel type,G,False,accept,accept,conventional,blank in backend; IGU prints 'Conventional' [IGU 2026 Appendix 4 orderbook table
153|Vessel type,fill,153,,Vessel type,G,False,accept,accept,conventional,blank in backend; IGU prints 'Conventional' [IGU 2026 Appendix 4 orderbook table
154|Vessel type,fill,154,,Vessel type,G,False,accept,accept,conventional,blank in backend; IGU prints 'Conventional' [IGU 2026 Appendix 4 orderbook table
155|Vessel type,fill,155,,Vessel type,G,False,accept,accept,conventional,blank in backend; IGU prints 'Conventional' [IGU 2026 Appendix 4 orderbook table
158|Vessel type,fill,158,,Vessel type,G,False,accept,accept,conventional,blank in backend; IGU prints 'Conventional' [IGU 2026 Appendix 4 orderbook table
159|Vessel type,fill,159,,Vessel type,G,False,accept,accept,conventional,blank in backend; IGU prints 'Conventional' [IGU 2026 Appendix 4 orderbook table
160|Vessel type,fill,160,,Vessel type,G,False,accept,accept,conventional,blank in backend; IGU prints 'Conventional' [IGU 2026 Appendix 4 orderbook table
161|Vessel type,fill,161,,Vessel type,G,False,accept,accept,conventional,blank in backend; IGU prints 'Conventional' [IGU 2026 Appendix 4 orderbook table
205|Vessel type,fill,205,,Vessel type,G,False,accept,accept,conventional,blank in backend; IGU prints 'Conventional' [IGU 2026 Appendix 4 orderbook table
206|Vessel type,fill,206,,Vessel type,G,False,accept,accept,conventional,blank in backend; IGU prints 'Conventional' [IGU 2026 Appendix 4 orderbook table
222|Vessel type,fill,222,,Vessel type,G,False,accept,accept,conventional,blank in backend; IGU prints 'Conventional' [IGU 2026 Appendix 4 orderbook table
223|Vessel type,fill,223,,Vessel type,G,False,accept,accept,conventional,blank in backend; IGU prints 'Conventional' [IGU 2026 Appendix 4 orderbook table
244|Vessel type,fill,244,,Vessel type,G,False,accept,accept,conventional,blank in backend; IGU prints 'Conventional' [IGU 2026 Appendix 4 orderbook table
245|Vessel type,fill,245,,Vessel type,G,False,accept,accept,conventional,blank in backend; IGU prints 'Conventional' [IGU 2026 Appendix 4 orderbook table
246|Vessel type,fill,246,,Vessel type,G,False,accept,accept,conventional,blank in backend; IGU prints 'Conventional' [IGU 2026 Appendix 4 orderbook table
247|Vessel type,fill,247,,Vessel type,G,False,accept,accept,conventional,blank in backend; IGU prints 'Conventional' [IGU 2026 Appendix 4 orderbook table
282|Vessel type,fill,282,,Vessel type,G,False,accept,accept,conventional,blank in backend; IGU prints 'Conventional' [IGU 2026 Appendix 4 orderbook table
283|Vessel type,fill,283,,Vessel type,G,False,accept,accept,conventional,blank in backend; IGU prints 'Conventional' [IGU 2026 Appendix 4 orderbook table
284|Vessel type,fill,284,,Vessel type,G,False,accept,accept,conventional,blank in backend; IGU prints 'Conventional' [IGU 2026 Appendix 4 orderbook table
285|Vessel type,fill,285,,Vessel type,G,False,accept,accept,conventional,blank in backend; IGU prints 'Conventional' [IGU 2026 Appendix 4 orderbook table
286|Vessel type,fill,286,,Vessel type,G,False,accept,accept,conventional,blank in backend; IGU prints 'Conventional' [IGU 2026 Appendix 4 orderbook table
287|Vessel type,fill,287,,Vessel type,G,False,accept,accept,conventional,blank in backend; IGU prints 'Conventional' [IGU 2026 Appendix 4 orderbook table
508|Vessel type,fill,508,,Vessel type,G,False,accept,accept,conventional,blank in backend; IGU prints 'Conventional' [IGU 2026 Appendix 4 orderbook table
509|Vessel type,fill,509,,Vessel type,G,False,accept,accept,conventional,blank in backend; IGU prints 'Conventional' [IGU 2026 Appendix 4 orderbook table
511|Vessel type,fill,511,,Vessel type,G,False,accept,accept,conventional,blank in backend; IGU prints 'Conventional' [IGU 2026 Appendix 4 orderbook table
512|Vessel type,fill,512,,Vessel type,G,False,accept,accept,conventional,blank in backend; IGU prints 'Conventional' [IGU 2026 Appendix 4 orderbook table
1146|Vessel type,fill,1146,,Vessel type,G,False,accept,accept,conventional,blank in backend; IGU prints 'Conventional' [IGU 2026 Appendix 4 orderbook table
1146|Propulsion type,fill,1146,,Propulsion type,G,False,accept,accept,ME-GI,"blank in backend; IGU prints 'ME-GI' [IGU 2026 Appendix 4 orderbook table, PDF p"
1147|Vessel type,fill,1147,,Vessel type,G,False,accept,accept,conventional,blank in backend; IGU prints 'Conventional' [IGU 2026 Appendix 4 orderbook table
1147|Propulsion type,fill,1147,,Propulsion type,G,False,accept,accept,ME-GI,"blank in backend; IGU prints 'ME-GI' [IGU 2026 Appendix 4 orderbook table, PDF p"
